order_id,order_date,category,region,city,unit_price,quantity,discount_pct,gross_sales,net_sales,payment_mode,customer_rating
ORD104162,2024-01-01,Electronics,East,Guwahati,49471.85,4,10,197887.38,178098.64,Debit Card,4.1
ORD103250,2024-01-01,Sports,North,Delhi,7942.65,1,25,7942.65,5956.99,UPI,3.5
ORD101137,2024-01-01,Beauty,East,Guwahati,1999.92,4,10,7999.69,7199.72,UPI,5.0
ORD102034,2024-01-01,Home & Kitchen,East,Patna,6923.09,5,0,34615.43,34615.43,UPI,4.4
ORD100648,2024-01-01,Clothing,East,Patna,3733.49,2,15,7466.97,6346.93,UPI,4.5
ORD100755,2024-01-01,Beauty,East,Patna,762.73,2,10,1525.46,1372.91,Credit Card,3.9
ORD103556,2024-01-01,Clothing,South,Hyderabad,1858.7,5,0,9293.49,9293.49,UPI,4.8
ORD100979,2024-01-01,Toys,East,Patna,3138.54,4,5,12554.15,11926.45,Net Banking,5.0
ORD101977,2024-01-01,Beauty,South,Bengaluru,2012.46,1,5,2012.46,1911.84,Credit Card,4.7
ORD103051,2024-01-01,Books,East,Guwahati,951.87,3,5,2855.6,2712.82,Credit Card,5.0
ORD102135,2024-01-02,Toys,West,Surat,1675.68,5,5,8378.38,7959.46,UPI,4.2
ORD101915,2024-01-02,Electronics,North,Lucknow,25993.48,2,10,51986.96,46788.27,UPI,3.5
ORD100268,2024-01-02,Sports,South,Bengaluru,11179.48,2,20,22358.97,17887.18,Credit Card,5.0
ORD100212,2024-01-02,Clothing,West,Mumbai,1936.64,1,10,1936.64,1742.98,UPI,4.6
ORD100068,2024-01-02,Clothing,East,Bhubaneswar,1190.48,3,0,3571.44,3571.44,Debit Card,3.7
ORD101801,2024-01-02,Electronics,East,Patna,27142.13,2,0,54284.26,54284.26,Net Banking,3.4
ORD104476,2024-01-03,Books,South,Bengaluru,663.75,4,5,2655.01,2522.26,Cash on Delivery,4.3
ORD102089,2024-01-03,Clothing,North,Delhi,2931.17,4,20,11724.68,9379.74,Cash on Delivery,3.2
ORD103741,2024-01-03,Books,East,Kolkata,732.87,4,0,2931.47,2931.47,UPI,3.3
ORD103909,2024-01-03,Clothing,West,Pune,878.93,1,10,878.93,791.04,Cash on Delivery,3.6
ORD101550,2024-01-03,Clothing,South,Bengaluru,2893.67,2,15,5787.35,4919.25,Debit Card,4.3
ORD101492,2024-01-03,Clothing,North,Chandigarh,2940.72,3,10,8822.16,7939.94,UPI,3.9
ORD100883,2024-01-03,Home & Kitchen,West,Surat,981.12,3,0,2943.35,2943.35,Debit Card,3.6
ORD104673,2024-01-03,Beauty,East,Patna,2504.93,2,0,5009.87,5009.87,Credit Card,4.4
ORD100955,2024-01-04,Books,West,Surat,560.09,1,10,560.09,504.08,UPI,4.8
ORD104080,2024-01-04,Books,West,Surat,1014.55,5,0,5072.73,5072.73,Cash on Delivery,3.0
ORD101300,2024-01-04,Electronics,North,Delhi,40337.56,1,0,40337.56,40337.56,Cash on Delivery,5.0
ORD100420,2024-01-05,Clothing,North,Jaipur,717.58,5,0,3587.88,3587.88,Credit Card,3.4
ORD101024,2024-01-05,Toys,East,Patna,332.49,2,5,664.98,631.73,Credit Card,3.3
ORD100132,2024-01-05,Beauty,North,Chandigarh,724.01,2,0,1448.02,1448.02,UPI,4.1
ORD100833,2024-01-05,Electronics,West,Surat,6664.27,3,5,19992.82,18993.18,Debit Card,3.7
ORD100721,2024-01-05,Clothing,South,Chennai,3315.53,3,0,9946.59,9946.59,Net Banking,3.7
ORD103885,2024-01-05,Sports,East,Patna,3175.69,1,15,3175.69,2699.34,UPI,3.7
ORD100951,2024-01-06,Books,South,Chennai,381.84,5,5,1909.19,1813.73,Debit Card,4.0
ORD104517,2024-01-06,Books,South,Hyderabad,654.05,3,10,1962.16,1765.94,Credit Card,5.0
ORD101687,2024-01-07,Beauty,East,Guwahati,2958.83,4,25,11835.32,8876.49,UPI,4.1
ORD102346,2024-01-07,Clothing,North,Jaipur,1190.41,4,15,4761.63,4047.39,Debit Card,4.0
ORD103358,2024-01-07,Home & Kitchen,West,Ahmedabad,5900.44,2,10,11800.88,10620.79,Cash on Delivery,4.1
ORD104611,2024-01-07,Clothing,South,Chennai,2830.65,4,0,11322.6,11322.6,UPI,3.5
ORD104362,2024-01-07,Sports,West,Pune,6440.17,4,5,25760.7,24472.66,Debit Card,3.6
ORD101618,2024-01-07,Sports,North,Lucknow,1830.61,2,5,3661.22,3478.16,Debit Card,4.8
ORD101251,2024-01-07,Books,North,Delhi,786.61,3,0,2359.84,2359.84,UPI,3.8
ORD101834,2024-01-07,Home & Kitchen,South,Bengaluru,1198.1,4,0,4792.4,4792.4,Debit Card,4.0
ORD100882,2024-01-07,Home & Kitchen,South,Chennai,803.05,2,0,1606.11,1606.11,Debit Card,4.0
ORD102941,2024-01-08,Electronics,North,Chandigarh,28831.38,3,5,86494.15,82169.44,Credit Card,3.7
ORD102011,2024-01-08,Beauty,North,Chandigarh,2434.47,1,5,2434.47,2312.74,UPI,4.0
ORD100862,2024-01-08,Clothing,South,Coimbatore,3891.69,4,5,15566.78,14788.44,UPI,2.6
ORD104929,2024-01-08,Electronics,North,Delhi,54727.27,1,20,54727.27,43781.82,Debit Card,4.0
ORD100693,2024-01-08,Beauty,West,Ahmedabad,2488.92,4,0,9955.7,9955.7,UPI,5.0
ORD103162,2024-01-08,Clothing,South,Chennai,2830.69,2,10,5661.38,5095.25,Cash on Delivery,2.9
ORD103957,2024-01-08,Electronics,East,Kolkata,29901.5,2,0,59802.99,59802.99,UPI,4.1
ORD101227,2024-01-08,Electronics,North,Lucknow,4416.19,5,15,22080.95,18768.81,UPI,3.6
ORD102513,2024-01-08,Electronics,West,Mumbai,27817.0,4,0,111268.0,111268.0,Debit Card,4.5
ORD100275,2024-01-09,Home & Kitchen,East,Guwahati,5083.57,3,0,15250.7,15250.7,Net Banking,4.6
ORD101818,2024-01-09,Toys,West,Mumbai,256.27,3,0,768.8,768.8,Credit Card,3.6
ORD100598,2024-01-09,Electronics,West,Pune,50784.97,4,0,203139.86,203139.86,Cash on Delivery,4.5
ORD102665,2024-01-10,Toys,North,Jaipur,3092.87,5,5,15464.34,14691.13,UPI,4.8
ORD102169,2024-01-10,Electronics,South,Chennai,30439.4,5,0,152197.02,152197.02,Credit Card,3.9
ORD104142,2024-01-10,Beauty,South,Bengaluru,1900.08,1,5,1900.08,1805.07,Debit Card,3.8
ORD101942,2024-01-10,Books,East,Bhubaneswar,899.83,5,20,4499.16,3599.33,UPI,4.4
ORD102498,2024-01-10,Clothing,North,Lucknow,2329.96,1,5,2329.96,2213.46,UPI,4.4
ORD100718,2024-01-10,Beauty,North,Lucknow,964.83,5,20,4824.16,3859.33,Debit Card,4.8
ORD103630,2024-01-10,Sports,East,Bhubaneswar,8707.54,2,15,17415.07,14802.81,Credit Card,3.5
ORD103992,2024-01-10,Beauty,South,Coimbatore,2947.54,2,5,5895.09,5600.34,UPI,2.8
ORD100989,2024-01-10,Home & Kitchen,East,Patna,327.74,2,5,655.48,622.71,Debit Card,4.2
ORD101778,2024-01-11,Beauty,East,Bhubaneswar,2864.32,1,10,2864.32,2577.88,Credit Card,4.3
ORD101346,2024-01-11,Toys,North,Jaipur,742.32,2,15,1484.65,1261.95,Debit Card,5.0
ORD101099,2024-01-11,Toys,South,Bengaluru,2488.64,2,15,4977.27,4230.68,UPI,2.9
ORD104569,2024-01-11,Sports,East,Kolkata,6366.87,5,15,31834.34,27059.19,UPI,3.5
ORD101515,2024-01-11,Electronics,West,Surat,53543.22,3,10,160629.66,144566.69,Debit Card,4.2
ORD102098,2024-01-12,Clothing,East,Patna,3443.34,1,5,3443.34,3271.17,UPI,4.0
ORD102680,2024-01-12,Electronics,East,Bhubaneswar,30606.76,1,10,30606.76,27546.08,UPI,4.4
ORD100687,2024-01-12,Home & Kitchen,East,Kolkata,6662.3,5,10,33311.49,29980.34,UPI,4.3
ORD102377,2024-01-12,Clothing,North,Jaipur,2616.88,5,0,13084.4,13084.4,UPI,4.7
ORD103805,2024-01-12,Books,West,Ahmedabad,176.8,4,0,707.2,707.2,UPI,3.6
ORD101400,2024-01-12,Sports,South,Hyderabad,5170.26,2,0,10340.52,10340.52,UPI,5.0
ORD102281,2024-01-12,Sports,West,Surat,944.86,5,0,4724.3,4724.3,Credit Card,3.9
ORD101986,2024-01-12,Beauty,North,Lucknow,155.86,5,15,779.31,662.42,UPI,3.2
ORD104242,2024-01-12,Electronics,West,Pune,16474.61,2,0,32949.22,32949.22,Credit Card,3.9
ORD101846,2024-01-12,Sports,South,Chennai,1000.21,4,25,4000.85,3000.64,UPI,3.3
ORD102333,2024-01-12,Sports,East,Kolkata,1383.89,3,0,4151.68,4151.68,UPI,2.3
ORD103650,2024-01-12,Sports,East,Bhubaneswar,7204.07,3,0,21612.2,21612.2,Debit Card,4.0
ORD100512,2024-01-12,Clothing,West,Ahmedabad,3653.51,2,10,7307.02,6576.32,Debit Card,4.1
ORD104923,2024-01-13,Beauty,East,Kolkata,1395.03,1,0,1395.03,1395.03,Debit Card,5.0
ORD100993,2024-01-13,Home & Kitchen,West,Ahmedabad,5505.55,3,0,16516.66,16516.66,Credit Card,3.7
ORD102454,2024-01-13,Home & Kitchen,West,Pune,4072.9,3,15,12218.71,10385.9,Credit Card,4.7
ORD104995,2024-01-13,Clothing,North,Chandigarh,2608.26,4,0,10433.05,10433.05,Credit Card,3.9
ORD103700,2024-01-13,Beauty,North,Jaipur,2782.46,3,0,8347.37,8347.37,Cash on Delivery,2.5
ORD103724,2024-01-13,Beauty,South,Chennai,1081.18,2,5,2162.36,2054.24,Credit Card,4.1
ORD102672,2024-01-13,Home & Kitchen,East,Guwahati,2520.21,2,5,5040.42,4788.4,UPI,4.0
ORD103518,2024-01-13,Electronics,North,Delhi,7670.08,1,5,7670.08,7286.57,Debit Card,4.1
ORD103599,2024-01-13,Home & Kitchen,North,Lucknow,3789.76,5,0,18948.8,18948.8,Credit Card,3.8
ORD101845,2024-01-14,Clothing,East,Bhubaneswar,1679.92,2,0,3359.84,3359.84,Credit Card,4.2
ORD103637,2024-01-14,Electronics,South,Hyderabad,11467.86,5,0,57339.31,57339.31,Debit Card,5.0
ORD100053,2024-01-14,Clothing,South,Hyderabad,1825.43,2,15,3650.87,3103.24,Credit Card,5.0
ORD102682,2024-01-14,Toys,West,Mumbai,3370.43,5,25,16852.17,12639.12,Debit Card,4.2
ORD101923,2024-01-14,Beauty,East,Patna,892.58,4,20,3570.31,2856.25,Cash on Delivery,3.7
ORD104876,2024-01-14,Clothing,South,Coimbatore,1451.53,3,0,4354.59,4354.59,Cash on Delivery,3.9
ORD101083,2024-01-15,Toys,South,Chennai,1328.53,3,10,3985.59,3587.03,UPI,5.0
ORD100097,2024-01-15,Books,West,Ahmedabad,1072.34,3,10,3217.01,2895.31,UPI,4.0
ORD100889,2024-01-15,Clothing,South,Bengaluru,3078.79,4,10,12315.15,11083.64,UPI,4.9
ORD100138,2024-01-15,Home & Kitchen,West,Ahmedabad,2442.59,1,15,2442.59,2076.2,UPI,5.0
ORD101059,2024-01-15,Clothing,West,Ahmedabad,1117.69,1,0,1117.69,1117.69,Cash on Delivery,2.5
ORD103893,2024-01-15,Clothing,East,Guwahati,1566.27,4,10,6265.1,5638.59,Cash on Delivery,4.5
ORD100490,2024-01-16,Clothing,South,Chennai,2230.94,4,15,8923.75,7585.19,UPI,3.9
ORD101462,2024-01-16,Electronics,South,Hyderabad,33792.25,2,25,67584.5,50688.38,UPI,3.9
ORD102977,2024-01-16,Electronics,East,Kolkata,2125.98,2,0,4251.97,4251.97,UPI,4.5
ORD103138,2024-01-16,Clothing,North,Lucknow,3811.26,2,0,7622.52,7622.52,UPI,4.4
ORD101422,2024-01-16,Electronics,West,Mumbai,55919.01,4,15,223676.04,190124.63,Credit Card,5.0
ORD102488,2024-01-17,Books,East,Guwahati,835.43,3,0,2506.3,2506.3,UPI,5.0
ORD101669,2024-01-17,Books,East,Kolkata,715.1,5,0,3575.49,3575.49,Debit Card,4.5
ORD101396,2024-01-17,Sports,West,Pune,2434.39,5,5,12171.96,11563.36,UPI,4.6
ORD104013,2024-01-17,Clothing,North,Lucknow,3415.43,5,5,17077.14,16223.28,UPI,4.3
ORD100340,2024-01-17,Electronics,West,Surat,47247.11,4,10,188988.43,170089.58,Debit Card,4.5
ORD103774,2024-01-17,Electronics,East,Bhubaneswar,14299.51,2,0,28599.01,28599.01,Credit Card,4.0
ORD101376,2024-01-17,Electronics,North,Delhi,7883.09,2,10,15766.18,14189.56,Cash on Delivery,4.2
ORD101314,2024-01-17,Electronics,West,Pune,7897.21,5,0,39486.03,39486.03,UPI,4.4
ORD102524,2024-01-17,Clothing,North,Lucknow,2608.52,5,20,13042.59,10434.07,Credit Card,4.4
ORD101643,2024-01-17,Home & Kitchen,North,Lucknow,2387.65,2,0,4775.29,4775.29,Debit Card,2.6
ORD104605,2024-01-17,Beauty,South,Chennai,2353.17,4,10,9412.67,8471.41,Credit Card,4.5
ORD104289,2024-01-17,Home & Kitchen,North,Lucknow,1777.37,3,0,5332.12,5332.12,Credit Card,3.9
ORD100365,2024-01-18,Clothing,South,Bengaluru,1764.26,1,10,1764.26,1587.83,UPI,2.2
ORD104552,2024-01-18,Home & Kitchen,West,Pune,2694.03,3,15,8082.1,6869.78,Debit Card,5.0
ORD101204,2024-01-18,Electronics,West,Surat,21604.03,2,0,43208.05,43208.05,UPI,5.0
ORD101203,2024-01-19,Toys,East,Bhubaneswar,1545.95,3,20,4637.84,3710.27,UPI,4.6
ORD102641,2024-01-19,Books,West,Surat,971.4,2,10,1942.8,1748.52,Cash on Delivery,5.0
ORD104259,2024-01-19,Home & Kitchen,North,Lucknow,7675.16,5,10,38375.8,34538.22,UPI,3.0
ORD102062,2024-01-19,Electronics,West,Mumbai,56068.15,5,10,280340.73,252306.66,UPI,3.5
ORD103543,2024-01-19,Beauty,East,Guwahati,2259.84,1,20,2259.84,1807.87,UPI,4.4
ORD103253,2024-01-19,Electronics,East,Guwahati,21937.51,2,0,43875.02,43875.02,UPI,5.0
ORD104853,2024-01-19,Beauty,South,Coimbatore,2710.89,3,5,8132.67,7726.04,Net Banking,4.5
ORD103940,2024-01-19,Electronics,West,Ahmedabad,12751.41,3,0,38254.22,38254.22,Credit Card,4.2
ORD100559,2024-01-19,Electronics,East,Patna,24795.28,4,0,99181.13,99181.13,Debit Card,4.5
ORD102737,2024-01-19,Sports,North,Delhi,711.75,2,10,1423.5,1281.15,Cash on Delivery,5.0
ORD104587,2024-01-19,Sports,North,Jaipur,8568.55,3,10,25705.66,23135.09,UPI,4.4
ORD102707,2024-01-20,Toys,East,Bhubaneswar,2234.45,4,0,8937.82,8937.82,Debit Card,3.3
ORD101975,2024-01-20,Books,East,Kolkata,527.15,4,5,2108.59,2003.16,Net Banking,3.6
ORD101542,2024-01-20,Clothing,North,Delhi,1161.75,4,10,4646.99,4182.29,Cash on Delivery,3.8
ORD102697,2024-01-20,Sports,North,Lucknow,3310.76,1,15,3310.76,2814.15,Credit Card,3.8
ORD103480,2024-01-20,Clothing,East,Kolkata,2260.19,5,10,11300.97,10170.88,Cash on Delivery,3.1
ORD104321,2024-01-20,Books,East,Bhubaneswar,235.47,2,25,470.93,353.2,Debit Card,3.5
ORD100390,2024-01-20,Books,North,Jaipur,428.29,2,0,856.57,856.57,Credit Card,4.2
ORD102687,2024-01-20,Home & Kitchen,South,Hyderabad,4200.63,1,5,4200.63,3990.6,Credit Card,4.0
ORD102109,2024-01-21,Beauty,East,Kolkata,2392.86,4,5,9571.42,9092.85,Cash on Delivery,4.8
ORD102847,2024-01-21,Toys,West,Mumbai,1232.8,3,0,3698.39,3698.39,UPI,4.0
ORD100006,2024-01-21,Sports,North,Lucknow,3221.13,2,15,6442.25,5475.92,UPI,5.0
ORD102482,2024-01-21,Books,South,Chennai,1023.2,3,5,3069.59,2916.11,Credit Card,4.8
ORD101907,2024-01-21,Home & Kitchen,South,Hyderabad,1945.98,4,20,7783.94,6227.15,Credit Card,4.6
ORD101716,2024-01-21,Clothing,South,Hyderabad,1738.07,5,0,8690.34,8690.34,Credit Card,4.2
ORD104484,2024-01-21,Electronics,South,Coimbatore,43512.46,1,0,43512.46,43512.46,Cash on Delivery,4.3
ORD100047,2024-01-21,Home & Kitchen,North,Chandigarh,2074.33,3,5,6223.0,5911.85,Cash on Delivery,5.0
ORD101709,2024-01-22,Toys,East,Patna,963.8,1,0,963.8,963.8,Net Banking,4.9
ORD100029,2024-01-22,Electronics,West,Pune,49494.97,1,10,49494.97,44545.47,Debit Card,4.9
ORD104228,2024-01-22,Beauty,East,Guwahati,2323.29,5,10,11616.45,10454.81,UPI,3.4
ORD103642,2024-01-22,Electronics,West,Ahmedabad,53212.15,5,20,266060.74,212848.59,Debit Card,4.0
ORD101673,2024-01-22,Clothing,East,Bhubaneswar,1246.64,3,10,3739.92,3365.93,Credit Card,3.3
ORD102885,2024-01-22,Clothing,East,Guwahati,2378.69,2,5,4757.38,4519.51,UPI,4.8
ORD101840,2024-01-22,Toys,South,Chennai,2343.82,4,20,9375.27,7500.22,Net Banking,3.7
ORD104128,2024-01-22,Home & Kitchen,South,Chennai,7206.23,2,15,14412.45,12250.59,Credit Card,4.7
ORD103525,2024-01-22,Home & Kitchen,North,Chandigarh,4762.3,3,0,14286.9,14286.9,UPI,4.4
ORD100319,2024-01-22,Clothing,East,Guwahati,2452.9,3,10,7358.7,6622.83,Net Banking,4.1
ORD104313,2024-01-22,Books,West,Ahmedabad,922.76,4,0,3691.03,3691.03,UPI,4.0
ORD103346,2024-01-23,Home & Kitchen,South,Coimbatore,1010.4,3,0,3031.21,3031.21,Credit Card,5.0
ORD100480,2024-01-23,Home & Kitchen,West,Pune,2754.04,2,10,5508.07,4957.27,Debit Card,5.0
ORD103697,2024-01-23,Electronics,North,Delhi,33869.99,4,15,135479.96,115157.97,UPI,3.7
ORD100745,2024-01-23,Toys,North,Jaipur,273.02,3,10,819.07,737.17,Credit Card,4.6
ORD103626,2024-01-23,Books,West,Mumbai,868.82,2,5,1737.64,1650.75,Debit Card,5.0
ORD102642,2024-01-23,Home & Kitchen,East,Guwahati,7795.73,4,10,31182.94,28064.64,UPI,3.8
ORD101041,2024-01-23,Clothing,East,Kolkata,434.21,3,0,1302.63,1302.63,Cash on Delivery,4.0
ORD101104,2024-01-23,Clothing,East,Bhubaneswar,2887.77,2,0,5775.54,5775.54,UPI,4.3
ORD101879,2024-01-24,Books,West,Pune,704.64,3,0,2113.91,2113.91,Cash on Delivery,4.2
ORD101164,2024-01-25,Books,West,Pune,182.95,3,20,548.85,439.08,UPI,4.5
ORD104627,2024-01-25,Toys,East,Kolkata,1862.55,2,0,3725.09,3725.09,UPI,4.0
ORD100905,2024-01-25,Sports,East,Kolkata,10010.51,4,20,40042.03,32033.62,Debit Card,3.8
ORD100577,2024-01-25,Clothing,West,Ahmedabad,1941.75,4,0,7766.99,7766.99,Credit Card,3.6
ORD103859,2024-01-25,Electronics,West,Ahmedabad,38548.92,2,0,77097.83,77097.83,UPI,4.2
ORD102368,2024-01-25,Home & Kitchen,East,Patna,1901.03,3,0,5703.08,5703.08,Cash on Delivery,3.8
ORD101382,2024-01-25,Electronics,North,Delhi,35310.5,2,10,70620.99,63558.89,Credit Card,3.2
ORD104357,2024-01-25,Beauty,East,Bhubaneswar,2685.74,5,10,13428.72,12085.85,UPI,3.6
ORD103554,2024-01-25,Home & Kitchen,South,Hyderabad,7240.26,1,5,7240.26,6878.25,Debit Card,4.4
ORD102922,2024-01-26,Books,East,Kolkata,1107.64,5,20,5538.21,4430.57,UPI,3.7
ORD100965,2024-01-26,Beauty,East,Patna,2965.15,5,0,14825.77,14825.77,UPI,3.1
ORD100860,2024-01-26,Toys,South,Chennai,1972.12,1,5,1972.12,1873.52,Debit Card,5.0
ORD103174,2024-01-26,Clothing,North,Lucknow,2686.92,2,10,5373.85,4836.46,Credit Card,4.5
ORD103858,2024-01-26,Books,West,Ahmedabad,232.47,4,5,929.87,883.37,UPI,3.5
ORD102167,2024-01-26,Clothing,West,Surat,3205.86,5,0,16029.31,16029.31,Net Banking,4.5
ORD101741,2024-01-27,Clothing,North,Chandigarh,532.51,1,0,532.51,532.51,Debit Card,3.9
ORD104809,2024-01-27,Books,West,Mumbai,259.45,3,10,778.36,700.52,Debit Card,4.0
ORD101322,2024-01-27,Home & Kitchen,West,Surat,6950.25,5,0,34751.26,34751.26,UPI,4.2
ORD103609,2024-01-27,Home & Kitchen,West,Mumbai,6482.32,3,0,19446.97,19446.97,Credit Card,5.0
ORD100327,2024-01-27,Home & Kitchen,East,Kolkata,5295.66,2,10,10591.32,9532.19,Cash on Delivery,3.2
ORD103742,2024-01-28,Electronics,North,Delhi,55716.8,5,10,278583.99,250725.59,Debit Card,3.4
ORD101929,2024-01-28,Books,East,Kolkata,712.11,3,0,2136.33,2136.33,Debit Card,4.0
ORD100163,2024-01-28,Electronics,West,Surat,4312.62,3,10,12937.86,11644.07,UPI,3.7
ORD100873,2024-01-28,Sports,East,Guwahati,7417.22,3,0,22251.65,22251.65,Credit Card,2.9
ORD102871,2024-01-28,Books,West,Ahmedabad,672.5,5,0,3362.51,3362.51,Debit Card,3.7
ORD100893,2024-01-28,Electronics,West,Pune,25282.49,5,5,126412.46,120091.83,Credit Card,5.0
ORD100116,2024-01-28,Books,East,Bhubaneswar,1044.82,1,10,1044.82,940.34,Debit Card,4.0
ORD101125,2024-01-29,Electronics,North,Jaipur,11573.03,4,5,46292.12,43977.51,Debit Card,4.3
ORD102496,2024-01-29,Clothing,West,Pune,1837.79,5,0,9188.94,9188.94,Cash on Delivery,5.0
ORD104279,2024-01-29,Electronics,South,Coimbatore,42852.32,1,0,42852.32,42852.32,UPI,4.4
ORD101343,2024-01-29,Electronics,South,Hyderabad,45706.16,2,10,91412.33,82271.09,UPI,4.3
ORD100612,2024-01-29,Sports,North,Chandigarh,2640.78,5,0,13203.9,13203.9,Net Banking,4.8
ORD104930,2024-01-29,Electronics,East,Kolkata,4604.08,2,5,9208.15,8747.75,UPI,4.5
ORD101688,2024-01-29,Sports,West,Pune,2443.33,1,10,2443.33,2198.99,Credit Card,4.8
ORD101303,2024-01-29,Electronics,West,Mumbai,56629.31,5,10,283146.55,254831.89,Credit Card,3.4
ORD101477,2024-01-29,Books,East,Bhubaneswar,399.68,3,20,1199.03,959.23,UPI,3.9
ORD102644,2024-01-30,Books,East,Guwahati,1037.86,5,0,5189.29,5189.29,Credit Card,4.1
ORD103643,2024-01-30,Electronics,East,Kolkata,27173.64,3,10,81520.92,73368.83,Debit Card,4.8
ORD103337,2024-01-30,Beauty,North,Lucknow,2092.84,1,15,2092.84,1778.91,UPI,3.2
ORD103382,2024-01-31,Electronics,South,Hyderabad,41636.02,1,0,41636.02,41636.02,Net Banking,4.4
ORD103728,2024-01-31,Home & Kitchen,South,Hyderabad,2434.37,1,15,2434.37,2069.21,UPI,4.2
ORD103623,2024-01-31,Books,West,Surat,565.61,2,10,1131.22,1018.1,UPI,4.6
ORD101621,2024-01-31,Sports,South,Hyderabad,10887.84,2,5,21775.67,20686.89,UPI,4.3
ORD102904,2024-02-01,Toys,West,Ahmedabad,3488.28,5,25,17441.39,13081.04,Credit Card,3.9
ORD104135,2024-02-01,Beauty,East,Bhubaneswar,845.88,4,10,3383.51,3045.16,UPI,3.5
ORD101194,2024-02-01,Electronics,East,Kolkata,32082.97,5,0,160414.83,160414.83,Credit Card,4.6
ORD104255,2024-02-02,Sports,East,Kolkata,7630.75,3,10,22892.24,20603.01,Debit Card,4.1
ORD101689,2024-02-02,Electronics,South,Chennai,17858.84,3,20,53576.53,42861.22,Debit Card,4.2
ORD100314,2024-02-02,Clothing,South,Chennai,2668.72,3,0,8006.15,8006.15,Cash on Delivery,4.5
ORD100119,2024-02-02,Home & Kitchen,North,Delhi,2661.16,3,15,7983.48,6785.95,Credit Card,3.0
ORD103801,2024-02-02,Toys,West,Mumbai,2785.22,5,10,13926.09,12533.48,UPI,4.5
ORD100916,2024-02-03,Clothing,West,Mumbai,324.01,4,5,1296.04,1231.24,UPI,3.9
ORD101313,2024-02-03,Electronics,North,Chandigarh,9434.45,5,5,47172.24,44813.63,Credit Card,3.4
ORD100762,2024-02-03,Books,West,Mumbai,407.41,3,0,1222.23,1222.23,UPI,5.0
ORD100063,2024-02-04,Electronics,North,Lucknow,15783.45,2,0,31566.91,31566.91,Credit Card,3.1
ORD101871,2024-02-04,Beauty,West,Pune,2844.08,2,10,5688.16,5119.34,UPI,3.7
ORD103409,2024-02-04,Beauty,East,Bhubaneswar,1550.46,2,10,3100.92,2790.82,Credit Card,5.0
ORD103157,2024-02-04,Clothing,North,Delhi,1204.62,5,0,6023.11,6023.11,Net Banking,4.0
ORD100517,2024-02-04,Clothing,South,Bengaluru,703.3,3,10,2109.9,1898.91,Cash on Delivery,2.7
ORD103144,2024-02-04,Clothing,North,Jaipur,3485.5,5,15,17427.51,14813.38,Credit Card,4.8
ORD101979,2024-02-04,Electronics,North,Jaipur,40392.9,2,10,80785.8,72707.22,Net Banking,3.6
ORD104996,2024-02-05,Sports,West,Mumbai,8490.24,3,25,25470.73,19103.05,Debit Card,4.0
ORD100388,2024-02-05,Clothing,East,Kolkata,2415.06,5,0,12075.28,12075.28,Net Banking,4.3
ORD102234,2024-02-05,Home & Kitchen,South,Coimbatore,3656.64,4,10,14626.55,13163.89,Credit Card,5.0
ORD100152,2024-02-05,Electronics,North,Chandigarh,10012.66,5,10,50063.28,45056.95,Debit Card,3.1
ORD102153,2024-02-05,Books,North,Chandigarh,885.76,2,25,1771.52,1328.64,UPI,3.6
ORD101581,2024-02-06,Books,North,Jaipur,546.7,1,25,546.7,410.02,UPI,4.2
ORD100349,2024-02-06,Books,North,Lucknow,669.57,5,10,3347.85,3013.06,UPI,3.2
ORD101661,2024-02-06,Clothing,West,Mumbai,3391.75,2,15,6783.5,5765.98,Debit Card,5.0
ORD100273,2024-02-06,Electronics,South,Coimbatore,19695.65,3,5,59086.94,56132.59,Credit Card,4.0
ORD100546,2024-02-06,Sports,East,Kolkata,5702.8,1,0,5702.8,5702.8,UPI,4.3
ORD100321,2024-02-07,Beauty,North,Jaipur,2071.46,2,10,4142.93,3728.63,UPI,3.3
ORD104480,2024-02-07,Electronics,East,Bhubaneswar,52213.23,5,15,261066.17,221906.25,UPI,4.2
ORD101575,2024-02-07,Clothing,North,Chandigarh,472.2,3,10,1416.59,1274.93,Debit Card,4.1
ORD102704,2024-02-07,Clothing,East,Patna,1604.66,2,0,3209.31,3209.31,Net Banking,3.6
ORD104108,2024-02-07,Books,North,Jaipur,964.88,4,5,3859.53,3666.56,UPI,3.5
ORD101454,2024-02-08,Beauty,South,Hyderabad,2761.27,1,0,2761.27,2761.27,UPI,4.5
ORD100895,2024-02-08,Electronics,East,Kolkata,48768.86,1,10,48768.86,43891.98,Net Banking,5.0
ORD101476,2024-02-08,Sports,West,Surat,10210.73,4,10,40842.93,36758.64,UPI,3.7
ORD103963,2024-02-08,Books,South,Hyderabad,974.77,3,20,2924.32,2339.46,Credit Card,4.1
ORD101383,2024-02-08,Toys,North,Chandigarh,1171.89,4,0,4687.56,4687.56,Cash on Delivery,3.0
ORD104398,2024-02-08,Clothing,East,Patna,1482.59,1,5,1482.59,1408.46,Cash on Delivery,3.2
ORD101702,2024-02-08,Books,North,Lucknow,840.87,4,10,3363.49,3027.14,Cash on Delivery,4.7
ORD102146,2024-02-08,Books,West,Mumbai,555.2,3,10,1665.6,1499.04,Net Banking,4.1
ORD100381,2024-02-08,Home & Kitchen,South,Chennai,375.53,5,5,1877.67,1783.79,Credit Card,4.0
ORD104520,2024-02-08,Clothing,East,Bhubaneswar,2136.49,1,10,2136.49,1922.84,UPI,3.8
ORD100636,2024-02-08,Beauty,South,Bengaluru,1934.27,5,15,9671.35,8220.65,Credit Card,3.4
ORD101050,2024-02-08,Sports,West,Surat,3720.46,3,15,11161.39,9487.19,UPI,2.8
ORD102598,2024-02-08,Electronics,South,Chennai,9794.78,2,0,19589.55,19589.55,Cash on Delivery,4.0
ORD100584,2024-02-08,Clothing,East,Patna,3118.68,2,15,6237.36,5301.76,Debit Card,4.2
ORD104990,2024-02-08,Electronics,East,Kolkata,57444.25,2,0,114888.51,114888.51,Debit Card,5.0
ORD101997,2024-02-08,Sports,North,Chandigarh,4165.33,4,5,16661.34,15828.27,UPI,3.1
ORD101596,2024-02-09,Beauty,South,Coimbatore,2774.47,3,5,8323.4,7907.23,Cash on Delivery,5.0
ORD104676,2024-02-09,Clothing,West,Surat,1165.37,1,0,1165.37,1165.37,Net Banking,4.7
ORD100947,2024-02-09,Books,West,Mumbai,1082.78,1,0,1082.78,1082.78,Net Banking,3.1
ORD101586,2024-02-09,Home & Kitchen,North,Lucknow,1751.64,2,15,3503.28,2977.79,UPI,5.0
ORD104075,2024-02-09,Beauty,South,Chennai,550.11,2,5,1100.22,1045.21,UPI,5.0
ORD104739,2024-02-09,Electronics,East,Guwahati,23807.41,1,20,23807.41,19045.93,Net Banking,3.1
ORD102963,2024-02-09,Home & Kitchen,South,Chennai,588.43,2,0,1176.86,1176.86,UPI,4.3
ORD101595,2024-02-09,Sports,North,Jaipur,8648.27,4,20,34593.07,27674.45,UPI,5.0
ORD101569,2024-02-09,Sports,East,Guwahati,1854.07,5,5,9270.33,8806.81,UPI,3.5
ORD103240,2024-02-10,Toys,East,Kolkata,1030.28,2,10,2060.56,1854.5,Net Banking,4.5
ORD100703,2024-02-10,Electronics,East,Bhubaneswar,38266.98,3,0,114800.95,114800.95,UPI,5.0
ORD104029,2024-02-10,Sports,East,Guwahati,6117.82,5,5,30589.12,29059.66,Credit Card,3.5
ORD104393,2024-02-10,Toys,South,Chennai,307.02,3,0,921.07,921.07,Net Banking,3.6
ORD100095,2024-02-10,Books,East,Kolkata,480.36,3,10,1441.08,1296.97,UPI,2.7
ORD103344,2024-02-10,Sports,South,Coimbatore,6464.06,2,25,12928.13,9696.1,UPI,4.9
ORD103127,2024-02-10,Clothing,West,Mumbai,316.34,3,15,949.03,806.67,UPI,4.5
ORD103289,2024-02-10,Electronics,North,Jaipur,57208.02,3,10,171624.07,154461.67,UPI,4.7
ORD101312,2024-02-10,Books,West,Surat,547.13,5,0,2735.67,2735.67,Cash on Delivery,3.8
ORD100115,2024-02-10,Home & Kitchen,North,Delhi,862.74,5,0,4313.69,4313.69,UPI,3.3
ORD103028,2024-02-10,Clothing,West,Pune,3702.01,2,0,7404.02,7404.02,Credit Card,4.7
ORD101310,2024-02-11,Electronics,South,Hyderabad,32415.4,1,0,32415.4,32415.4,UPI,5.0
ORD100587,2024-02-11,Beauty,South,Bengaluru,1396.84,5,0,6984.22,6984.22,UPI,4.8
ORD101031,2024-02-11,Clothing,West,Surat,1732.59,2,15,3465.18,2945.41,Cash on Delivery,4.2
ORD101381,2024-02-11,Toys,West,Pune,2126.2,4,15,8504.79,7229.08,Debit Card,2.9
ORD102336,2024-02-11,Electronics,South,Coimbatore,35110.77,3,0,105332.3,105332.3,UPI,2.6
ORD104391,2024-02-12,Beauty,North,Chandigarh,2150.54,5,5,10752.72,10215.08,Credit Card,4.6
ORD102872,2024-02-12,Clothing,North,Delhi,2482.48,5,25,12412.38,9309.28,Debit Card,4.0
ORD102517,2024-02-12,Electronics,East,Patna,49809.41,4,5,199237.63,189275.75,UPI,3.8
ORD102388,2024-02-12,Home & Kitchen,East,Patna,963.62,1,10,963.62,867.26,Credit Card,4.9
ORD100814,2024-02-12,Toys,South,Bengaluru,260.08,1,5,260.08,247.07,UPI,5.0
ORD104196,2024-02-12,Home & Kitchen,North,Chandigarh,3065.14,4,0,12260.54,12260.54,UPI,3.4
ORD104911,2024-02-12,Clothing,East,Bhubaneswar,389.44,1,20,389.44,311.56,UPI,3.6
ORD102103,2024-02-12,Toys,North,Delhi,1644.8,5,15,8224.0,6990.4,Credit Card,3.4
ORD100508,2024-02-12,Electronics,East,Guwahati,48912.47,2,5,97824.95,92933.7,UPI,5.0
ORD102926,2024-02-13,Clothing,West,Ahmedabad,590.11,2,0,1180.22,1180.22,Credit Card,3.9
ORD103970,2024-02-13,Electronics,North,Chandigarh,44386.26,4,25,177545.06,133158.79,Credit Card,4.2
ORD103761,2024-02-13,Electronics,South,Chennai,22905.41,1,25,22905.41,17179.06,Cash on Delivery,4.6
ORD101395,2024-02-13,Books,South,Chennai,356.04,4,5,1424.17,1352.97,Net Banking,3.3
ORD102630,2024-02-13,Electronics,West,Pune,33818.37,5,0,169091.84,169091.84,Net Banking,3.9
ORD104714,2024-02-13,Home & Kitchen,North,Chandigarh,3942.17,5,20,19710.86,15768.69,Net Banking,3.1
ORD103822,2024-02-14,Electronics,East,Kolkata,34205.37,2,10,68410.75,61569.67,Debit Card,4.8
ORD104939,2024-02-14,Books,West,Surat,152.84,4,25,611.36,458.52,Debit Card,3.4
ORD103582,2024-02-14,Sports,West,Ahmedabad,11387.61,2,15,22775.22,19358.94,Cash on Delivery,3.0
ORD104543,2024-02-14,Electronics,East,Patna,29470.41,4,15,117881.64,100199.4,UPI,3.3
ORD100844,2024-02-15,Clothing,West,Ahmedabad,820.57,4,5,3282.29,3118.18,Debit Card,3.5
ORD101639,2024-02-15,Clothing,North,Delhi,3252.66,4,5,13010.65,12360.12,Credit Card,4.9
ORD100345,2024-02-15,Books,East,Patna,567.52,4,10,2270.07,2043.06,UPI,3.7
ORD104370,2024-02-15,Toys,West,Surat,3164.32,5,10,15821.58,14239.42,UPI,3.9
ORD101790,2024-02-15,Sports,South,Bengaluru,11069.07,5,0,55345.33,55345.33,Cash on Delivery,4.3
ORD103046,2024-02-16,Electronics,West,Ahmedabad,4331.79,4,0,17327.15,17327.15,Debit Card,2.9
ORD104124,2024-02-16,Home & Kitchen,West,Ahmedabad,3356.97,5,20,16784.86,13427.89,UPI,2.9
ORD101088,2024-02-16,Clothing,North,Lucknow,1452.09,1,5,1452.09,1379.49,Credit Card,3.2
ORD100675,2024-02-16,Clothing,South,Coimbatore,848.01,3,5,2544.03,2416.83,UPI,5.0
ORD100467,2024-02-16,Clothing,West,Mumbai,3420.87,5,10,17104.36,15393.93,Cash on Delivery,4.3
ORD101537,2024-02-16,Clothing,South,Hyderabad,984.22,3,5,2952.67,2805.03,Credit Card,3.5
ORD100424,2024-02-16,Sports,South,Hyderabad,9230.44,5,0,46152.18,46152.18,UPI,3.6
ORD101420,2024-02-16,Clothing,South,Hyderabad,3331.27,1,0,3331.27,3331.27,Cash on Delivery,4.8
ORD104404,2024-02-16,Beauty,South,Coimbatore,2262.11,1,0,2262.11,2262.11,Net Banking,3.6
ORD100850,2024-02-16,Home & Kitchen,South,Bengaluru,1893.81,5,5,9469.06,8995.61,UPI,3.3
ORD102756,2024-02-16,Home & Kitchen,East,Bhubaneswar,669.49,3,0,2008.47,2008.47,Credit Card,4.4
ORD104698,2024-02-17,Electronics,West,Ahmedabad,45479.47,3,0,136438.4,136438.4,UPI,4.9
ORD104860,2024-02-17,Clothing,West,Ahmedabad,1573.26,1,5,1573.26,1494.6,UPI,4.4
ORD100857,2024-02-17,Electronics,West,Ahmedabad,28252.04,4,0,113008.15,113008.15,UPI,4.4
ORD103509,2024-02-17,Clothing,North,Jaipur,2540.23,4,0,10160.91,10160.91,UPI,2.8
ORD100120,2024-02-17,Home & Kitchen,South,Coimbatore,5544.36,4,20,22177.44,17741.96,Net Banking,4.1
ORD102177,2024-02-18,Beauty,North,Lucknow,1048.16,4,5,4192.64,3983.0,Credit Card,4.7
ORD101176,2024-02-18,Sports,North,Jaipur,5648.31,5,5,28241.55,26829.48,UPI,4.1
ORD100338,2024-02-18,Books,East,Patna,1092.79,5,10,5463.97,4917.57,UPI,4.6
ORD102782,2024-02-18,Sports,East,Bhubaneswar,657.07,5,0,3285.33,3285.33,Net Banking,3.6
ORD103320,2024-02-18,Books,East,Kolkata,555.0,5,5,2774.98,2636.24,Credit Card,4.2
ORD103872,2024-02-18,Beauty,North,Jaipur,2569.84,1,0,2569.84,2569.84,Debit Card,4.0
ORD104992,2024-02-18,Clothing,West,Mumbai,1442.42,2,0,2884.83,2884.83,UPI,5.0
ORD104663,2024-02-18,Toys,East,Guwahati,2085.23,4,0,8340.92,8340.92,Credit Card,4.1
ORD103756,2024-02-18,Toys,North,Chandigarh,1594.98,1,0,1594.98,1594.98,UPI,4.7
ORD103220,2024-02-18,Sports,North,Lucknow,7141.87,2,5,14283.73,13569.55,Credit Card,4.4
ORD104972,2024-02-19,Toys,East,Patna,819.76,3,0,2459.29,2459.29,UPI,2.8
ORD103921,2024-02-19,Sports,East,Guwahati,7376.25,5,25,36881.27,27660.95,Credit Card,3.8
ORD102770,2024-02-19,Electronics,North,Delhi,42084.14,3,5,126252.41,119939.79,Cash on Delivery,3.3
ORD102181,2024-02-19,Clothing,West,Surat,645.9,4,0,2583.61,2583.61,Debit Card,2.6
ORD104257,2024-02-19,Beauty,South,Chennai,324.56,2,0,649.12,649.12,Cash on Delivery,3.6
ORD101124,2024-02-20,Electronics,West,Mumbai,19032.32,2,0,38064.65,38064.65,Credit Card,3.6
ORD100400,2024-02-20,Clothing,East,Patna,397.3,4,5,1589.21,1509.75,UPI,3.4
ORD100756,2024-02-20,Sports,South,Hyderabad,8661.72,4,15,34646.88,29449.85,UPI,3.5
ORD100831,2024-02-20,Books,North,Chandigarh,864.06,4,0,3456.26,3456.26,Debit Card,3.2
ORD101235,2024-02-20,Toys,West,Pune,417.26,5,5,2086.32,1982.01,Debit Card,4.6
ORD102117,2024-02-20,Sports,East,Patna,2422.0,4,5,9688.01,9203.61,Cash on Delivery,3.8
ORD104503,2024-02-21,Electronics,West,Ahmedabad,32941.33,3,0,98823.98,98823.98,UPI,4.2
ORD100810,2024-02-22,Home & Kitchen,North,Delhi,2608.98,4,10,10435.93,9392.33,Credit Card,2.7
ORD100417,2024-02-22,Beauty,East,Bhubaneswar,2836.44,3,10,8509.31,7658.38,Credit Card,3.6
ORD100221,2024-02-22,Toys,South,Coimbatore,3498.24,1,0,3498.24,3498.24,Credit Card,4.9
ORD100090,2024-02-22,Toys,West,Ahmedabad,2984.8,2,0,5969.6,5969.6,Credit Card,4.3
ORD101275,2024-02-22,Sports,West,Ahmedabad,4341.69,2,5,8683.38,8249.21,Cash on Delivery,4.6
ORD103762,2024-02-22,Home & Kitchen,West,Surat,3565.76,4,15,14263.03,12123.57,Cash on Delivery,4.3
ORD103619,2024-02-22,Home & Kitchen,North,Chandigarh,5737.32,1,0,5737.32,5737.32,UPI,5.0
ORD102038,2024-02-22,Toys,South,Chennai,603.63,4,0,2414.54,2414.54,Cash on Delivery,3.8
ORD103640,2024-02-22,Books,South,Hyderabad,1077.87,1,10,1077.87,970.09,UPI,3.6
ORD101231,2024-02-23,Home & Kitchen,South,Chennai,1233.88,5,20,6169.4,4935.52,Credit Card,4.0
ORD104377,2024-02-23,Sports,South,Chennai,11101.98,3,5,33305.93,31640.63,UPI,3.8
ORD100413,2024-02-23,Electronics,East,Patna,37152.55,4,0,148610.2,148610.2,UPI,4.3
ORD100283,2024-02-23,Books,North,Jaipur,1024.87,3,0,3074.61,3074.61,Credit Card,3.9
ORD103758,2024-02-23,Electronics,East,Patna,3991.18,1,5,3991.18,3791.62,Debit Card,4.5
ORD101536,2024-02-23,Home & Kitchen,North,Lucknow,1816.87,4,15,7267.47,6177.35,Debit Card,2.6
ORD104734,2024-02-23,Books,North,Chandigarh,794.93,2,0,1589.87,1589.87,UPI,4.6
ORD100774,2024-02-23,Sports,North,Lucknow,482.61,4,5,1930.43,1833.91,Cash on Delivery,4.5
ORD102718,2024-02-24,Clothing,South,Chennai,1347.13,2,20,2694.27,2155.41,Debit Card,2.7
ORD101354,2024-02-24,Books,North,Chandigarh,988.26,1,5,988.26,938.85,Net Banking,4.6
ORD102280,2024-02-24,Beauty,East,Patna,732.13,3,5,2196.38,2086.56,Debit Card,2.3
ORD101222,2024-02-24,Sports,West,Pune,10773.21,4,0,43092.82,43092.82,Credit Card,4.2
ORD101216,2024-02-24,Sports,South,Hyderabad,3051.49,3,0,9154.48,9154.48,Debit Card,3.6
ORD103802,2024-02-24,Toys,West,Mumbai,1357.77,2,10,2715.55,2443.99,UPI,3.6
ORD100854,2024-02-25,Home & Kitchen,North,Lucknow,637.03,2,25,1274.05,955.54,Net Banking,3.6
ORD102402,2024-02-25,Sports,East,Bhubaneswar,1244.59,4,0,4978.37,4978.37,Debit Card,4.5
ORD104982,2024-02-25,Beauty,West,Pune,2194.44,3,5,6583.33,6254.16,Cash on Delivery,3.8
ORD100869,2024-02-25,Electronics,North,Lucknow,12620.0,4,20,50479.99,40383.99,UPI,4.2
ORD104795,2024-02-25,Clothing,South,Chennai,658.9,4,10,2635.62,2372.05,UPI,4.7
ORD103540,2024-02-26,Toys,South,Hyderabad,3403.74,2,5,6807.47,6467.1,Debit Card,3.3
ORD102706,2024-02-26,Home & Kitchen,South,Chennai,3488.33,4,0,13953.33,13953.33,Net Banking,3.2
ORD102887,2024-02-26,Home & Kitchen,South,Chennai,1994.77,5,0,9973.86,9973.86,Credit Card,5.0
ORD104648,2024-02-26,Sports,East,Kolkata,782.79,3,0,2348.38,2348.38,Credit Card,3.4
ORD100643,2024-02-27,Home & Kitchen,East,Patna,1205.71,3,0,3617.13,3617.13,Credit Card,3.8
ORD102921,2024-02-27,Sports,North,Chandigarh,1831.53,1,0,1831.53,1831.53,Cash on Delivery,5.0
ORD102255,2024-02-27,Home & Kitchen,East,Bhubaneswar,7486.69,2,5,14973.38,14224.71,Debit Card,4.7
ORD104022,2024-02-27,Electronics,East,Guwahati,10617.73,4,5,42470.91,40347.36,UPI,4.1
ORD100442,2024-02-27,Clothing,East,Guwahati,964.15,5,0,4820.75,4820.75,Credit Card,3.5
ORD100659,2024-02-27,Home & Kitchen,East,Bhubaneswar,1878.82,2,5,3757.63,3569.75,Debit Card,4.7
ORD100435,2024-02-27,Electronics,East,Guwahati,36396.19,4,5,145584.74,138305.51,UPI,3.0
ORD101284,2024-02-28,Home & Kitchen,North,Chandigarh,2429.0,3,10,7286.99,6558.29,Cash on Delivery,3.6
ORD103824,2024-02-28,Clothing,North,Lucknow,1849.47,3,25,5548.41,4161.31,Debit Card,4.1
ORD100033,2024-02-28,Clothing,West,Ahmedabad,528.98,4,5,2115.91,2010.11,Cash on Delivery,3.5
ORD101868,2024-02-28,Home & Kitchen,South,Coimbatore,7308.23,4,0,29232.92,29232.92,Debit Card,4.4
ORD103416,2024-02-28,Beauty,South,Coimbatore,2334.79,5,5,11673.94,11090.24,Debit Card,3.9
ORD101982,2024-02-28,Clothing,East,Bhubaneswar,2643.52,5,5,13217.58,12556.7,UPI,3.2
ORD104738,2024-02-28,Home & Kitchen,West,Ahmedabad,7606.05,3,5,22818.14,21677.23,UPI,2.7
ORD103647,2024-02-28,Home & Kitchen,North,Chandigarh,339.94,3,20,1019.83,815.87,Credit Card,4.8
ORD104677,2024-02-28,Home & Kitchen,West,Pune,1603.04,5,15,8015.19,6812.91,Cash on Delivery,3.0
ORD104910,2024-02-28,Electronics,North,Jaipur,27753.69,3,15,83261.06,70771.9,Debit Card,4.2
ORD104341,2024-02-28,Toys,North,Lucknow,731.33,5,0,3656.63,3656.63,Net Banking,4.1
ORD104254,2024-02-28,Clothing,South,Chennai,3581.54,3,5,10744.62,10207.38,UPI,3.9
ORD104988,2024-02-29,Sports,South,Bengaluru,5926.28,2,0,11852.56,11852.56,Debit Card,3.8
ORD102726,2024-02-29,Electronics,West,Pune,43630.92,2,0,87261.84,87261.84,UPI,3.6
ORD102391,2024-02-29,Clothing,East,Patna,879.02,3,0,2637.07,2637.07,Debit Card,4.4
ORD102185,2024-02-29,Clothing,South,Coimbatore,441.28,1,0,441.28,441.28,Credit Card,5.0
ORD101734,2024-02-29,Sports,East,Kolkata,10829.41,3,15,32488.22,27614.99,Credit Card,5.0
ORD104765,2024-03-01,Clothing,East,Bhubaneswar,1669.32,3,0,5007.95,5007.95,UPI,4.5
ORD101508,2024-03-01,Home & Kitchen,South,Coimbatore,4833.75,4,10,19335.0,17401.5,Debit Card,5.0
ORD104501,2024-03-01,Home & Kitchen,West,Pune,349.69,5,0,1748.45,1748.45,Debit Card,3.0
ORD100829,2024-03-01,Books,East,Bhubaneswar,306.59,1,20,306.59,245.27,Net Banking,4.1
ORD101379,2024-03-01,Toys,North,Delhi,3322.86,3,0,9968.58,9968.58,UPI,3.8
ORD104411,2024-03-01,Clothing,East,Patna,2397.85,4,20,9591.39,7673.11,UPI,4.4
ORD104688,2024-03-02,Beauty,East,Bhubaneswar,1662.72,3,10,4988.15,4489.33,UPI,5.0
ORD100553,2024-03-02,Beauty,South,Chennai,286.42,3,0,859.25,859.25,Debit Card,4.6
ORD103140,2024-03-02,Books,North,Delhi,500.19,4,0,2000.75,2000.75,UPI,3.7
ORD101547,2024-03-02,Toys,South,Chennai,678.48,3,20,2035.43,1628.34,UPI,4.6
ORD101516,2024-03-02,Home & Kitchen,South,Coimbatore,4179.66,2,5,8359.33,7941.36,Net Banking,4.2
ORD104759,2024-03-02,Electronics,North,Chandigarh,41707.67,5,10,208538.36,187684.53,Cash on Delivery,4.9
ORD101171,2024-03-03,Sports,West,Surat,9458.0,2,20,18916.0,15132.8,Credit Card,5.0
ORD100104,2024-03-03,Beauty,North,Jaipur,380.72,5,0,1903.59,1903.59,UPI,5.0
ORD104462,2024-03-03,Electronics,West,Pune,17605.74,3,0,52817.21,52817.21,Credit Card,4.2
ORD103106,2024-03-03,Clothing,West,Pune,2246.16,1,10,2246.16,2021.54,Credit Card,1.9
ORD101184,2024-03-03,Clothing,East,Guwahati,3690.37,5,0,18451.83,18451.83,UPI,4.6
ORD102428,2024-03-03,Clothing,West,Surat,1315.72,5,20,6578.6,5262.88,Credit Card,5.0
ORD100730,2024-03-03,Sports,West,Mumbai,4995.51,5,15,24977.54,21230.91,Cash on Delivery,3.9
ORD103345,2024-03-03,Electronics,West,Pune,28728.68,3,10,86186.04,77567.43,Debit Card,5.0
ORD104963,2024-03-04,Electronics,North,Jaipur,12245.41,3,15,36736.24,31225.81,Credit Card,3.3
ORD103466,2024-03-04,Toys,North,Delhi,2015.68,4,10,8062.73,7256.46,Debit Card,4.0
ORD101766,2024-03-04,Toys,West,Ahmedabad,2596.54,5,0,12982.72,12982.72,Credit Card,4.4
ORD104894,2024-03-04,Books,East,Bhubaneswar,678.43,3,5,2035.28,1933.52,Net Banking,5.0
ORD103161,2024-03-05,Sports,North,Delhi,4694.93,1,0,4694.93,4694.93,Credit Card,5.0
ORD104189,2024-03-05,Electronics,North,Lucknow,38165.85,1,10,38165.85,34349.26,UPI,2.2
ORD103748,2024-03-05,Clothing,East,Patna,1003.51,1,25,1003.51,752.63,Debit Card,3.4
ORD102076,2024-03-05,Books,South,Hyderabad,856.54,2,0,1713.07,1713.07,UPI,3.5
ORD104346,2024-03-05,Home & Kitchen,South,Bengaluru,2423.9,4,15,9695.59,8241.25,Debit Card,4.0
ORD102453,2024-03-05,Sports,East,Guwahati,4709.02,1,5,4709.02,4473.57,Credit Card,3.3
ORD100098,2024-03-05,Home & Kitchen,West,Pune,5374.23,1,0,5374.23,5374.23,UPI,4.0
ORD103552,2024-03-05,Clothing,West,Surat,2919.45,5,5,14597.26,13867.39,UPI,3.3
ORD100724,2024-03-05,Books,East,Bhubaneswar,585.47,1,10,585.47,526.92,Credit Card,4.2
ORD102924,2024-03-06,Books,East,Guwahati,471.1,5,15,2355.49,2002.17,Credit Card,3.4
ORD102670,2024-03-06,Beauty,South,Bengaluru,1648.0,3,0,4944.0,4944.0,Credit Card,4.5
ORD101930,2024-03-06,Electronics,South,Bengaluru,21986.8,2,10,43973.59,39576.24,UPI,3.3
ORD103042,2024-03-06,Books,South,Chennai,743.88,1,25,743.88,557.91,Cash on Delivery,3.8
ORD103588,2024-03-06,Toys,South,Bengaluru,3209.44,5,0,16047.21,16047.21,UPI,4.8
ORD102888,2024-03-06,Sports,East,Patna,8264.83,1,5,8264.83,7851.59,Credit Card,4.4
ORD102253,2024-03-07,Home & Kitchen,South,Hyderabad,2686.17,5,10,13430.84,12087.75,Cash on Delivery,4.3
ORD100908,2024-03-07,Clothing,East,Kolkata,2356.72,2,5,4713.45,4477.78,UPI,4.9
ORD102345,2024-03-07,Toys,East,Kolkata,1573.06,2,0,3146.12,3146.12,Credit Card,4.9
ORD103129,2024-03-08,Sports,South,Bengaluru,3683.67,2,25,7367.33,5525.5,Debit Card,3.5
ORD104849,2024-03-08,Beauty,North,Jaipur,2564.52,2,5,5129.04,4872.59,UPI,5.0
ORD102910,2024-03-08,Sports,East,Guwahati,1026.93,2,0,2053.87,2053.87,Credit Card,3.0
ORD103422,2024-03-08,Home & Kitchen,South,Coimbatore,6091.2,2,15,12182.4,10355.04,Credit Card,3.3
ORD103869,2024-03-08,Toys,West,Pune,2034.21,1,0,2034.21,2034.21,Credit Card,4.5
ORD104361,2024-03-08,Electronics,West,Mumbai,38963.79,4,25,155855.15,116891.36,Net Banking,4.1
ORD102040,2024-03-09,Books,North,Chandigarh,500.92,1,15,500.92,425.78,UPI,3.7
ORD100466,2024-03-09,Toys,South,Chennai,1485.87,5,5,7429.35,7057.88,Credit Card,5.0
ORD104407,2024-03-09,Home & Kitchen,North,Delhi,1507.68,2,5,3015.37,2864.6,Credit Card,4.2
ORD100574,2024-03-09,Clothing,East,Bhubaneswar,2994.77,3,25,8984.3,6738.23,UPI,3.9
ORD100808,2024-03-09,Beauty,East,Patna,1867.78,3,10,5603.34,5043.01,UPI,4.1
ORD104252,2024-03-09,Books,West,Mumbai,498.54,3,5,1495.61,1420.83,Credit Card,4.6
ORD101097,2024-03-09,Toys,West,Ahmedabad,2234.05,4,20,8936.22,7148.97,Debit Card,4.6
ORD103423,2024-03-09,Books,North,Chandigarh,924.45,1,15,924.45,785.79,Cash on Delivery,3.7
ORD101358,2024-03-09,Clothing,West,Pune,1761.54,4,10,7046.17,6341.56,Debit Card,2.7
ORD104491,2024-03-09,Beauty,West,Mumbai,945.69,1,15,945.69,803.84,UPI,4.4
ORD102689,2024-03-10,Electronics,North,Delhi,44581.64,2,0,89163.27,89163.27,Net Banking,5.0
ORD102831,2024-03-10,Electronics,West,Surat,20403.01,3,15,61209.04,52027.68,UPI,4.7
ORD104785,2024-03-10,Home & Kitchen,North,Lucknow,3762.81,3,5,11288.42,10724.0,Net Banking,3.9
ORD102240,2024-03-10,Electronics,East,Kolkata,20153.51,4,10,80614.03,72552.62,Credit Card,4.4
ORD100627,2024-03-10,Books,East,Guwahati,283.41,2,5,566.82,538.48,Credit Card,3.3
ORD104968,2024-03-11,Toys,West,Pune,3173.21,4,15,12692.85,10788.92,UPI,3.1
ORD104606,2024-03-11,Clothing,South,Coimbatore,916.86,5,0,4584.29,4584.29,UPI,3.4
ORD101769,2024-03-12,Toys,West,Mumbai,2615.01,1,20,2615.01,2092.0,Debit Card,5.0
ORD102948,2024-03-12,Electronics,East,Guwahati,23845.09,1,0,23845.09,23845.09,Credit Card,4.2
ORD100004,2024-03-12,Sports,West,Pune,8976.75,4,0,35907.0,35907.0,Credit Card,4.1
ORD100765,2024-03-12,Clothing,North,Delhi,498.97,1,15,498.97,424.13,UPI,4.8
ORD102348,2024-03-13,Electronics,South,Bengaluru,42427.38,3,15,127282.13,108189.81,Debit Card,4.1
ORD104389,2024-03-13,Books,West,Ahmedabad,1093.21,1,0,1093.21,1093.21,UPI,3.8
ORD103107,2024-03-13,Home & Kitchen,West,Surat,546.2,4,15,2184.78,1857.07,Debit Card,4.9
ORD103335,2024-03-13,Home & Kitchen,West,Pune,5362.66,3,25,16087.98,12065.98,Net Banking,5.0
ORD101819,2024-03-13,Clothing,West,Ahmedabad,3951.62,1,20,3951.62,3161.29,Net Banking,4.1
ORD100848,2024-03-13,Electronics,South,Chennai,19873.53,2,0,39747.05,39747.05,UPI,4.7
ORD104437,2024-03-13,Beauty,East,Guwahati,848.99,1,5,848.99,806.54,Cash on Delivery,3.4
ORD104173,2024-03-13,Beauty,South,Coimbatore,827.17,2,5,1654.34,1571.62,UPI,4.5
ORD104368,2024-03-13,Sports,East,Patna,4798.01,1,15,4798.01,4078.31,Cash on Delivery,4.6
ORD101373,2024-03-13,Books,North,Chandigarh,848.46,4,0,3393.83,3393.83,Debit Card,3.1
ORD102237,2024-03-13,Electronics,North,Lucknow,41161.67,4,0,164646.7,164646.7,UPI,5.0
ORD104629,2024-03-13,Beauty,East,Bhubaneswar,1996.82,5,10,9984.09,8985.68,UPI,3.6
ORD104947,2024-03-13,Toys,North,Lucknow,442.65,3,0,1327.96,1327.96,Cash on Delivery,4.5
ORD104334,2024-03-13,Home & Kitchen,East,Patna,1175.51,2,5,2351.03,2233.48,UPI,3.6
ORD100599,2024-03-14,Home & Kitchen,East,Bhubaneswar,5886.3,2,10,11772.61,10595.35,UPI,5.0
ORD103973,2024-03-14,Beauty,South,Coimbatore,289.64,2,15,579.28,492.39,UPI,5.0
ORD104856,2024-03-14,Home & Kitchen,East,Kolkata,2137.03,5,5,10685.14,10150.89,Credit Card,4.3
ORD102783,2024-03-14,Electronics,South,Coimbatore,26318.56,4,5,105274.23,100010.52,Cash on Delivery,4.5
ORD103629,2024-03-14,Toys,West,Mumbai,1811.4,5,0,9056.98,9056.98,Credit Card,5.0
ORD101705,2024-03-15,Sports,East,Kolkata,11851.36,2,5,23702.71,22517.58,UPI,3.6
ORD103576,2024-03-15,Home & Kitchen,South,Chennai,4783.05,5,0,23915.23,23915.23,Net Banking,3.6
ORD102762,2024-03-15,Clothing,North,Jaipur,732.56,5,0,3662.78,3662.78,Net Banking,3.1
ORD100783,2024-03-15,Sports,South,Bengaluru,9291.9,1,0,9291.9,9291.9,Debit Card,3.2
ORD100529,2024-03-15,Clothing,West,Ahmedabad,1987.0,3,0,5961.0,5961.0,Debit Card,5.0
ORD103655,2024-03-15,Sports,South,Chennai,7735.9,1,0,7735.9,7735.9,UPI,4.3
ORD103390,2024-03-15,Home & Kitchen,East,Bhubaneswar,6721.63,3,15,20164.9,17140.16,UPI,4.7
ORD104885,2024-03-15,Home & Kitchen,South,Bengaluru,5463.52,5,10,27317.59,24585.83,UPI,3.2
ORD103032,2024-03-15,Books,East,Kolkata,352.37,2,0,704.75,704.75,Credit Card,3.2
ORD101153,2024-03-15,Sports,South,Bengaluru,11395.42,4,10,45581.68,41023.52,Credit Card,5.0
ORD103348,2024-03-15,Clothing,East,Patna,1258.34,2,0,2516.69,2516.69,Credit Card,4.7
ORD100954,2024-03-15,Sports,South,Chennai,5461.44,3,0,16384.32,16384.32,UPI,4.0
ORD101307,2024-03-15,Electronics,West,Ahmedabad,54998.78,5,5,274993.89,261244.2,Net Banking,3.7
ORD104528,2024-03-16,Sports,North,Lucknow,1327.08,4,20,5308.31,4246.64,Cash on Delivery,3.4
ORD100458,2024-03-16,Electronics,East,Kolkata,9803.09,4,0,39212.37,39212.37,Debit Card,4.5
ORD100565,2024-03-16,Clothing,East,Guwahati,522.82,4,5,2091.26,1986.7,Credit Card,3.9
ORD104184,2024-03-16,Beauty,North,Chandigarh,2623.92,3,15,7871.75,6690.99,Cash on Delivery,5.0
ORD102732,2024-03-16,Clothing,North,Delhi,569.4,4,0,2277.62,2277.62,Credit Card,3.7
ORD103188,2024-03-16,Books,South,Coimbatore,975.12,3,0,2925.37,2925.37,Debit Card,4.5
ORD102077,2024-03-16,Electronics,North,Chandigarh,24767.9,3,0,74303.7,74303.7,UPI,4.0
ORD103415,2024-03-17,Sports,East,Bhubaneswar,1675.16,2,25,3350.31,2512.73,Cash on Delivery,5.0
ORD102210,2024-03-17,Sports,South,Chennai,11734.81,1,20,11734.81,9387.84,UPI,4.3
ORD104801,2024-03-17,Electronics,West,Surat,49314.71,1,15,49314.71,41917.5,Debit Card,3.9
ORD100874,2024-03-18,Sports,East,Bhubaneswar,6068.01,2,20,12136.02,9708.82,Credit Card,4.8
ORD100753,2024-03-18,Electronics,North,Lucknow,44392.48,5,10,221962.41,199766.16,Credit Card,4.3
ORD101026,2024-03-18,Sports,West,Mumbai,5922.77,5,10,29613.83,26652.45,Debit Card,4.6
ORD101242,2024-03-18,Sports,North,Chandigarh,1387.87,3,10,4163.61,3747.25,UPI,2.9
ORD100846,2024-03-18,Electronics,South,Hyderabad,26307.05,3,10,78921.16,71029.04,Cash on Delivery,4.3
ORD102760,2024-03-18,Toys,West,Ahmedabad,839.04,1,15,839.04,713.18,UPI,3.6
ORD104199,2024-03-18,Books,West,Mumbai,482.17,1,10,482.17,433.95,UPI,3.2
ORD102915,2024-03-19,Sports,North,Jaipur,3013.54,3,15,9040.62,7684.53,Credit Card,4.4
ORD104350,2024-03-19,Home & Kitchen,South,Chennai,4059.08,3,0,12177.24,12177.24,UPI,4.3
ORD101691,2024-03-19,Electronics,West,Pune,49073.18,4,5,196292.73,186478.1,Credit Card,3.7
ORD103834,2024-03-19,Home & Kitchen,North,Chandigarh,5023.74,5,0,25118.68,25118.68,UPI,3.2
ORD102505,2024-03-19,Books,North,Lucknow,716.03,5,0,3580.16,3580.16,UPI,4.1
ORD102374,2024-03-19,Clothing,South,Bengaluru,2445.91,5,10,12229.57,11006.61,Debit Card,3.6
ORD100665,2024-03-20,Books,South,Coimbatore,785.4,5,0,3927.0,3927.0,Net Banking,2.6
ORD102413,2024-03-20,Electronics,East,Kolkata,22512.1,4,10,90048.41,81043.57,Credit Card,3.1
ORD100209,2024-03-21,Clothing,North,Lucknow,679.24,5,25,3396.18,2547.14,Debit Card,5.0
ORD100065,2024-03-21,Toys,North,Lucknow,1011.3,1,0,1011.3,1011.3,Debit Card,4.5
ORD103312,2024-03-21,Clothing,South,Chennai,845.05,5,5,4225.26,4013.99,Credit Card,3.6
ORD100801,2024-03-21,Clothing,South,Hyderabad,371.43,3,5,1114.28,1058.57,Credit Card,4.3
ORD101406,2024-03-21,Home & Kitchen,East,Bhubaneswar,1844.14,5,0,9220.72,9220.72,UPI,2.7
ORD104154,2024-03-21,Electronics,East,Kolkata,59757.34,1,0,59757.34,59757.34,Credit Card,3.9
ORD104019,2024-03-22,Toys,South,Chennai,3403.8,1,0,3403.8,3403.8,Cash on Delivery,4.9
ORD104665,2024-03-22,Sports,South,Hyderabad,5703.88,1,0,5703.88,5703.88,Credit Card,2.6
ORD103504,2024-03-22,Home & Kitchen,West,Mumbai,2439.4,1,0,2439.4,2439.4,Debit Card,3.8
ORD101630,2024-03-22,Home & Kitchen,West,Pune,3563.08,1,0,3563.08,3563.08,UPI,4.6
ORD101262,2024-03-22,Electronics,West,Pune,30943.2,1,0,30943.2,30943.2,Net Banking,4.2
ORD102848,2024-03-22,Beauty,North,Jaipur,727.82,2,10,1455.65,1310.08,Credit Card,4.1
ORD104297,2024-03-22,Toys,South,Hyderabad,2431.4,5,5,12156.99,11549.14,UPI,3.3
ORD100750,2024-03-23,Clothing,West,Mumbai,3941.45,2,0,7882.9,7882.9,UPI,4.3
ORD104365,2024-03-23,Toys,North,Jaipur,2789.34,5,10,13946.7,12552.03,Credit Card,4.1
ORD102405,2024-03-23,Beauty,West,Pune,987.98,3,5,2963.95,2815.75,Debit Card,3.2
ORD103097,2024-03-23,Beauty,West,Mumbai,1576.2,3,0,4728.59,4728.59,UPI,4.7
ORD103584,2024-03-23,Home & Kitchen,South,Bengaluru,2826.1,2,10,5652.2,5086.98,Net Banking,4.1
ORD103683,2024-03-23,Books,East,Patna,851.28,4,10,3405.11,3064.6,Net Banking,3.4
ORD103301,2024-03-24,Books,North,Lucknow,490.18,5,0,2450.9,2450.9,UPI,5.0
ORD101718,2024-03-24,Clothing,West,Ahmedabad,3185.95,3,5,9557.86,9079.97,UPI,4.9
ORD104977,2024-03-24,Clothing,South,Coimbatore,3340.84,4,0,13363.36,13363.36,Net Banking,4.3
ORD102154,2024-03-24,Toys,East,Guwahati,767.96,4,5,3071.83,2918.24,Cash on Delivery,4.5
ORD101926,2024-03-24,Sports,South,Chennai,4589.05,4,5,18356.22,17438.41,Debit Card,3.6
ORD101177,2024-03-24,Beauty,South,Hyderabad,773.78,4,20,3095.1,2476.08,Net Banking,5.0
ORD104268,2024-03-24,Electronics,East,Patna,33002.95,1,10,33002.95,29702.65,UPI,3.1
ORD101708,2024-03-24,Clothing,East,Kolkata,613.31,4,20,2453.23,1962.58,UPI,4.0
ORD103284,2024-03-24,Clothing,South,Bengaluru,2888.78,1,0,2888.78,2888.78,Credit Card,3.9
ORD101836,2024-03-24,Books,North,Jaipur,291.13,2,5,582.25,553.14,UPI,2.1
ORD101829,2024-03-24,Clothing,South,Hyderabad,1485.21,4,10,5940.84,5346.76,UPI,4.9
ORD102301,2024-03-24,Beauty,North,Delhi,293.71,5,20,1468.54,1174.83,Net Banking,3.1
ORD104055,2024-03-24,Electronics,East,Patna,35118.93,3,10,105356.79,94821.11,Credit Card,3.6
ORD100752,2024-03-25,Sports,North,Lucknow,6803.69,1,20,6803.69,5442.95,Cash on Delivery,4.2
ORD104101,2024-03-25,Home & Kitchen,North,Chandigarh,1883.61,1,10,1883.61,1695.25,UPI,4.3
ORD101255,2024-03-25,Clothing,South,Coimbatore,3147.31,3,25,9441.94,7081.46,Cash on Delivery,3.7
ORD102090,2024-03-25,Beauty,West,Pune,790.46,2,20,1580.92,1264.74,Net Banking,5.0
ORD101425,2024-03-26,Clothing,West,Surat,3669.23,5,5,18346.17,17428.86,Debit Card,4.3
ORD104998,2024-03-26,Books,West,Mumbai,247.51,5,10,1237.54,1113.79,Cash on Delivery,3.9
ORD100157,2024-03-26,Clothing,North,Lucknow,2767.66,3,0,8302.99,8302.99,Debit Card,4.6
ORD101795,2024-03-26,Toys,South,Coimbatore,455.52,3,20,1366.55,1093.24,Debit Card,5.0
ORD100898,2024-03-26,Books,East,Bhubaneswar,902.15,1,10,902.15,811.93,Cash on Delivery,4.7
ORD100462,2024-03-26,Home & Kitchen,North,Jaipur,7149.76,2,0,14299.53,14299.53,Debit Card,3.4
ORD102894,2024-03-26,Beauty,South,Coimbatore,1603.21,1,25,1603.21,1202.41,Debit Card,3.5
ORD102019,2024-03-26,Sports,North,Jaipur,7994.57,2,15,15989.14,13590.77,Credit Card,3.2
ORD103969,2024-03-26,Electronics,East,Patna,45080.3,4,20,180321.2,144256.96,Debit Card,4.6
ORD103196,2024-03-27,Home & Kitchen,West,Mumbai,4301.62,2,20,8603.25,6882.6,UPI,3.0
ORD102516,2024-03-27,Home & Kitchen,East,Patna,479.92,2,10,959.85,863.86,Debit Card,3.3
ORD101847,2024-03-27,Home & Kitchen,East,Bhubaneswar,858.35,1,10,858.35,772.51,UPI,4.9
ORD103410,2024-03-27,Toys,West,Surat,2436.15,4,10,9744.59,8770.13,Debit Card,3.5
ORD102511,2024-03-27,Clothing,South,Bengaluru,3191.4,3,20,9574.2,7659.36,UPI,4.4
ORD101221,2024-03-27,Beauty,East,Patna,2684.61,1,25,2684.61,2013.46,Debit Card,4.4
ORD104526,2024-03-27,Toys,East,Guwahati,3225.56,3,0,9676.67,9676.67,Net Banking,5.0
ORD103667,2024-03-28,Sports,West,Surat,708.86,1,15,708.86,602.53,UPI,3.9
ORD104944,2024-03-28,Electronics,East,Bhubaneswar,31977.98,2,0,63955.97,63955.97,UPI,3.8
ORD102629,2024-03-28,Beauty,South,Chennai,1548.7,2,0,3097.41,3097.41,Credit Card,4.4
ORD101241,2024-03-28,Toys,South,Hyderabad,1405.62,2,0,2811.24,2811.24,Net Banking,4.9
ORD104473,2024-03-28,Beauty,West,Pune,450.16,5,15,2250.8,1913.18,Cash on Delivery,4.1
ORD104156,2024-03-28,Sports,North,Chandigarh,5583.09,2,0,11166.17,11166.17,Debit Card,4.5
ORD101786,2024-03-28,Books,South,Chennai,767.01,3,10,2301.03,2070.92,Debit Card,4.9
ORD100013,2024-03-28,Toys,West,Pune,460.5,3,15,1381.5,1174.28,UPI,4.8
ORD101553,2024-03-29,Sports,North,Jaipur,1092.14,5,0,5460.68,5460.68,UPI,3.6
ORD101032,2024-03-29,Beauty,North,Lucknow,2567.19,3,20,7701.57,6161.25,UPI,3.2
ORD104220,2024-03-29,Home & Kitchen,West,Mumbai,520.59,3,10,1561.77,1405.6,Cash on Delivery,3.7
ORD103122,2024-03-29,Sports,North,Lucknow,4358.29,1,5,4358.29,4140.37,Credit Card,4.0
ORD102049,2024-03-29,Sports,South,Coimbatore,11038.49,3,0,33115.47,33115.47,UPI,4.3
ORD101414,2024-03-29,Home & Kitchen,East,Guwahati,4127.68,5,10,20638.39,18574.55,Net Banking,3.9
ORD104921,2024-03-30,Home & Kitchen,East,Kolkata,3664.26,4,0,14657.03,14657.03,Net Banking,3.8
ORD100519,2024-03-30,Electronics,East,Bhubaneswar,39251.2,2,10,78502.39,70652.15,UPI,3.8
ORD103933,2024-03-30,Clothing,North,Chandigarh,2856.98,3,0,8570.95,8570.95,Credit Card,3.9
ORD101809,2024-03-30,Toys,East,Kolkata,3182.35,5,10,15911.74,14320.57,Credit Card,3.5
ORD103853,2024-03-30,Books,West,Surat,470.73,2,15,941.45,800.23,Debit Card,5.0
ORD102138,2024-03-30,Sports,North,Chandigarh,9242.43,5,20,46212.13,36969.7,Debit Card,4.2
ORD100980,2024-03-30,Electronics,East,Patna,21935.63,2,5,43871.26,41677.7,UPI,3.9
ORD100697,2024-03-30,Electronics,West,Mumbai,28120.52,3,10,84361.57,75925.42,Cash on Delivery,4.3
ORD100633,2024-03-31,Toys,West,Pune,3304.85,4,0,13219.4,13219.4,UPI,3.3
ORD104813,2024-03-31,Clothing,South,Coimbatore,1347.13,1,0,1347.13,1347.13,UPI,4.7
ORD103467,2024-03-31,Toys,North,Lucknow,2982.38,3,10,8947.13,8052.41,Cash on Delivery,2.9
ORD104018,2024-03-31,Books,North,Delhi,501.98,4,15,2007.91,1706.72,Debit Card,2.5
ORD102436,2024-04-01,Clothing,East,Kolkata,3011.95,1,15,3011.95,2560.16,Net Banking,3.9
ORD100058,2024-04-01,Home & Kitchen,South,Coimbatore,6373.0,5,0,31864.98,31864.98,UPI,4.5
ORD104460,2024-04-01,Clothing,North,Delhi,1620.42,3,15,4861.26,4132.07,Debit Card,5.0
ORD104718,2024-04-01,Beauty,East,Bhubaneswar,949.42,5,0,4747.09,4747.09,UPI,5.0
ORD100397,2024-04-01,Electronics,West,Pune,18120.09,4,5,72480.37,68856.35,UPI,4.6
ORD101603,2024-04-01,Electronics,East,Kolkata,41703.45,5,15,208517.24,177239.65,Credit Card,3.5
ORD102380,2024-04-01,Beauty,North,Lucknow,356.25,2,5,712.5,676.87,UPI,3.5
ORD101796,2024-04-01,Clothing,East,Kolkata,2509.1,3,0,7527.3,7527.3,Net Banking,3.3
ORD104902,2024-04-02,Electronics,South,Hyderabad,58004.01,5,5,290020.03,275519.03,UPI,5.0
ORD101873,2024-04-02,Books,East,Patna,619.92,3,5,1859.75,1766.76,UPI,4.3
ORD104595,2024-04-02,Beauty,East,Kolkata,649.37,1,5,649.37,616.9,UPI,4.1
ORD100827,2024-04-02,Sports,East,Patna,7109.05,3,25,21327.14,15995.36,Cash on Delivery,3.9
ORD103968,2024-04-02,Toys,East,Guwahati,1341.41,3,5,4024.23,3823.02,Cash on Delivery,3.9
ORD103911,2024-04-02,Home & Kitchen,East,Bhubaneswar,1822.97,3,0,5468.91,5468.91,Cash on Delivery,5.0
ORD104986,2024-04-02,Home & Kitchen,West,Pune,878.0,3,20,2633.99,2107.19,UPI,3.3
ORD103211,2024-04-02,Clothing,North,Chandigarh,1125.73,5,5,5628.65,5347.21,UPI,4.8
ORD104631,2024-04-02,Toys,South,Hyderabad,3416.78,1,0,3416.78,3416.78,UPI,4.9
ORD100468,2024-04-03,Sports,West,Mumbai,5171.29,5,0,25856.45,25856.45,UPI,3.5
ORD104922,2024-04-03,Home & Kitchen,North,Lucknow,4969.34,4,20,19877.36,15901.89,Cash on Delivery,3.7
ORD104222,2024-04-04,Books,South,Chennai,296.16,2,0,592.32,592.32,UPI,4.2
ORD101004,2024-04-04,Clothing,North,Jaipur,2816.79,2,0,5633.58,5633.58,Net Banking,4.0
ORD101093,2024-04-04,Electronics,South,Hyderabad,22461.89,1,5,22461.89,21338.8,Cash on Delivery,4.0
ORD100764,2024-04-04,Toys,North,Chandigarh,1248.51,5,5,6242.55,5930.43,Credit Card,3.9
ORD102361,2024-04-04,Home & Kitchen,East,Bhubaneswar,5099.5,2,0,10199.0,10199.0,UPI,4.8
ORD100818,2024-04-04,Clothing,North,Jaipur,2456.08,4,15,9824.31,8350.67,UPI,5.0
ORD104685,2024-04-05,Sports,West,Pune,3141.04,2,5,6282.09,5967.98,Debit Card,4.4
ORD100145,2024-04-05,Electronics,South,Coimbatore,14375.27,2,0,28750.54,28750.54,Credit Card,4.4
ORD103662,2024-04-05,Sports,South,Bengaluru,9417.95,1,15,9417.95,8005.26,Net Banking,4.9
ORD104159,2024-04-05,Sports,East,Bhubaneswar,4588.31,3,5,13764.94,13076.7,Credit Card,4.7
ORD100445,2024-04-05,Books,West,Ahmedabad,1049.1,2,0,2098.2,2098.2,Cash on Delivery,3.8
ORD101240,2024-04-05,Books,East,Kolkata,765.18,4,5,3060.71,2907.67,Debit Card,3.2
ORD100542,2024-04-05,Electronics,North,Lucknow,40472.29,4,20,161889.15,129511.32,Credit Card,4.0
ORD101069,2024-04-06,Beauty,North,Chandigarh,1513.54,2,10,3027.09,2724.38,Cash on Delivery,4.0
ORD104249,2024-04-06,Beauty,West,Surat,1041.32,4,0,4165.28,4165.28,UPI,3.7
ORD104514,2024-04-06,Beauty,East,Guwahati,2300.5,3,0,6901.49,6901.49,UPI,2.6
ORD102497,2024-04-06,Clothing,North,Lucknow,716.05,3,20,2148.15,1718.52,Cash on Delivery,3.1
ORD102927,2024-04-06,Electronics,South,Coimbatore,22416.2,4,5,89664.81,85181.57,UPI,3.6
ORD102889,2024-04-07,Electronics,East,Guwahati,7705.82,2,5,15411.64,14641.06,UPI,3.7
ORD101449,2024-04-07,Sports,South,Bengaluru,5338.81,5,5,26694.06,25359.36,UPI,3.2
ORD104306,2024-04-07,Home & Kitchen,East,Bhubaneswar,5708.42,2,10,11416.84,10275.16,UPI,3.4
ORD101353,2024-04-07,Clothing,West,Surat,2853.9,3,0,8561.7,8561.7,Cash on Delivery,3.1
ORD104967,2024-04-07,Sports,South,Hyderabad,9037.07,5,5,45185.36,42926.09,Credit Card,4.1
ORD100789,2024-04-07,Books,North,Lucknow,909.98,5,0,4549.92,4549.92,Net Banking,3.8
ORD100356,2024-04-08,Clothing,West,Surat,1371.46,5,5,6857.28,6514.42,Net Banking,3.9
ORD104040,2024-04-08,Clothing,West,Surat,3814.89,4,0,15259.57,15259.57,UPI,4.3
ORD100348,2024-04-08,Home & Kitchen,East,Kolkata,1991.68,2,5,3983.36,3784.19,Debit Card,3.9
ORD100277,2024-04-08,Electronics,North,Lucknow,17641.81,5,25,88209.03,66156.77,Cash on Delivery,3.3
ORD103454,2024-04-08,Toys,West,Pune,906.16,5,20,4530.78,3624.62,UPI,3.7
ORD102406,2024-04-08,Electronics,North,Chandigarh,48398.79,4,15,193595.16,164555.89,Credit Card,5.0
ORD101699,2024-04-08,Home & Kitchen,East,Kolkata,7707.12,5,20,38535.59,30828.47,UPI,3.3
ORD100575,2024-04-08,Toys,East,Kolkata,1979.85,5,15,9899.25,8414.36,Net Banking,4.5
ORD100540,2024-04-08,Home & Kitchen,East,Guwahati,4332.24,4,10,17328.98,15596.08,Cash on Delivery,3.0
ORD100125,2024-04-08,Beauty,East,Kolkata,1541.13,5,0,7705.67,7705.67,Debit Card,4.2
ORD100736,2024-04-08,Clothing,West,Ahmedabad,2313.73,2,5,4627.46,4396.09,Cash on Delivery,2.7
ORD101541,2024-04-08,Sports,South,Hyderabad,7557.36,3,5,22672.07,21538.47,Net Banking,4.5
ORD100297,2024-04-08,Electronics,North,Lucknow,42625.02,3,0,127875.05,127875.05,UPI,5.0
ORD104340,2024-04-09,Books,South,Hyderabad,280.87,3,20,842.6,674.08,UPI,3.8
ORD100482,2024-04-09,Clothing,East,Guwahati,3492.59,1,15,3492.59,2968.7,Cash on Delivery,3.4
ORD101909,2024-04-09,Home & Kitchen,South,Coimbatore,1867.5,4,15,7470.0,6349.5,Credit Card,3.3
ORD104191,2024-04-09,Sports,West,Mumbai,7995.33,5,0,39976.65,39976.65,Cash on Delivery,3.4
ORD103734,2024-04-09,Toys,South,Hyderabad,444.76,5,15,2223.8,1890.23,Cash on Delivery,4.6
ORD103727,2024-04-09,Home & Kitchen,West,Mumbai,7478.83,2,0,14957.66,14957.66,UPI,5.0
ORD100015,2024-04-09,Beauty,North,Lucknow,2479.61,4,15,9918.45,8430.68,UPI,4.1
ORD104997,2024-04-10,Sports,South,Bengaluru,10799.25,5,5,53996.23,51296.42,UPI,4.4
ORD103701,2024-04-10,Toys,North,Chandigarh,783.58,1,0,783.58,783.58,UPI,4.9
ORD103712,2024-04-10,Toys,West,Surat,2296.72,3,0,6890.17,6890.17,Net Banking,3.8
ORD102691,2024-04-10,Clothing,South,Chennai,2354.05,4,0,9416.19,9416.19,UPI,3.9
ORD102330,2024-04-10,Sports,North,Delhi,2452.77,1,5,2452.77,2330.13,Credit Card,3.7
ORD102419,2024-04-10,Electronics,North,Delhi,29478.97,1,0,29478.97,29478.97,Credit Card,4.7
ORD102512,2024-04-10,Clothing,North,Chandigarh,826.16,4,20,3304.63,2643.71,Credit Card,3.5
ORD104150,2024-04-11,Home & Kitchen,West,Ahmedabad,7160.16,5,10,35800.82,32220.74,Credit Card,5.0
ORD103492,2024-04-11,Electronics,West,Ahmedabad,10057.37,4,15,40229.48,34195.05,Cash on Delivery,4.0
ORD101781,2024-04-11,Toys,West,Ahmedabad,2118.64,2,0,4237.28,4237.28,Credit Card,3.7
ORD102086,2024-04-11,Home & Kitchen,North,Lucknow,319.75,5,0,1598.76,1598.76,UPI,4.6
ORD103875,2024-04-11,Sports,East,Patna,9199.61,3,0,27598.82,27598.82,Credit Card,3.5
ORD103767,2024-04-11,Clothing,East,Patna,2680.42,3,5,8041.27,7639.21,Cash on Delivery,3.9
ORD102229,2024-04-11,Toys,North,Delhi,925.58,2,5,1851.16,1758.6,Debit Card,4.7
ORD102986,2024-04-11,Clothing,East,Kolkata,1326.73,5,25,6633.65,4975.24,Cash on Delivery,4.6
ORD101391,2024-04-11,Home & Kitchen,West,Mumbai,456.9,3,5,1370.69,1302.15,Credit Card,4.5
ORD102058,2024-04-11,Books,East,Kolkata,367.99,1,0,367.99,367.99,Cash on Delivery,4.3
ORD100785,2024-04-12,Electronics,North,Delhi,17380.45,2,0,34760.9,34760.9,Credit Card,4.5
ORD103263,2024-04-12,Toys,East,Patna,1580.51,3,0,4741.54,4741.54,UPI,3.6
ORD100000,2024-04-12,Electronics,West,Pune,52082.55,5,5,260412.73,247392.1,UPI,3.6
ORD104613,2024-04-12,Clothing,South,Chennai,3468.52,4,15,13874.1,11792.98,UPI,3.5
ORD101806,2024-04-12,Home & Kitchen,North,Chandigarh,2413.31,1,0,2413.31,2413.31,Credit Card,4.9
ORD100421,2024-04-12,Electronics,North,Delhi,24418.65,2,0,48837.29,48837.29,Credit Card,3.5
ORD101049,2024-04-13,Books,East,Bhubaneswar,357.98,2,15,715.96,608.57,Cash on Delivery,3.4
ORD102660,2024-04-13,Home & Kitchen,West,Ahmedabad,3007.66,3,20,9022.99,7218.39,Net Banking,2.2
ORD102952,2024-04-13,Electronics,North,Delhi,44190.54,2,0,88381.09,88381.09,Cash on Delivery,4.4
ORD103455,2024-04-13,Clothing,West,Ahmedabad,1954.52,1,10,1954.52,1759.07,Cash on Delivery,5.0
ORD100377,2024-04-13,Clothing,East,Guwahati,653.63,2,5,1307.25,1241.89,Cash on Delivery,4.2
ORD104800,2024-04-13,Home & Kitchen,West,Ahmedabad,685.78,4,5,2743.12,2605.96,Debit Card,4.7
ORD103569,2024-04-13,Beauty,East,Bhubaneswar,534.37,4,0,2137.48,2137.48,UPI,4.1
ORD104158,2024-04-13,Electronics,West,Surat,21080.35,1,0,21080.35,21080.35,Cash on Delivery,4.6
ORD102292,2024-04-13,Electronics,North,Chandigarh,37578.46,3,15,112735.39,95825.08,UPI,3.8
ORD103787,2024-04-13,Electronics,West,Ahmedabad,38119.63,2,0,76239.26,76239.26,Cash on Delivery,4.1
ORD103840,2024-04-13,Electronics,West,Surat,55587.57,5,0,277937.87,277937.87,Debit Card,3.7
ORD100291,2024-04-13,Toys,South,Bengaluru,3321.06,2,0,6642.11,6642.11,UPI,2.3
ORD100735,2024-04-14,Sports,South,Coimbatore,3125.13,4,10,12500.53,11250.47,Debit Card,4.1
ORD102486,2024-04-14,Toys,East,Patna,2305.13,1,0,2305.13,2305.13,Credit Card,3.7
ORD104030,2024-04-14,Clothing,East,Kolkata,3947.41,3,10,11842.24,10658.02,UPI,3.6
ORD103290,2024-04-14,Clothing,East,Patna,2988.93,3,5,8966.78,8518.44,Debit Card,3.6
ORD101813,2024-04-15,Books,West,Pune,913.67,2,0,1827.35,1827.35,UPI,5.0
ORD101121,2024-04-15,Sports,South,Hyderabad,11885.32,3,15,35655.97,30307.57,Credit Card,3.0
ORD100071,2024-04-15,Beauty,East,Bhubaneswar,1775.32,2,5,3550.64,3373.1,UPI,3.7
ORD100429,2024-04-15,Beauty,North,Lucknow,715.36,3,5,2146.09,2038.78,Credit Card,3.6
ORD100799,2024-04-15,Books,West,Pune,226.18,4,20,904.74,723.79,Credit Card,4.4
ORD102131,2024-04-15,Sports,North,Chandigarh,2975.85,2,0,5951.7,5951.7,UPI,4.1
ORD101958,2024-04-16,Books,East,Patna,857.56,5,5,4287.8,4073.41,UPI,3.3
ORD101530,2024-04-16,Books,South,Chennai,1173.9,5,5,5869.5,5576.02,Credit Card,5.0
ORD100003,2024-04-16,Books,East,Kolkata,282.3,1,15,282.3,239.96,Credit Card,5.0
ORD103329,2024-04-16,Beauty,West,Ahmedabad,2290.27,1,0,2290.27,2290.27,Cash on Delivery,4.2
ORD100856,2024-04-16,Electronics,South,Chennai,35037.27,2,20,70074.54,56059.63,Credit Card,5.0
ORD102645,2024-04-17,Toys,South,Hyderabad,2439.61,2,5,4879.22,4635.26,UPI,4.2
ORD102144,2024-04-17,Sports,East,Patna,3960.87,2,5,7921.75,7525.66,Net Banking,4.6
ORD102196,2024-04-17,Electronics,North,Jaipur,15242.96,1,0,15242.96,15242.96,Cash on Delivery,3.9
ORD104324,2024-04-17,Beauty,East,Kolkata,2453.06,2,20,4906.12,3924.9,Cash on Delivery,4.2
ORD101465,2024-04-17,Beauty,South,Coimbatore,1134.53,2,5,2269.06,2155.61,Cash on Delivery,3.2
ORD101387,2024-04-17,Clothing,East,Guwahati,3075.86,4,10,12303.43,11073.09,UPI,4.6
ORD100910,2024-04-18,Electronics,West,Ahmedabad,3547.43,1,0,3547.43,3547.43,Debit Card,4.1
ORD104058,2024-04-18,Home & Kitchen,East,Guwahati,4831.87,5,10,24159.35,21743.41,UPI,5.0
ORD104044,2024-04-18,Clothing,North,Chandigarh,1207.51,1,5,1207.51,1147.13,Credit Card,4.5
ORD101304,2024-04-18,Home & Kitchen,East,Guwahati,748.58,2,10,1497.16,1347.44,Net Banking,4.0
ORD104518,2024-04-18,Clothing,West,Ahmedabad,3144.81,4,0,12579.26,12579.26,UPI,4.6
ORD104186,2024-04-18,Books,West,Mumbai,1041.91,3,5,3125.73,2969.45,UPI,2.6
ORD103257,2024-04-18,Toys,West,Pune,2053.46,5,20,10267.29,8213.83,Debit Card,4.3
ORD102980,2024-04-18,Books,North,Jaipur,1176.15,3,0,3528.46,3528.46,UPI,3.7
ORD103420,2024-04-18,Home & Kitchen,South,Coimbatore,448.5,2,5,897.0,852.15,UPI,4.5
ORD102731,2024-04-18,Electronics,East,Patna,51171.31,1,5,51171.31,48612.75,Credit Card,5.0
ORD103434,2024-04-18,Beauty,East,Patna,1518.36,4,0,6073.42,6073.42,Credit Card,4.1
ORD100585,2024-04-18,Toys,West,Mumbai,2825.41,2,10,5650.83,5085.75,Net Banking,4.2
ORD102362,2024-04-19,Home & Kitchen,South,Chennai,690.76,2,0,1381.51,1381.51,Cash on Delivery,3.5
ORD104984,2024-04-19,Electronics,South,Chennai,41914.08,2,10,83828.15,75445.34,UPI,5.0
ORD103449,2024-04-20,Books,South,Bengaluru,440.64,5,20,2203.22,1762.57,Cash on Delivery,5.0
ORD103772,2024-04-20,Electronics,East,Patna,25561.91,4,0,102247.63,102247.63,Debit Card,4.6
ORD100815,2024-04-20,Beauty,West,Pune,568.73,4,0,2274.92,2274.92,UPI,3.9
ORD101831,2024-04-20,Toys,West,Mumbai,2973.08,1,0,2973.08,2973.08,UPI,4.8
ORD100912,2024-04-20,Beauty,East,Bhubaneswar,306.01,1,0,306.01,306.01,Net Banking,4.3
ORD100914,2024-04-20,Clothing,West,Surat,2001.24,1,0,2001.24,2001.24,Credit Card,4.8
ORD104401,2024-04-20,Books,North,Chandigarh,300.48,2,0,600.96,600.96,UPI,4.8
ORD104147,2024-04-20,Electronics,South,Coimbatore,14436.49,5,15,72182.45,61355.08,Credit Card,4.0
ORD103601,2024-04-20,Home & Kitchen,North,Chandigarh,4961.8,4,10,19847.21,17862.49,Net Banking,4.1
ORD102650,2024-04-20,Home & Kitchen,East,Guwahati,6666.33,2,20,13332.67,10666.13,Debit Card,5.0
ORD104117,2024-04-21,Clothing,East,Bhubaneswar,3564.96,4,0,14259.84,14259.84,UPI,3.6
ORD104063,2024-04-21,Home & Kitchen,North,Jaipur,957.47,2,15,1914.93,1627.69,UPI,4.5
ORD100294,2024-04-21,Books,East,Kolkata,737.99,3,0,2213.98,2213.98,UPI,4.8
ORD104908,2024-04-21,Home & Kitchen,South,Bengaluru,7384.37,4,10,29537.47,26583.73,Net Banking,3.8
ORD102886,2024-04-21,Beauty,East,Guwahati,953.51,2,0,1907.02,1907.02,Cash on Delivery,3.4
ORD102671,2024-04-21,Clothing,North,Lucknow,319.75,2,25,639.49,479.62,Cash on Delivery,4.5
ORD102742,2024-04-22,Clothing,South,Coimbatore,2761.19,5,0,13805.97,13805.97,Net Banking,4.2
ORD100198,2024-04-22,Clothing,East,Kolkata,586.69,2,5,1173.38,1114.71,Debit Card,4.4
ORD103285,2024-04-22,Clothing,South,Coimbatore,2348.91,5,10,11744.53,10570.08,Cash on Delivery,5.0
ORD100211,2024-04-22,Clothing,East,Patna,1296.93,2,10,2593.85,2334.47,Debit Card,2.5
ORD100206,2024-04-22,Sports,North,Delhi,5726.57,2,5,11453.15,10880.49,Debit Card,5.0
ORD102593,2024-04-22,Toys,North,Chandigarh,1201.35,5,10,6006.74,5406.07,Debit Card,4.8
ORD101210,2024-04-22,Books,South,Chennai,962.42,4,0,3849.67,3849.67,UPI,4.0
ORD104241,2024-04-22,Sports,South,Coimbatore,1381.56,2,15,2763.12,2348.65,Credit Card,4.0
ORD100976,2024-04-22,Electronics,South,Hyderabad,14527.6,3,0,43582.8,43582.8,Credit Card,4.1
ORD102747,2024-04-22,Home & Kitchen,South,Hyderabad,7207.45,2,10,14414.9,12973.41,UPI,4.0
ORD101641,2024-04-22,Electronics,East,Guwahati,9001.13,4,0,36004.54,36004.54,Credit Card,4.4
ORD101349,2024-04-22,Beauty,South,Coimbatore,290.44,1,10,290.44,261.4,Credit Card,4.8
ORD104872,2024-04-22,Electronics,East,Bhubaneswar,54823.82,5,10,274119.08,246707.17,Cash on Delivery,4.7
ORD103546,2024-04-22,Home & Kitchen,East,Patna,7402.06,4,10,29608.22,26647.4,Cash on Delivery,3.9
ORD101211,2024-04-23,Home & Kitchen,North,Chandigarh,1372.84,2,15,2745.68,2333.83,Cash on Delivery,3.3
ORD102312,2024-04-23,Home & Kitchen,South,Hyderabad,1443.25,3,15,4329.76,3680.3,Credit Card,4.6
ORD101585,2024-04-23,Electronics,North,Jaipur,57764.52,3,0,173293.55,173293.55,Net Banking,3.2
ORD104834,2024-04-23,Sports,East,Patna,9624.12,2,15,19248.24,16361.0,Credit Card,3.3
ORD104021,2024-04-23,Clothing,East,Patna,1410.09,3,0,4230.27,4230.27,UPI,5.0
ORD103523,2024-04-23,Toys,South,Coimbatore,222.89,3,0,668.68,668.68,Cash on Delivery,3.1
ORD102027,2024-04-23,Sports,West,Ahmedabad,2313.15,1,5,2313.15,2197.49,Debit Card,3.6
ORD100523,2024-04-24,Books,West,Ahmedabad,534.57,4,0,2138.26,2138.26,Net Banking,3.9
ORD103071,2024-04-24,Home & Kitchen,North,Lucknow,7784.38,3,0,23353.13,23353.13,Cash on Delivery,5.0
ORD101591,2024-04-24,Clothing,East,Bhubaneswar,3319.99,5,5,16599.96,15769.96,Credit Card,3.8
ORD104564,2024-04-24,Home & Kitchen,West,Pune,6989.45,1,0,6989.45,6989.45,Net Banking,3.8
ORD101288,2024-04-24,Home & Kitchen,North,Jaipur,6879.11,4,0,27516.44,27516.44,Cash on Delivery,4.4
ORD104016,2024-04-25,Home & Kitchen,West,Surat,4368.55,1,0,4368.55,4368.55,Credit Card,2.8
ORD100358,2024-04-25,Sports,North,Delhi,6750.41,3,5,20251.24,19238.68,Cash on Delivery,3.9
ORD102265,2024-04-25,Electronics,West,Ahmedabad,57372.13,2,25,114744.27,86058.2,Credit Card,3.8
ORD103512,2024-04-25,Beauty,East,Kolkata,2167.09,5,15,10835.44,9210.13,Credit Card,4.0
ORD104662,2024-04-25,Books,West,Mumbai,355.96,3,0,1067.87,1067.87,Credit Card,3.8
ORD101804,2024-04-25,Books,West,Ahmedabad,1082.82,2,5,2165.64,2057.36,Debit Card,4.5
ORD101147,2024-04-26,Clothing,East,Bhubaneswar,2936.7,1,5,2936.7,2789.86,Debit Card,4.3
ORD102370,2024-04-26,Electronics,West,Mumbai,52614.15,2,0,105228.29,105228.29,Cash on Delivery,3.7
ORD100438,2024-04-26,Electronics,West,Ahmedabad,16039.34,4,5,64157.36,60949.5,Debit Card,5.0
ORD101892,2024-04-26,Toys,South,Bengaluru,1694.01,3,0,5082.03,5082.03,UPI,4.2
ORD103468,2024-04-26,Clothing,South,Chennai,1547.05,5,5,7735.27,7348.51,Net Banking,5.0
ORD100657,2024-04-26,Clothing,North,Jaipur,2443.29,2,0,4886.58,4886.58,UPI,3.7
ORD102735,2024-04-26,Electronics,East,Patna,33283.8,2,10,66567.59,59910.83,UPI,5.0
ORD101761,2024-04-26,Sports,North,Jaipur,6637.9,4,15,26551.61,22568.87,Credit Card,3.2
ORD102113,2024-04-26,Sports,North,Chandigarh,8364.54,2,0,16729.08,16729.08,UPI,4.1
ORD104253,2024-04-27,Home & Kitchen,West,Mumbai,7991.26,1,10,7991.26,7192.13,Cash on Delivery,4.1
ORD103351,2024-04-27,Electronics,West,Pune,33562.66,2,15,67125.31,57056.51,UPI,4.9
ORD100957,2024-04-27,Toys,North,Chandigarh,2472.09,3,20,7416.27,5933.02,UPI,4.5
ORD102163,2024-04-27,Beauty,East,Patna,641.7,5,5,3208.48,3048.06,Debit Card,4.4
ORD101078,2024-04-27,Home & Kitchen,South,Coimbatore,1215.67,3,0,3647.01,3647.01,UPI,2.6
ORD104914,2024-04-27,Sports,East,Bhubaneswar,4074.06,5,0,20370.28,20370.28,Debit Card,3.9
ORD100972,2024-04-27,Sports,North,Delhi,9061.37,4,10,36245.49,32620.94,Credit Card,3.1
ORD100771,2024-04-27,Electronics,North,Jaipur,29752.77,4,25,119011.09,89258.32,UPI,4.3
ORD100447,2024-04-27,Books,West,Pune,229.33,3,10,688.0,619.2,Net Banking,2.8
ORD103757,2024-04-27,Beauty,West,Pune,432.72,5,0,2163.62,2163.62,Cash on Delivery,3.9
ORD102750,2024-04-27,Beauty,North,Chandigarh,1208.13,4,10,4832.54,4349.28,UPI,5.0
ORD104576,2024-04-27,Electronics,West,Pune,34773.02,4,25,139092.09,104319.07,UPI,5.0
ORD103296,2024-04-27,Electronics,West,Pune,12168.44,5,5,60842.19,57800.08,UPI,3.8
ORD102709,2024-04-28,Books,North,Lucknow,832.82,3,0,2498.45,2498.45,UPI,4.4
ORD103783,2024-04-28,Home & Kitchen,North,Lucknow,911.88,1,5,911.88,866.29,UPI,3.4
ORD102023,2024-04-28,Electronics,South,Bengaluru,43977.58,3,0,131932.73,131932.73,Net Banking,3.7
ORD101269,2024-04-28,Books,South,Bengaluru,1183.03,5,15,5915.17,5027.89,UPI,4.2
ORD102564,2024-04-28,Electronics,South,Coimbatore,50627.39,4,0,202509.57,202509.57,Cash on Delivery,3.9
ORD101978,2024-04-28,Electronics,West,Ahmedabad,24261.5,5,5,121307.48,115242.11,Debit Card,3.4
ORD100722,2024-04-28,Electronics,East,Patna,27455.17,3,20,82365.52,65892.42,UPI,3.5
ORD101244,2024-04-29,Electronics,West,Mumbai,45199.53,5,5,225997.67,214697.79,Credit Card,3.9
ORD101552,2024-04-29,Sports,East,Guwahati,4191.71,5,5,20958.54,19910.61,Debit Card,4.1
ORD100433,2024-04-29,Electronics,South,Chennai,49131.21,4,5,196524.85,186698.61,UPI,4.8
ORD103113,2024-04-29,Electronics,South,Coimbatore,5465.27,5,10,27326.33,24593.7,UPI,3.4
ORD102489,2024-04-29,Books,North,Lucknow,1079.72,1,15,1079.72,917.76,Credit Card,4.4
ORD101675,2024-04-29,Books,East,Kolkata,1097.03,3,10,3291.08,2961.98,UPI,4.2
ORD104791,2024-04-29,Sports,West,Pune,2494.48,3,5,7483.45,7109.28,UPI,5.0
ORD100284,2024-04-29,Electronics,East,Patna,43641.83,5,0,218209.16,218209.16,Credit Card,3.9
ORD101957,2024-04-30,Toys,South,Hyderabad,2590.32,5,5,12951.62,12304.04,UPI,3.1
ORD104477,2024-04-30,Electronics,West,Ahmedabad,49214.16,3,20,147642.49,118114.0,Cash on Delivery,3.5
ORD100851,2024-04-30,Toys,East,Bhubaneswar,369.95,2,15,739.9,628.92,UPI,3.9
ORD104682,2024-05-01,Electronics,West,Pune,58303.31,3,20,174909.93,139927.95,Cash on Delivery,4.2
ORD101811,2024-05-01,Clothing,North,Jaipur,1044.86,5,0,5224.32,5224.32,UPI,4.7
ORD102594,2024-05-01,Beauty,North,Lucknow,1730.36,5,5,8651.81,8219.22,UPI,4.6
ORD100694,2024-05-01,Electronics,North,Delhi,42808.15,2,10,85616.31,77054.68,UPI,3.7
ORD100008,2024-05-01,Sports,South,Coimbatore,11241.51,2,0,22483.03,22483.03,Debit Card,4.2
ORD103895,2024-05-01,Beauty,South,Coimbatore,2222.88,1,10,2222.88,2000.59,Debit Card,4.1
ORD101852,2024-05-01,Electronics,East,Bhubaneswar,33378.81,2,15,66757.62,56743.98,Credit Card,5.0
ORD103404,2024-05-01,Books,West,Ahmedabad,527.88,3,0,1583.64,1583.64,Cash on Delivery,4.2
ORD100231,2024-05-02,Sports,South,Bengaluru,1218.57,4,5,4874.26,4630.55,Net Banking,4.3
ORD104451,2024-05-02,Toys,North,Delhi,2850.71,3,0,8552.12,8552.12,UPI,3.5
ORD103585,2024-05-02,Home & Kitchen,West,Surat,5858.57,3,0,17575.71,17575.71,UPI,4.4
ORD104240,2024-05-03,Home & Kitchen,North,Delhi,3932.62,2,0,7865.23,7865.23,Cash on Delivery,4.5
ORD103835,2024-05-03,Clothing,North,Chandigarh,967.18,5,5,4835.9,4594.11,Net Banking,3.1
ORD103408,2024-05-03,Electronics,East,Kolkata,39688.03,3,0,119064.08,119064.08,Debit Card,4.3
ORD102114,2024-05-03,Toys,West,Surat,3193.13,1,0,3193.13,3193.13,Credit Card,4.8
ORD102585,2024-05-03,Sports,South,Hyderabad,8163.51,2,10,16327.03,14694.33,Cash on Delivery,3.9
ORD104693,2024-05-03,Toys,North,Jaipur,1016.31,4,15,4065.23,3455.45,Credit Card,4.4
ORD100241,2024-05-03,Beauty,West,Pune,989.9,1,5,989.9,940.4,Cash on Delivery,3.3
ORD101574,2024-05-03,Electronics,North,Jaipur,26577.55,3,15,79732.66,67772.76,UPI,4.6
ORD103050,2024-05-03,Clothing,East,Bhubaneswar,2772.7,3,0,8318.1,8318.1,Net Banking,4.8
ORD102761,2024-05-03,Electronics,South,Bengaluru,52387.34,3,0,157162.03,157162.03,Credit Card,3.7
ORD102424,2024-05-03,Beauty,South,Bengaluru,1930.25,3,0,5790.75,5790.75,UPI,2.6
ORD103947,2024-05-04,Electronics,West,Surat,49551.49,5,15,247757.45,210593.83,Credit Card,4.2
ORD104845,2024-05-04,Books,South,Hyderabad,1120.11,2,0,2240.21,2240.21,Cash on Delivery,3.8
ORD103400,2024-05-04,Electronics,North,Lucknow,4713.14,4,0,18852.55,18852.55,Cash on Delivery,4.5
ORD100405,2024-05-04,Beauty,East,Guwahati,2049.91,5,0,10249.56,10249.56,Debit Card,2.5
ORD103405,2024-05-04,Books,North,Delhi,1013.46,3,0,3040.37,3040.37,Debit Card,3.1
ORD103531,2024-05-05,Home & Kitchen,East,Bhubaneswar,1023.33,2,10,2046.67,1842.0,UPI,3.5
ORD100813,2024-05-05,Sports,West,Ahmedabad,4036.79,1,25,4036.79,3027.6,Debit Card,4.2
ORD104243,2024-05-05,Electronics,North,Delhi,16979.97,2,5,33959.95,32261.95,UPI,4.8
ORD101993,2024-05-05,Books,West,Mumbai,270.7,3,10,812.1,730.89,UPI,4.6
ORD100637,2024-05-05,Clothing,North,Chandigarh,3669.27,4,15,14677.07,12475.51,Debit Card,4.2
ORD100900,2024-05-05,Beauty,North,Chandigarh,2141.37,1,10,2141.37,1927.23,Credit Card,4.0
ORD103372,2024-05-05,Clothing,West,Mumbai,1236.57,1,20,1236.57,989.26,UPI,4.7
ORD104382,2024-05-06,Books,South,Coimbatore,950.65,2,10,1901.3,1711.17,UPI,4.0
ORD101120,2024-05-06,Electronics,South,Hyderabad,18236.14,2,0,36472.27,36472.27,Credit Card,4.4
ORD103247,2024-05-06,Books,South,Hyderabad,573.58,5,0,2867.91,2867.91,UPI,3.8
ORD103135,2024-05-06,Toys,West,Surat,448.19,2,10,896.39,806.75,Net Banking,3.9
ORD103321,2024-05-06,Home & Kitchen,West,Mumbai,4037.07,3,15,12111.22,10294.54,UPI,4.7
ORD101843,2024-05-06,Sports,East,Guwahati,2491.57,2,5,4983.14,4733.98,Debit Card,4.8
ORD103563,2024-05-06,Clothing,West,Mumbai,3173.84,4,0,12695.36,12695.36,Debit Card,5.0
ORD104574,2024-05-06,Sports,West,Surat,2428.86,3,25,7286.57,5464.93,Debit Card,4.1
ORD100439,2024-05-06,Books,West,Ahmedabad,697.98,5,15,3489.89,2966.41,Net Banking,4.2
ORD100364,2024-05-07,Beauty,North,Chandigarh,2169.73,3,0,6509.19,6509.19,Credit Card,4.3
ORD104193,2024-05-07,Clothing,North,Jaipur,1072.03,4,0,4288.13,4288.13,Net Banking,4.5
ORD102648,2024-05-07,Beauty,West,Ahmedabad,2069.42,4,0,8277.68,8277.68,Debit Card,5.0
ORD104276,2024-05-07,Sports,North,Chandigarh,4375.62,4,5,17502.5,16627.37,Cash on Delivery,3.8
ORD103561,2024-05-07,Beauty,North,Lucknow,2816.17,2,15,5632.34,4787.49,UPI,3.7
ORD101309,2024-05-07,Home & Kitchen,South,Chennai,3785.87,1,0,3785.87,3785.87,UPI,3.5
ORD101286,2024-05-07,Toys,East,Patna,1719.26,3,10,5157.77,4641.99,Credit Card,3.2
ORD102378,2024-05-07,Toys,North,Lucknow,3058.77,1,0,3058.77,3058.77,Cash on Delivery,3.5
ORD104475,2024-05-08,Clothing,West,Pune,2905.18,3,0,8715.53,8715.53,Cash on Delivery,4.7
ORD104766,2024-05-08,Home & Kitchen,North,Chandigarh,970.9,3,0,2912.71,2912.71,UPI,3.6
ORD102978,2024-05-08,Beauty,West,Mumbai,1385.83,1,5,1385.83,1316.54,Debit Card,3.8
ORD102966,2024-05-08,Beauty,East,Guwahati,551.17,4,0,2204.69,2204.69,Net Banking,4.5
ORD104492,2024-05-08,Clothing,East,Kolkata,2032.5,4,0,8130.01,8130.01,Cash on Delivery,4.4
ORD102656,2024-05-08,Home & Kitchen,West,Pune,4583.51,1,0,4583.51,4583.51,Credit Card,4.3
ORD100101,2024-05-08,Books,North,Lucknow,780.99,3,10,2342.98,2108.68,UPI,3.8
ORD102492,2024-05-08,Electronics,East,Patna,23247.85,3,0,69743.54,69743.54,Cash on Delivery,3.4
ORD103999,2024-05-08,Clothing,North,Jaipur,3103.45,5,15,15517.24,13189.66,UPI,3.6
ORD102013,2024-05-08,Clothing,North,Lucknow,3365.47,4,15,13461.88,11442.59,Debit Card,4.0
ORD101091,2024-05-09,Electronics,North,Chandigarh,8709.91,4,20,34839.64,27871.71,Cash on Delivery,4.3
ORD101927,2024-05-09,Toys,West,Ahmedabad,1996.7,3,0,5990.09,5990.09,Credit Card,4.2
ORD101337,2024-05-09,Electronics,North,Jaipur,38163.71,3,20,114491.13,91592.9,Cash on Delivery,3.8
ORD102258,2024-05-09,Clothing,South,Chennai,1853.7,2,15,3707.4,3151.29,Cash on Delivery,2.6
ORD100220,2024-05-09,Home & Kitchen,North,Delhi,2292.64,4,0,9170.56,9170.56,Credit Card,5.0
ORD102353,2024-05-09,Books,North,Delhi,1110.57,2,0,2221.14,2221.14,Credit Card,4.1
ORD102493,2024-05-09,Books,West,Surat,467.04,2,15,934.08,793.97,Debit Card,3.7
ORD101706,2024-05-09,Home & Kitchen,South,Chennai,4424.41,3,10,13273.22,11945.9,Cash on Delivery,3.6
ORD102390,2024-05-09,Beauty,West,Mumbai,1409.99,5,0,7049.94,7049.94,Net Banking,2.9
ORD100280,2024-05-10,Toys,East,Patna,3078.13,5,5,15390.66,14621.13,Credit Card,4.3
ORD102850,2024-05-10,Electronics,North,Chandigarh,45690.03,4,0,182760.11,182760.11,UPI,2.3
ORD101384,2024-05-10,Toys,North,Jaipur,2943.03,1,15,2943.03,2501.57,Cash on Delivery,4.7
ORD100017,2024-05-10,Sports,South,Coimbatore,5375.97,5,5,26879.87,25535.88,UPI,3.9
ORD100044,2024-05-10,Sports,South,Coimbatore,7099.99,3,20,21299.96,17039.97,Credit Card,3.5
ORD102992,2024-05-10,Sports,East,Bhubaneswar,3914.19,4,10,15656.78,14091.1,Credit Card,4.1
ORD103017,2024-05-10,Clothing,East,Guwahati,2463.95,4,10,9855.81,8870.23,Debit Card,3.5
ORD101450,2024-05-10,Sports,West,Pune,4278.28,5,15,21391.41,18182.7,Debit Card,3.8
ORD104054,2024-05-11,Toys,East,Bhubaneswar,3381.23,2,0,6762.47,6762.47,Cash on Delivery,3.8
ORD101029,2024-05-11,Clothing,South,Hyderabad,419.76,2,0,839.53,839.53,Cash on Delivery,3.7
ORD102693,2024-05-11,Sports,South,Coimbatore,2230.36,2,20,4460.72,3568.58,Credit Card,2.7
ORD102696,2024-05-11,Home & Kitchen,North,Chandigarh,4221.66,1,15,4221.66,3588.41,Cash on Delivery,4.4
ORD103183,2024-05-11,Sports,West,Pune,11363.32,1,20,11363.32,9090.66,Cash on Delivery,4.5
ORD100626,2024-05-11,Electronics,South,Bengaluru,13013.49,2,10,26026.97,23424.28,UPI,3.5
ORD101619,2024-05-12,Clothing,West,Surat,1262.09,3,0,3786.26,3786.26,Net Banking,4.6
ORD100592,2024-05-12,Clothing,West,Ahmedabad,1498.25,3,0,4494.74,4494.74,Cash on Delivery,4.6
ORD100802,2024-05-12,Home & Kitchen,North,Delhi,4017.7,1,15,4017.7,3415.05,Credit Card,3.6
ORD102099,2024-05-12,Books,South,Hyderabad,982.1,3,10,2946.3,2651.67,UPI,2.6
ORD101950,2024-05-12,Beauty,South,Hyderabad,2685.16,3,15,8055.48,6847.16,Debit Card,4.0
ORD101119,2024-05-12,Electronics,East,Guwahati,41858.1,1,20,41858.1,33486.48,UPI,2.9
ORD104331,2024-05-13,Clothing,South,Bengaluru,1067.79,5,5,5338.95,5072.01,UPI,2.9
ORD102344,2024-05-13,Clothing,North,Lucknow,3863.93,1,0,3863.93,3863.93,Credit Card,5.0
ORD103797,2024-05-13,Home & Kitchen,South,Coimbatore,7545.24,3,0,22635.73,22635.73,Credit Card,2.9
ORD101102,2024-05-13,Books,North,Delhi,1003.92,4,20,4015.66,3212.53,Net Banking,3.5
ORD100658,2024-05-13,Clothing,North,Lucknow,679.56,1,5,679.56,645.58,Debit Card,4.6
ORD104471,2024-05-14,Sports,West,Mumbai,6436.56,4,10,25746.23,23171.61,UPI,4.2
ORD100117,2024-05-14,Clothing,North,Delhi,1993.03,2,0,3986.06,3986.06,Credit Card,3.8
ORD100310,2024-05-14,Sports,North,Delhi,11969.85,2,15,23939.7,20348.74,Cash on Delivery,4.5
ORD102651,2024-05-15,Electronics,South,Hyderabad,8082.82,1,0,8082.82,8082.82,UPI,3.5
ORD103223,2024-05-15,Sports,West,Mumbai,5216.12,1,15,5216.12,4433.7,UPI,4.8
ORD104700,2024-05-15,Clothing,East,Guwahati,2938.95,3,15,8816.85,7494.32,Credit Card,5.0
ORD101431,2024-05-16,Clothing,South,Bengaluru,1842.56,4,0,7370.22,7370.22,Cash on Delivery,3.6
ORD104363,2024-05-16,Home & Kitchen,North,Delhi,5090.6,2,0,10181.2,10181.2,UPI,4.6
ORD101011,2024-05-16,Books,South,Hyderabad,993.75,4,15,3974.98,3378.74,Debit Card,5.0
ORD103677,2024-05-16,Toys,West,Mumbai,2542.77,5,20,12713.87,10171.09,Net Banking,4.3
ORD103971,2024-05-16,Clothing,South,Chennai,371.5,5,15,1857.48,1578.86,Net Banking,2.2
ORD102763,2024-05-16,Toys,East,Kolkata,1008.44,4,0,4033.75,4033.75,Debit Card,5.0
ORD104516,2024-05-16,Toys,North,Jaipur,627.83,3,25,1883.48,1412.61,Cash on Delivery,3.5
ORD104583,2024-05-16,Books,North,Chandigarh,521.7,2,0,1043.39,1043.39,Credit Card,4.4
ORD101143,2024-05-16,Clothing,East,Kolkata,3073.47,4,20,12293.88,9835.1,UPI,3.1
ORD100944,2024-05-16,Home & Kitchen,North,Jaipur,2874.85,5,5,14374.25,13655.54,UPI,4.6
ORD100803,2024-05-17,Electronics,South,Bengaluru,10439.14,5,0,52195.7,52195.7,Debit Card,3.0
ORD102546,2024-05-17,Electronics,East,Bhubaneswar,19705.98,2,5,39411.96,37441.37,UPI,3.3
ORD103769,2024-05-17,Beauty,South,Chennai,339.47,4,0,1357.88,1357.88,Debit Card,3.7
ORD102769,2024-05-17,Beauty,West,Ahmedabad,1575.6,5,10,7878.02,7090.22,UPI,3.3
ORD104846,2024-05-17,Sports,North,Lucknow,5996.01,2,10,11992.03,10792.82,Debit Card,4.0
ORD104465,2024-05-18,Home & Kitchen,East,Patna,5234.45,2,20,10468.9,8375.12,UPI,5.0
ORD103441,2024-05-18,Electronics,West,Surat,8364.71,5,0,41823.54,41823.54,Cash on Delivery,5.0
ORD103936,2024-05-18,Toys,East,Patna,440.16,4,0,1760.63,1760.63,Cash on Delivery,4.7
ORD100984,2024-05-18,Clothing,North,Lucknow,861.19,1,25,861.19,645.89,Debit Card,3.7
ORD104645,2024-05-18,Toys,South,Hyderabad,722.81,5,15,3614.04,3071.93,Debit Card,4.6
ORD100105,2024-05-18,Toys,West,Surat,2654.89,4,5,10619.55,10088.57,Debit Card,3.6
ORD103450,2024-05-18,Home & Kitchen,East,Kolkata,2412.31,4,0,9649.26,9649.26,Credit Card,5.0
ORD104494,2024-05-19,Sports,South,Coimbatore,9547.4,2,0,19094.79,19094.79,Credit Card,4.5
ORD100977,2024-05-19,Sports,North,Jaipur,9347.16,3,0,28041.47,28041.47,Debit Card,3.1
ORD104247,2024-05-19,Clothing,North,Delhi,1233.0,3,5,3699.01,3514.06,Net Banking,4.4
ORD103472,2024-05-19,Home & Kitchen,South,Bengaluru,4068.04,5,0,20340.21,20340.21,Cash on Delivery,3.8
ORD101506,2024-05-19,Toys,North,Chandigarh,681.32,3,0,2043.97,2043.97,UPI,3.7
ORD101472,2024-05-20,Books,North,Delhi,1128.52,1,0,1128.52,1128.52,UPI,3.9
ORD104594,2024-05-20,Home & Kitchen,North,Jaipur,971.98,4,15,3887.94,3304.75,Debit Card,4.5
ORD102119,2024-05-20,Electronics,South,Hyderabad,44628.93,1,10,44628.93,40166.04,Cash on Delivery,3.9
ORD103955,2024-05-20,Toys,East,Guwahati,421.7,5,0,2108.5,2108.5,Credit Card,3.2
ORD101189,2024-05-20,Toys,West,Mumbai,861.21,5,0,4306.06,4306.06,UPI,4.3
ORD104174,2024-05-20,Toys,North,Delhi,444.27,1,10,444.27,399.85,Debit Card,5.0
ORD101110,2024-05-20,Books,East,Guwahati,894.14,5,20,4470.7,3576.56,Credit Card,2.8
ORD102162,2024-05-20,Home & Kitchen,North,Jaipur,6770.1,3,0,20310.29,20310.29,UPI,4.3
ORD103682,2024-05-20,Electronics,West,Mumbai,7861.98,1,5,7861.98,7468.88,UPI,4.0
ORD103558,2024-05-20,Beauty,South,Hyderabad,2181.19,3,5,6543.58,6216.41,Credit Card,3.0
ORD104267,2024-05-20,Clothing,North,Lucknow,2600.56,1,0,2600.56,2600.56,UPI,3.1
ORD103214,2024-05-21,Toys,West,Mumbai,2908.82,4,0,11635.3,11635.3,UPI,3.5
ORD102843,2024-05-21,Beauty,West,Pune,1349.38,3,0,4048.15,4048.15,UPI,4.1
ORD101494,2024-05-21,Home & Kitchen,South,Bengaluru,4767.35,4,0,19069.38,19069.38,Credit Card,4.1
ORD103081,2024-05-21,Home & Kitchen,West,Ahmedabad,2940.39,1,0,2940.39,2940.39,Credit Card,4.3
ORD102079,2024-05-22,Toys,East,Guwahati,1235.21,5,5,6176.06,5867.26,Debit Card,3.7
ORD101812,2024-05-22,Electronics,East,Bhubaneswar,17603.76,5,5,88018.79,83617.85,UPI,5.0
ORD100679,2024-05-22,Home & Kitchen,South,Hyderabad,5777.02,5,0,28885.08,28885.08,Debit Card,4.4
ORD101043,2024-05-22,Home & Kitchen,East,Bhubaneswar,5393.02,2,0,10786.05,10786.05,Debit Card,3.7
ORD100396,2024-05-22,Home & Kitchen,North,Jaipur,5593.74,4,5,22374.97,21256.22,Credit Card,4.4
ORD103057,2024-05-22,Sports,South,Chennai,4363.07,5,10,21815.34,19633.81,UPI,3.1
ORD102327,2024-05-22,Clothing,West,Surat,2906.54,3,5,8719.61,8283.63,Credit Card,4.4
ORD103847,2024-05-22,Sports,East,Guwahati,7570.6,3,10,22711.8,20440.62,Net Banking,3.8
ORD102130,2024-05-23,Toys,West,Surat,650.03,4,10,2600.12,2340.11,Debit Card,4.2
ORD100582,2024-05-23,Clothing,South,Bengaluru,2744.4,5,10,13721.99,12349.79,UPI,4.0
ORD102890,2024-05-23,Clothing,East,Guwahati,3182.19,3,25,9546.58,7159.93,Credit Card,3.6
ORD101201,2024-05-23,Toys,West,Ahmedabad,1728.71,2,5,3457.41,3284.54,Cash on Delivery,4.5
ORD100238,2024-05-23,Beauty,East,Patna,1745.19,5,20,8725.97,6980.78,Debit Card,3.6
ORD104937,2024-05-23,Clothing,North,Delhi,2913.57,4,0,11654.28,11654.28,UPI,4.4
ORD104626,2024-05-23,Electronics,East,Guwahati,45894.56,1,20,45894.56,36715.65,Debit Card,3.6
ORD100264,2024-05-23,Clothing,North,Chandigarh,2445.03,3,5,7335.08,6968.33,Credit Card,5.0
ORD100573,2024-05-23,Electronics,East,Patna,4455.43,1,15,4455.43,3787.12,UPI,4.2
ORD101045,2024-05-24,Electronics,North,Lucknow,7229.39,1,5,7229.39,6867.92,Credit Card,4.0
ORD101928,2024-05-24,Sports,West,Surat,6828.33,5,25,34141.65,25606.23,Debit Card,4.1
ORD100902,2024-05-24,Toys,South,Hyderabad,452.79,2,5,905.58,860.3,Credit Card,4.7
ORD102028,2024-05-24,Clothing,East,Bhubaneswar,3814.66,2,0,7629.32,7629.32,Credit Card,4.0
ORD100751,2024-05-24,Sports,West,Mumbai,4762.86,4,20,19051.44,15241.15,Debit Card,4.7
ORD100706,2024-05-24,Electronics,East,Bhubaneswar,35815.48,5,0,179077.4,179077.4,UPI,4.3
ORD101548,2024-05-24,Home & Kitchen,South,Bengaluru,2731.57,4,5,10926.28,10379.96,Net Banking,5.0
ORD101498,2024-05-25,Electronics,East,Guwahati,52768.14,4,10,211072.55,189965.3,Debit Card,3.7
ORD102188,2024-05-25,Toys,North,Chandigarh,726.17,1,0,726.17,726.17,Debit Card,2.9
ORD101308,2024-05-25,Clothing,South,Coimbatore,1536.48,5,0,7682.4,7682.4,Credit Card,4.9
ORD100911,2024-05-25,Electronics,East,Bhubaneswar,15028.96,4,0,60115.85,60115.85,Cash on Delivery,4.3
ORD102745,2024-05-25,Beauty,East,Patna,2435.82,1,20,2435.82,1948.65,Credit Card,4.7
ORD100725,2024-05-25,Toys,North,Jaipur,862.81,2,0,1725.62,1725.62,Debit Card,4.9
ORD104062,2024-05-26,Electronics,West,Surat,58403.79,3,15,175211.37,148929.66,Credit Card,4.5
ORD101853,2024-05-26,Electronics,South,Bengaluru,27481.52,4,0,109926.07,109926.07,UPI,4.2
ORD103485,2024-05-26,Sports,North,Jaipur,6972.09,4,10,27888.35,25099.52,Net Banking,5.0
ORD103514,2024-05-26,Home & Kitchen,West,Surat,2353.92,4,5,9415.67,8944.89,UPI,4.8
ORD101256,2024-05-26,Books,West,Ahmedabad,321.89,2,0,643.78,643.78,Cash on Delivery,3.1
ORD104575,2024-05-26,Clothing,East,Bhubaneswar,3263.55,3,5,9790.66,9301.13,UPI,4.3
ORD101600,2024-05-26,Beauty,North,Delhi,757.63,3,15,2272.9,1931.96,Credit Card,3.7
ORD102035,2024-05-26,Electronics,South,Hyderabad,4438.86,3,10,13316.58,11984.92,Debit Card,4.7
ORD100250,2024-05-26,Clothing,East,Patna,492.67,2,15,985.34,837.54,Credit Card,4.0
ORD101362,2024-05-27,Home & Kitchen,South,Hyderabad,621.51,4,0,2486.04,2486.04,Net Banking,4.8
ORD100251,2024-05-27,Toys,North,Chandigarh,3274.1,5,5,16370.48,15551.96,UPI,5.0
ORD102836,2024-05-27,Clothing,West,Ahmedabad,2072.01,3,5,6216.03,5905.23,UPI,4.2
ORD104323,2024-05-27,Clothing,North,Jaipur,3226.89,4,25,12907.56,9680.67,Debit Card,3.5
ORD103364,2024-05-27,Electronics,South,Coimbatore,4197.73,3,0,12593.18,12593.18,UPI,3.5
ORD102526,2024-05-27,Home & Kitchen,South,Hyderabad,6543.77,4,0,26175.07,26175.07,Credit Card,4.8
ORD101180,2024-05-27,Home & Kitchen,West,Mumbai,5544.26,3,5,16632.77,15801.13,Credit Card,3.2
ORD102249,2024-05-28,Clothing,East,Bhubaneswar,3711.63,3,0,11134.89,11134.89,Credit Card,3.8
ORD102567,2024-05-28,Electronics,North,Jaipur,48232.56,4,5,192930.24,183283.72,Cash on Delivery,2.9
ORD100664,2024-05-28,Home & Kitchen,North,Chandigarh,4489.29,3,5,13467.86,12794.46,UPI,2.6
ORD102407,2024-05-28,Home & Kitchen,South,Hyderabad,2649.86,5,5,13249.31,12586.85,Credit Card,4.7
ORD103744,2024-05-28,Electronics,West,Ahmedabad,4988.76,5,0,24943.78,24943.78,Net Banking,3.3
ORD102300,2024-05-28,Electronics,East,Kolkata,12923.57,4,5,51694.3,49109.58,Cash on Delivery,5.0
ORD101344,2024-05-28,Electronics,East,Guwahati,32015.83,1,10,32015.83,28814.25,Debit Card,3.7
ORD102602,2024-05-28,Clothing,East,Kolkata,2684.92,3,5,8054.76,7652.02,Credit Card,2.8
ORD104927,2024-05-29,Toys,West,Ahmedabad,1018.57,4,5,4074.26,3870.55,Cash on Delivery,4.2
ORD100406,2024-05-29,Books,North,Delhi,610.98,5,5,3054.9,2902.16,Net Banking,3.3
ORD104400,2024-05-30,Electronics,South,Coimbatore,12279.63,2,10,24559.25,22103.33,Cash on Delivery,4.3
ORD100581,2024-05-30,Beauty,South,Hyderabad,1426.64,3,20,4279.91,3423.93,Net Banking,4.6
ORD100259,2024-05-30,Home & Kitchen,West,Mumbai,2700.39,5,0,13501.97,13501.97,Credit Card,4.9
ORD104225,2024-05-30,Toys,North,Jaipur,294.84,4,10,1179.37,1061.44,Cash on Delivery,3.7
ORD101254,2024-05-30,Toys,East,Kolkata,2879.94,2,10,5759.89,5183.9,UPI,3.3
ORD102005,2024-05-30,Toys,South,Bengaluru,2061.17,5,0,10305.85,10305.85,UPI,4.0
ORD101446,2024-05-31,Sports,West,Pune,4515.21,1,0,4515.21,4515.21,Credit Card,4.1
ORD100282,2024-05-31,Clothing,East,Guwahati,3129.18,2,15,6258.36,5319.61,Debit Card,4.1
ORD101885,2024-05-31,Clothing,North,Delhi,2995.16,1,5,2995.16,2845.4,Cash on Delivery,4.2
ORD102175,2024-05-31,Sports,West,Surat,1464.05,1,5,1464.05,1390.85,Cash on Delivery,3.7
ORD101752,2024-06-01,Clothing,West,Mumbai,1170.55,3,0,3511.65,3511.65,Credit Card,4.9
ORD100298,2024-06-01,Electronics,North,Chandigarh,5895.86,5,15,29479.31,25057.42,Credit Card,4.2
ORD101316,2024-06-01,Electronics,South,Bengaluru,43081.71,1,5,43081.71,40927.62,UPI,4.2
ORD103267,2024-06-01,Electronics,East,Kolkata,43134.19,2,20,86268.38,69014.7,Net Banking,4.3
ORD104504,2024-06-01,Toys,North,Jaipur,929.81,2,25,1859.61,1394.71,UPI,4.8
ORD104148,2024-06-01,Clothing,North,Chandigarh,3363.65,3,20,10090.95,8072.76,Cash on Delivery,3.7
ORD101518,2024-06-01,Electronics,West,Surat,21674.1,5,15,108370.49,92114.92,UPI,3.0
ORD102700,2024-06-02,Electronics,South,Bengaluru,47557.65,3,10,142672.96,128405.66,Credit Card,4.2
ORD104348,2024-06-02,Clothing,West,Mumbai,1225.77,1,15,1225.77,1041.91,UPI,5.0
ORD103942,2024-06-02,Toys,West,Mumbai,2666.94,1,0,2666.94,2666.94,Cash on Delivery,4.3
ORD102178,2024-06-02,Electronics,South,Chennai,15092.67,5,25,75463.37,56597.53,UPI,4.2
ORD103093,2024-06-02,Electronics,West,Surat,48858.01,4,15,195432.03,166117.23,Credit Card,5.0
ORD102908,2024-06-02,Clothing,West,Surat,839.69,5,0,4198.47,4198.47,UPI,3.2
ORD101370,2024-06-02,Clothing,West,Pune,555.43,5,5,2777.14,2638.28,Credit Card,3.7
ORD100459,2024-06-02,Electronics,West,Mumbai,53613.21,3,0,160839.64,160839.64,UPI,4.2
ORD103661,2024-06-02,Sports,South,Coimbatore,11949.26,5,15,59746.3,50784.36,Debit Card,4.6
ORD104314,2024-06-02,Electronics,West,Ahmedabad,57936.18,5,15,289680.91,246228.78,UPI,4.0
ORD104049,2024-06-02,Sports,South,Chennai,11114.09,4,5,44456.35,42233.53,Credit Card,4.2
ORD100767,2024-06-02,Home & Kitchen,East,Kolkata,7635.39,3,10,22906.16,20615.55,Debit Card,2.9
ORD102096,2024-06-02,Home & Kitchen,North,Chandigarh,3388.66,1,0,3388.66,3388.66,Cash on Delivery,3.8
ORD104023,2024-06-02,Sports,East,Bhubaneswar,7119.39,5,15,35596.97,30257.42,Debit Card,4.7
ORD102435,2024-06-03,Sports,North,Delhi,2820.02,1,0,2820.02,2820.02,UPI,2.6
ORD104880,2024-06-03,Electronics,South,Chennai,44909.58,3,0,134728.74,134728.74,UPI,4.0
ORD100374,2024-06-03,Toys,West,Surat,1014.27,3,0,3042.8,3042.8,UPI,4.7
ORD104941,2024-06-03,Electronics,North,Jaipur,13500.0,4,20,53999.99,43199.99,Credit Card,4.5
ORD103393,2024-06-03,Books,North,Jaipur,690.75,4,0,2763.01,2763.01,Credit Card,4.3
ORD103987,2024-06-03,Electronics,East,Kolkata,51713.93,1,0,51713.93,51713.93,Cash on Delivery,3.6
ORD103021,2024-06-04,Electronics,South,Hyderabad,3572.27,4,5,14289.07,13574.62,Net Banking,3.2
ORD103342,2024-06-04,Sports,East,Kolkata,9748.76,1,5,9748.76,9261.32,UPI,3.2
ORD102409,2024-06-04,Electronics,North,Jaipur,28106.65,1,5,28106.65,26701.31,Credit Card,4.6
ORD104919,2024-06-04,Beauty,South,Coimbatore,1629.51,4,10,6518.04,5866.24,UPI,4.3
ORD102127,2024-06-04,Books,East,Kolkata,790.9,2,15,1581.79,1344.52,UPI,3.3
ORD101966,2024-06-04,Clothing,South,Coimbatore,1856.36,4,0,7425.45,7425.45,Credit Card,3.9
ORD103045,2024-06-04,Beauty,East,Patna,251.06,2,20,502.12,401.7,UPI,4.2
ORD103784,2024-06-04,Toys,East,Guwahati,3107.46,1,0,3107.46,3107.46,Debit Card,5.0
ORD101174,2024-06-04,Clothing,North,Chandigarh,3525.32,4,0,14101.29,14101.29,Credit Card,2.6
ORD103977,2024-06-04,Toys,North,Lucknow,794.6,4,0,3178.41,3178.41,Cash on Delivery,4.0
ORD104768,2024-06-04,Electronics,West,Mumbai,26917.58,2,20,53835.17,43068.13,UPI,4.2
ORD101087,2024-06-05,Sports,West,Mumbai,8780.98,4,10,35123.94,31611.55,Cash on Delivery,3.8
ORD101084,2024-06-05,Books,North,Chandigarh,518.88,1,20,518.88,415.11,UPI,3.8
ORD100096,2024-06-05,Electronics,East,Patna,12622.53,4,5,50490.13,47965.62,UPI,3.1
ORD101704,2024-06-05,Sports,East,Bhubaneswar,6461.87,1,15,6461.87,5492.59,Debit Card,4.6
ORD103829,2024-06-05,Electronics,South,Bengaluru,13418.35,1,15,13418.35,11405.6,Cash on Delivery,4.8
ORD103670,2024-06-05,Books,West,Surat,1054.34,5,0,5271.72,5271.72,Cash on Delivery,2.7
ORD101066,2024-06-05,Books,East,Kolkata,934.41,4,5,3737.63,3550.75,Cash on Delivery,3.4
ORD102340,2024-06-06,Sports,South,Coimbatore,9527.78,3,5,28583.33,27154.17,Net Banking,5.0
ORD100343,2024-06-06,Beauty,South,Coimbatore,2363.19,3,0,7089.57,7089.57,UPI,3.6
ORD101282,2024-06-06,Electronics,East,Bhubaneswar,33052.23,3,10,99156.7,89241.03,Credit Card,3.2
ORD103881,2024-06-07,Electronics,West,Mumbai,32497.61,2,0,64995.22,64995.22,Debit Card,4.5
ORD101878,2024-06-07,Clothing,West,Pune,1869.26,3,20,5607.79,4486.24,Credit Card,2.7
ORD101445,2024-06-07,Beauty,East,Patna,456.45,5,10,2282.26,2054.03,Debit Card,5.0
ORD102724,2024-06-07,Clothing,West,Mumbai,549.59,2,0,1099.18,1099.18,Credit Card,4.3
ORD101079,2024-06-07,Toys,West,Mumbai,2074.04,2,0,4148.08,4148.08,Debit Card,4.3
ORD102053,2024-06-07,Home & Kitchen,West,Mumbai,4182.49,2,10,8364.98,7528.48,Debit Card,5.0
ORD102147,2024-06-07,Sports,South,Bengaluru,8275.34,4,25,33101.36,24826.02,UPI,4.3
ORD102206,2024-06-08,Electronics,South,Bengaluru,36486.8,1,0,36486.8,36486.8,UPI,3.4
ORD102573,2024-06-08,Electronics,South,Coimbatore,5515.69,3,10,16547.07,14892.36,Debit Card,4.7
ORD100274,2024-06-08,Electronics,South,Chennai,20483.64,2,20,40967.28,32773.82,Debit Card,4.7
ORD100154,2024-06-08,Beauty,East,Bhubaneswar,2802.42,5,5,14012.08,13311.48,Cash on Delivery,4.3
ORD103636,2024-06-08,Electronics,North,Delhi,22369.47,1,20,22369.47,17895.57,Net Banking,3.9
ORD102248,2024-06-08,Toys,West,Mumbai,1203.13,4,15,4812.51,4090.63,UPI,4.7
ORD103816,2024-06-08,Beauty,North,Chandigarh,2318.17,3,15,6954.52,5911.34,UPI,3.7
ORD101551,2024-06-08,Sports,East,Kolkata,2724.78,4,0,10899.14,10899.14,Credit Card,4.3
ORD100494,2024-06-08,Books,East,Bhubaneswar,796.84,4,10,3187.36,2868.63,Debit Card,4.5
ORD101983,2024-06-09,Electronics,West,Ahmedabad,14068.64,2,5,28137.28,26730.41,UPI,3.9
ORD101461,2024-06-09,Clothing,South,Hyderabad,955.77,3,0,2867.31,2867.31,UPI,3.7
ORD102047,2024-06-09,Home & Kitchen,North,Chandigarh,2882.44,5,5,14412.22,13691.61,UPI,3.3
ORD100361,2024-06-09,Home & Kitchen,East,Patna,2695.06,4,0,10780.24,10780.24,UPI,3.5
ORD100026,2024-06-09,Beauty,North,Lucknow,778.27,2,0,1556.54,1556.54,UPI,3.7
ORD102304,2024-06-09,Clothing,South,Bengaluru,1917.78,5,5,9588.89,9109.45,Credit Card,3.6
ORD102751,2024-06-09,Clothing,East,Patna,2121.87,5,25,10609.34,7957.01,Cash on Delivery,4.3
ORD104413,2024-06-09,Electronics,South,Hyderabad,17976.57,4,0,71906.26,71906.26,Debit Card,3.3
ORD102858,2024-06-09,Electronics,South,Chennai,35987.0,5,20,179934.98,143947.98,Debit Card,3.7
ORD103917,2024-06-09,Clothing,North,Jaipur,408.34,3,10,1225.01,1102.51,UPI,3.5
ORD101168,2024-06-09,Clothing,East,Kolkata,2107.58,5,0,10537.91,10537.91,Cash on Delivery,3.8
ORD104779,2024-06-09,Clothing,South,Hyderabad,2663.72,5,0,13318.58,13318.58,UPI,3.6
ORD100304,2024-06-09,Clothing,West,Mumbai,508.61,3,10,1525.84,1373.25,Credit Card,4.6
ORD101219,2024-06-10,Electronics,West,Pune,52199.43,4,10,208797.72,187917.95,UPI,3.9
ORD104137,2024-06-10,Electronics,West,Mumbai,30244.9,2,5,60489.8,57465.31,Credit Card,2.9
ORD102984,2024-06-10,Electronics,South,Coimbatore,7244.45,3,25,21733.34,16300.0,UPI,3.7
ORD103192,2024-06-10,Sports,North,Delhi,3629.52,2,10,7259.05,6533.14,UPI,4.5
ORD103737,2024-06-10,Electronics,West,Surat,39858.87,4,0,159435.5,159435.5,Credit Card,4.0
ORD100077,2024-06-10,Sports,South,Coimbatore,8910.24,3,0,26730.72,26730.72,UPI,3.3
ORD103591,2024-06-10,Clothing,South,Chennai,2491.58,5,20,12457.88,9966.3,UPI,2.8
ORD101726,2024-06-10,Sports,East,Patna,7855.23,3,20,23565.69,18852.55,UPI,3.1
ORD102721,2024-06-10,Beauty,North,Jaipur,883.88,4,10,3535.54,3181.98,Debit Card,3.3
ORD101727,2024-06-11,Books,North,Lucknow,785.26,2,15,1570.51,1334.94,Credit Card,3.7
ORD102810,2024-06-11,Electronics,North,Chandigarh,26533.52,2,10,53067.04,47760.33,UPI,4.0
ORD103542,2024-06-11,Home & Kitchen,South,Coimbatore,5572.59,5,0,27862.95,27862.95,Cash on Delivery,4.3
ORD100593,2024-06-11,Sports,North,Chandigarh,2636.82,4,10,10547.29,9492.57,Debit Card,3.0
ORD101931,2024-06-11,Beauty,West,Ahmedabad,1942.22,5,10,9711.1,8739.99,Credit Card,3.9
ORD100301,2024-06-11,Home & Kitchen,South,Hyderabad,5858.73,5,25,29293.64,21970.23,Cash on Delivery,4.4
ORD103508,2024-06-11,Electronics,West,Ahmedabad,55427.61,3,5,166282.82,157968.68,UPI,4.2
ORD103464,2024-06-12,Electronics,North,Lucknow,45938.1,3,5,137814.3,130923.58,UPI,4.2
ORD104364,2024-06-12,Toys,East,Patna,3498.98,1,15,3498.98,2974.13,Cash on Delivery,4.6
ORD104077,2024-06-12,Beauty,North,Lucknow,959.84,5,5,4799.19,4559.23,Debit Card,4.6
ORD102463,2024-06-12,Sports,North,Chandigarh,2468.26,3,0,7404.79,7404.79,UPI,4.3
ORD102360,2024-06-12,Clothing,South,Chennai,304.63,4,0,1218.5,1218.5,Net Banking,5.0
ORD104425,2024-06-12,Electronics,West,Surat,23595.71,1,15,23595.71,20056.35,UPI,4.3
ORD102945,2024-06-12,Electronics,East,Bhubaneswar,41823.76,5,20,209118.79,167295.03,UPI,4.3
ORD100613,2024-06-13,Home & Kitchen,West,Surat,1147.79,5,20,5738.94,4591.15,Credit Card,3.9
ORD101961,2024-06-13,Toys,West,Mumbai,1939.7,4,5,7758.8,7370.86,UPI,5.0
ORD103424,2024-06-13,Sports,North,Chandigarh,4137.97,3,0,12413.92,12413.92,Net Banking,3.7
ORD101023,2024-06-13,Electronics,West,Surat,4368.33,2,10,8736.66,7862.99,Credit Card,4.1
ORD103458,2024-06-13,Electronics,North,Chandigarh,12764.67,1,5,12764.67,12126.43,Cash on Delivery,3.7
ORD101248,2024-06-13,Electronics,East,Bhubaneswar,17489.18,2,5,34978.36,33229.44,UPI,4.6
ORD102845,2024-06-13,Books,North,Lucknow,504.35,1,0,504.35,504.35,UPI,4.3
ORD104917,2024-06-14,Home & Kitchen,South,Chennai,6035.46,4,0,24141.86,24141.86,Debit Card,2.9
ORD104374,2024-06-14,Electronics,North,Delhi,19028.17,4,15,76112.7,64695.79,UPI,5.0
ORD101808,2024-06-14,Electronics,West,Mumbai,7956.52,5,10,39782.6,35804.34,Cash on Delivery,3.3
ORD103732,2024-06-14,Beauty,South,Coimbatore,1282.88,5,5,6414.39,6093.67,Credit Card,4.8
ORD100795,2024-06-14,Sports,South,Hyderabad,11031.49,2,0,22062.98,22062.98,UPI,4.0
ORD104312,2024-06-14,Clothing,East,Bhubaneswar,2356.37,3,0,7069.11,7069.11,Credit Card,4.1
ORD101776,2024-06-14,Electronics,North,Jaipur,58276.87,1,0,58276.87,58276.87,Credit Card,4.0
ORD104831,2024-06-14,Clothing,South,Hyderabad,2731.57,3,10,8194.71,7375.24,Debit Card,4.7
ORD100632,2024-06-15,Home & Kitchen,South,Chennai,4781.52,5,5,23907.6,22712.22,Credit Card,3.8
ORD102186,2024-06-15,Books,West,Ahmedabad,1150.89,1,15,1150.89,978.26,UPI,3.9
ORD104165,2024-06-15,Electronics,East,Patna,25811.02,5,20,129055.12,103244.09,Cash on Delivery,4.2
ORD102232,2024-06-15,Beauty,South,Hyderabad,1236.84,5,15,6184.2,5256.57,Net Banking,4.0
ORD102221,2024-06-15,Books,North,Chandigarh,197.52,4,5,790.08,750.57,Debit Card,3.7
ORD100048,2024-06-15,Toys,North,Jaipur,1240.29,3,5,3720.87,3534.83,UPI,4.7
ORD100507,2024-06-16,Books,West,Mumbai,664.43,4,5,2657.71,2524.83,Credit Card,4.0
ORD100606,2024-06-16,Clothing,North,Delhi,1326.92,4,20,5307.69,4246.15,UPI,3.8
ORD101602,2024-06-16,Home & Kitchen,South,Chennai,3281.79,2,5,6563.57,6235.39,Debit Card,5.0
ORD100994,2024-06-16,Beauty,West,Ahmedabad,224.91,4,5,899.65,854.66,UPI,3.5
ORD101326,2024-06-16,Beauty,West,Pune,1076.21,4,0,4304.86,4304.86,Credit Card,5.0
ORD104205,2024-06-16,Home & Kitchen,West,Mumbai,2811.59,4,0,11246.38,11246.38,UPI,4.3
ORD103251,2024-06-16,Home & Kitchen,East,Bhubaneswar,2760.15,5,5,13800.74,13110.71,Net Banking,5.0
ORD102561,2024-06-17,Home & Kitchen,South,Chennai,5030.95,3,0,15092.84,15092.84,Cash on Delivery,3.0
ORD104111,2024-06-17,Electronics,North,Chandigarh,29748.9,4,0,118995.62,118995.62,Credit Card,4.7
ORD101566,2024-06-18,Home & Kitchen,West,Surat,7211.73,3,0,21635.18,21635.18,Cash on Delivery,4.5
ORD103407,2024-06-18,Clothing,West,Surat,1241.96,4,10,4967.86,4471.07,Debit Card,3.3
ORD100607,2024-06-18,Beauty,South,Coimbatore,2106.16,3,0,6318.48,6318.48,Cash on Delivery,4.5
ORD104873,2024-06-18,Sports,North,Chandigarh,10262.37,1,5,10262.37,9749.25,Credit Card,3.5
ORD103981,2024-06-18,Beauty,West,Pune,1712.23,4,5,6848.93,6506.48,UPI,4.7
ORD101468,2024-06-18,Clothing,East,Kolkata,2310.69,5,0,11553.45,11553.45,Debit Card,4.3
ORD101612,2024-06-18,Sports,North,Chandigarh,7522.34,4,10,30089.35,27080.42,Credit Card,5.0
ORD104394,2024-06-18,Sports,North,Chandigarh,7991.29,2,5,15982.59,15183.46,Debit Card,4.0
ORD100150,2024-06-19,Home & Kitchen,East,Bhubaneswar,5719.44,1,5,5719.44,5433.47,Cash on Delivery,4.1
ORD103979,2024-06-19,Clothing,West,Pune,2265.36,2,5,4530.73,4304.19,Credit Card,4.3
ORD104617,2024-06-19,Beauty,South,Chennai,287.52,3,15,862.56,733.18,Cash on Delivery,4.4
ORD103778,2024-06-19,Electronics,West,Mumbai,11900.97,5,5,59504.87,56529.62,Debit Card,3.5
ORD101451,2024-06-19,Books,South,Hyderabad,1076.54,3,20,3229.63,2583.7,UPI,5.0
ORD101388,2024-06-20,Clothing,East,Guwahati,2774.05,4,5,11096.21,10541.4,Debit Card,3.7
ORD103343,2024-06-20,Sports,West,Ahmedabad,8831.18,1,0,8831.18,8831.18,UPI,5.0
ORD100341,2024-06-20,Clothing,East,Kolkata,3021.12,4,15,12084.46,10271.79,UPI,4.1
ORD102157,2024-06-20,Clothing,East,Bhubaneswar,3071.77,5,0,15358.85,15358.85,UPI,3.9
ORD100992,2024-06-20,Beauty,North,Jaipur,1492.43,1,0,1492.43,1492.43,Cash on Delivery,4.5
ORD102260,2024-06-20,Sports,South,Bengaluru,8375.0,4,10,33499.99,30149.99,UPI,3.4
ORD102589,2024-06-20,Sports,West,Pune,8590.68,1,0,8590.68,8590.68,Debit Card,3.9
ORD100663,2024-06-21,Sports,West,Mumbai,3021.36,3,5,9064.07,8610.87,Cash on Delivery,3.6
ORD103736,2024-06-21,Books,East,Kolkata,860.76,1,5,860.76,817.73,Net Banking,5.0
ORD102376,2024-06-21,Beauty,South,Hyderabad,672.73,4,5,2690.93,2556.38,Cash on Delivery,4.5
ORD102461,2024-06-21,Beauty,East,Guwahati,336.88,2,0,673.75,673.75,UPI,4.6
ORD100639,2024-06-21,Home & Kitchen,North,Jaipur,7678.29,3,0,23034.86,23034.86,Credit Card,3.6
ORD102506,2024-06-21,Beauty,East,Kolkata,2985.84,1,0,2985.84,2985.84,Cash on Delivery,4.5
ORD103991,2024-06-21,Sports,South,Bengaluru,11612.06,5,5,58060.31,55157.29,Credit Card,3.8
ORD100967,2024-06-21,Sports,West,Pune,11930.53,4,0,47722.1,47722.1,UPI,4.9
ORD103103,2024-06-21,Books,East,Patna,592.48,5,5,2962.4,2814.28,Debit Card,3.7
ORD103268,2024-06-22,Home & Kitchen,West,Pune,264.18,2,0,528.36,528.36,Debit Card,4.0
ORD103170,2024-06-22,Electronics,East,Patna,22774.59,5,25,113872.93,85404.7,Credit Card,4.4
ORD100604,2024-06-22,Sports,South,Hyderabad,5553.06,5,5,27765.32,26377.05,Credit Card,4.1
ORD104584,2024-06-23,Books,South,Bengaluru,1126.41,4,15,4505.65,3829.8,Debit Card,2.9
ORD104590,2024-06-23,Toys,West,Pune,3334.9,3,0,10004.71,10004.71,Debit Card,4.8
ORD101207,2024-06-23,Clothing,South,Bengaluru,1344.98,4,20,5379.92,4303.94,Debit Card,4.9
ORD102020,2024-06-23,Electronics,East,Bhubaneswar,15898.67,5,5,79493.35,75518.68,Credit Card,5.0
ORD103794,2024-06-23,Beauty,East,Patna,1803.13,2,5,3606.25,3425.94,Credit Card,3.2
ORD104185,2024-06-23,Toys,West,Ahmedabad,3388.43,5,0,16942.17,16942.17,Debit Card,3.8
ORD103696,2024-06-23,Beauty,North,Delhi,1095.39,2,0,2190.78,2190.78,UPI,4.7
ORD100380,2024-06-24,Sports,South,Chennai,5589.44,4,0,22357.74,22357.74,Credit Card,4.9
ORD103034,2024-06-24,Beauty,East,Kolkata,2575.14,3,0,7725.43,7725.43,Cash on Delivery,2.6
ORD101578,2024-06-24,Beauty,East,Patna,2750.21,5,10,13751.03,12375.93,UPI,4.2
ORD104373,2024-06-24,Clothing,East,Patna,2627.95,5,0,13139.73,13139.73,Credit Card,4.4
ORD100728,2024-06-25,Clothing,East,Guwahati,1845.94,3,5,5537.82,5260.93,Credit Card,2.9
ORD104511,2024-06-25,Books,North,Chandigarh,432.55,2,0,865.11,865.11,UPI,4.3
ORD103684,2024-06-25,Sports,North,Chandigarh,10820.92,4,10,43283.7,38955.33,Credit Card,4.5
ORD101169,2024-06-25,Sports,South,Bengaluru,10713.09,1,0,10713.09,10713.09,Debit Card,2.9
ORD102876,2024-06-25,Clothing,West,Ahmedabad,1787.76,3,10,5363.28,4826.95,Cash on Delivery,3.7
ORD100560,2024-06-25,Sports,East,Patna,5556.76,4,15,22227.04,18892.99,UPI,4.5
ORD103638,2024-06-26,Clothing,West,Ahmedabad,2657.79,1,10,2657.79,2392.01,UPI,4.8
ORD100701,2024-06-26,Electronics,North,Chandigarh,47829.95,2,5,95659.9,90876.91,UPI,4.3
ORD102859,2024-06-26,Beauty,North,Jaipur,2015.14,5,20,10075.7,8060.56,Credit Card,3.7
ORD101224,2024-06-26,Electronics,West,Surat,34945.01,4,5,139780.06,132791.06,Debit Card,3.6
ORD102002,2024-06-26,Beauty,East,Kolkata,792.37,2,0,1584.73,1584.73,Credit Card,4.3
ORD104752,2024-06-26,Beauty,North,Delhi,544.32,4,0,2177.3,2177.3,Debit Card,4.8
ORD102934,2024-06-26,Books,East,Bhubaneswar,1094.25,3,10,3282.74,2954.47,UPI,4.1
ORD104948,2024-06-27,Electronics,West,Surat,24592.35,3,5,73777.05,70088.2,Net Banking,2.8
ORD101161,2024-06-27,Electronics,North,Delhi,55422.68,5,0,277113.41,277113.41,Cash on Delivery,3.8
ORD101055,2024-06-27,Beauty,South,Coimbatore,1143.0,5,0,5715.02,5715.02,UPI,4.4
ORD104236,2024-06-27,Clothing,South,Chennai,3747.6,1,0,3747.6,3747.6,Credit Card,4.7
ORD103182,2024-06-27,Electronics,East,Guwahati,17627.88,5,5,88139.4,83732.43,UPI,3.8
ORD100483,2024-06-28,Electronics,North,Chandigarh,8452.88,2,5,16905.75,16060.46,Cash on Delivery,5.0
ORD102317,2024-06-28,Clothing,West,Mumbai,1372.96,4,10,5491.85,4942.67,Debit Card,4.1
ORD101165,2024-06-28,Sports,East,Kolkata,3952.54,5,15,19762.72,16798.31,Cash on Delivery,5.0
ORD104084,2024-06-29,Beauty,South,Hyderabad,1792.14,2,5,3584.27,3405.06,Net Banking,4.6
ORD104090,2024-06-29,Clothing,East,Kolkata,3981.24,3,5,11943.72,11346.53,UPI,2.6
ORD100354,2024-06-29,Clothing,East,Bhubaneswar,1913.99,4,20,7655.97,6124.78,UPI,3.8
ORD104942,2024-06-29,Toys,East,Guwahati,2939.82,2,5,5879.63,5585.65,UPI,3.9
ORD103775,2024-06-30,Beauty,South,Chennai,737.86,3,10,2213.59,1992.23,Debit Card,4.9
ORD101162,2024-06-30,Clothing,South,Hyderabad,2604.87,5,5,13024.34,12373.12,Debit Card,2.7
ORD104806,2024-06-30,Sports,West,Surat,2112.25,3,0,6336.75,6336.75,UPI,4.1
ORD101136,2024-06-30,Sports,East,Kolkata,8445.23,1,0,8445.23,8445.23,Credit Card,4.6
ORD102815,2024-06-30,Clothing,East,Bhubaneswar,2475.21,1,0,2475.21,2475.21,UPI,4.2
ORD102795,2024-06-30,Toys,East,Bhubaneswar,1518.26,2,20,3036.51,2429.21,Credit Card,3.5
ORD101249,2024-06-30,Electronics,East,Guwahati,26480.43,4,5,105921.7,100625.62,Credit Card,4.8
ORD104892,2024-06-30,Electronics,North,Lucknow,42245.44,5,10,211227.21,190104.49,UPI,4.1
ORD100631,2024-06-30,Books,West,Ahmedabad,1064.35,4,10,4257.4,3831.66,UPI,3.8
ORD102741,2024-07-01,Home & Kitchen,South,Hyderabad,6787.47,1,10,6787.47,6108.72,Credit Card,3.5
ORD102442,2024-07-01,Beauty,North,Delhi,1229.93,5,5,6149.64,5842.16,UPI,4.2
ORD102743,2024-07-01,Toys,South,Bengaluru,1996.87,4,0,7987.49,7987.49,Credit Card,4.4
ORD100817,2024-07-01,Toys,South,Hyderabad,522.3,3,10,1566.9,1410.21,Debit Card,2.9
ORD102470,2024-07-01,Clothing,East,Patna,399.57,5,0,1997.85,1997.85,UPI,4.7
ORD104187,2024-07-01,Beauty,South,Bengaluru,343.08,3,10,1029.25,926.33,UPI,3.9
ORD101452,2024-07-01,Toys,North,Jaipur,1173.52,2,15,2347.05,1994.99,Credit Card,4.6
ORD103239,2024-07-01,Books,North,Jaipur,741.37,3,10,2224.12,2001.71,UPI,4.8
ORD103625,2024-07-01,Electronics,South,Bengaluru,10180.99,1,10,10180.99,9162.89,Net Banking,3.7
ORD102582,2024-07-01,Toys,West,Pune,3409.28,5,0,17046.39,17046.39,UPI,4.4
ORD103479,2024-07-02,Electronics,South,Hyderabad,26769.85,5,10,133849.25,120464.32,Debit Card,3.2
ORD100230,2024-07-02,Clothing,East,Patna,1355.28,5,0,6776.42,6776.42,Credit Card,3.3
ORD103600,2024-07-02,Beauty,South,Hyderabad,2338.47,2,20,4676.94,3741.55,Credit Card,4.2
ORD101999,2024-07-02,Home & Kitchen,West,Mumbai,2442.39,3,5,7327.16,6960.8,Debit Card,4.6
ORD104920,2024-07-02,Beauty,West,Mumbai,1635.59,5,10,8177.96,7360.17,Credit Card,4.9
ORD100804,2024-07-02,Clothing,South,Chennai,1126.95,2,25,2253.89,1690.42,Cash on Delivery,2.0
ORD104467,2024-07-03,Electronics,East,Guwahati,32354.16,3,10,97062.47,87356.22,UPI,4.4
ORD104120,2024-07-03,Sports,East,Bhubaneswar,10413.88,5,0,52069.38,52069.38,UPI,4.7
ORD101996,2024-07-03,Clothing,West,Ahmedabad,3107.34,3,15,9322.02,7923.72,Debit Card,5.0
ORD104659,2024-07-03,Clothing,North,Lucknow,1970.07,2,0,3940.14,3940.14,Net Banking,4.5
ORD102653,2024-07-04,Home & Kitchen,North,Chandigarh,1264.48,3,10,3793.43,3414.09,Debit Card,4.4
ORD101899,2024-07-04,Beauty,West,Mumbai,1170.17,3,20,3510.51,2808.41,Debit Card,5.0
ORD100588,2024-07-04,Clothing,West,Ahmedabad,510.54,2,15,1021.07,867.91,Credit Card,4.0
ORD100242,2024-07-05,Sports,West,Mumbai,5432.41,1,0,5432.41,5432.41,Credit Card,3.4
ORD101350,2024-07-05,Books,West,Pune,960.62,5,5,4803.11,4562.95,UPI,5.0
ORD103965,2024-07-05,Beauty,South,Coimbatore,1617.81,5,10,8089.03,7280.13,Cash on Delivery,5.0
ORD104447,2024-07-05,Home & Kitchen,North,Delhi,4007.68,1,0,4007.68,4007.68,Credit Card,4.2
ORD101507,2024-07-05,Electronics,West,Mumbai,48193.29,1,0,48193.29,48193.29,Cash on Delivery,4.4
ORD101448,2024-07-06,Clothing,East,Bhubaneswar,2479.21,3,0,7437.63,7437.63,Credit Card,5.0
ORD103560,2024-07-06,Home & Kitchen,East,Bhubaneswar,4999.82,4,0,19999.28,19999.28,UPI,3.9
ORD103338,2024-07-06,Sports,East,Guwahati,5763.28,4,15,23053.11,19595.14,UPI,5.0
ORD102705,2024-07-06,Clothing,West,Mumbai,3768.21,1,5,3768.21,3579.8,UPI,4.4
ORD102798,2024-07-06,Electronics,East,Guwahati,22217.11,4,20,88868.42,71094.74,Cash on Delivery,4.7
ORD100092,2024-07-06,Electronics,South,Coimbatore,48440.5,3,0,145321.51,145321.51,Cash on Delivery,3.7
ORD103781,2024-07-06,Clothing,East,Guwahati,2973.1,4,0,11892.41,11892.41,UPI,4.2
ORD102725,2024-07-06,Clothing,East,Kolkata,3180.26,5,5,15901.31,15106.24,Cash on Delivery,3.5
ORD103595,2024-07-06,Home & Kitchen,South,Hyderabad,4765.73,5,0,23828.66,23828.66,Credit Card,5.0
ORD104452,2024-07-06,Electronics,North,Lucknow,27704.78,2,5,55409.57,52639.09,Net Banking,4.2
ORD103579,2024-07-06,Books,East,Kolkata,942.15,2,0,1884.29,1884.29,Cash on Delivery,3.7
ORD100453,2024-07-07,Clothing,East,Patna,464.91,3,5,1394.73,1324.99,UPI,4.5
ORD104879,2024-07-07,Clothing,South,Hyderabad,3319.22,2,0,6638.44,6638.44,UPI,5.0
ORD104076,2024-07-07,Books,West,Ahmedabad,173.91,5,10,869.53,782.58,Debit Card,4.7
ORD100038,2024-07-08,Electronics,East,Guwahati,58670.88,2,5,117341.75,111474.66,Debit Card,5.0
ORD100651,2024-07-08,Electronics,North,Lucknow,44244.31,2,10,88488.63,79639.76,Credit Card,5.0
ORD100173,2024-07-08,Electronics,West,Ahmedabad,49519.67,2,0,99039.33,99039.33,Credit Card,4.2
ORD102410,2024-07-08,Home & Kitchen,North,Lucknow,3758.44,3,0,11275.33,11275.33,Net Banking,4.1
ORD102565,2024-07-08,Electronics,West,Ahmedabad,16052.64,2,5,32105.29,30500.03,Credit Card,4.2
ORD100404,2024-07-08,Clothing,West,Mumbai,1461.96,2,5,2923.93,2777.73,Cash on Delivery,4.6
ORD103023,2024-07-08,Home & Kitchen,North,Chandigarh,805.6,3,15,2416.8,2054.28,Cash on Delivery,3.2
ORD100545,2024-07-08,Books,East,Guwahati,743.06,2,10,1486.12,1337.51,Credit Card,4.2
ORD103222,2024-07-08,Beauty,East,Guwahati,1184.65,4,0,4738.6,4738.6,Credit Card,3.4
ORD100653,2024-07-09,Home & Kitchen,East,Bhubaneswar,7027.57,2,10,14055.13,12649.62,Credit Card,4.7
ORD103053,2024-07-09,Toys,West,Surat,2745.41,5,15,13727.06,11668.0,Credit Card,3.8
ORD101614,2024-07-09,Home & Kitchen,South,Hyderabad,1586.34,1,0,1586.34,1586.34,UPI,4.1
ORD100359,2024-07-09,Beauty,North,Lucknow,1942.99,2,5,3885.97,3691.67,UPI,3.1
ORD104867,2024-07-09,Electronics,North,Lucknow,50398.42,2,10,100796.84,90717.15,UPI,4.3
ORD103058,2024-07-09,Toys,North,Delhi,1801.8,5,25,9009.01,6756.76,UPI,3.0
ORD104151,2024-07-09,Home & Kitchen,South,Bengaluru,305.25,3,0,915.74,915.74,UPI,4.4
ORD104985,2024-07-10,Clothing,East,Bhubaneswar,2310.64,5,10,11553.18,10397.86,UPI,4.9
ORD102487,2024-07-10,Clothing,East,Guwahati,719.91,5,0,3599.53,3599.53,UPI,4.6
ORD100337,2024-07-10,Electronics,West,Surat,58175.76,3,15,174527.29,148348.19,Net Banking,4.7
ORD100890,2024-07-10,Toys,East,Patna,2756.59,4,0,11026.35,11026.35,Debit Card,4.4
ORD100024,2024-07-10,Toys,West,Ahmedabad,2219.04,1,20,2219.04,1775.23,Cash on Delivery,4.1
ORD101668,2024-07-10,Home & Kitchen,East,Kolkata,3896.54,2,0,7793.07,7793.07,Net Banking,5.0
ORD104188,2024-07-10,Books,West,Mumbai,1154.86,3,20,3464.58,2771.67,Cash on Delivery,5.0
ORD100538,2024-07-10,Beauty,West,Surat,1774.45,5,25,8872.26,6654.19,Credit Card,5.0
ORD104614,2024-07-11,Beauty,East,Patna,2519.81,2,5,5039.62,4787.64,Credit Card,5.0
ORD104031,2024-07-11,Sports,East,Kolkata,9941.52,4,15,39766.08,33801.17,UPI,4.8
ORD104896,2024-07-11,Toys,West,Mumbai,2672.0,3,10,8015.99,7214.39,UPI,4.3
ORD103362,2024-07-11,Sports,South,Bengaluru,6566.22,2,10,13132.44,11819.2,UPI,3.2
ORD102021,2024-07-11,Electronics,North,Jaipur,22389.34,2,5,44778.68,42539.75,Net Banking,3.9
ORD104207,2024-07-11,Home & Kitchen,West,Pune,6430.09,1,5,6430.09,6108.59,UPI,4.9
ORD101208,2024-07-12,Toys,South,Chennai,2795.0,5,10,13975.0,12577.5,Debit Card,4.4
ORD101807,2024-07-12,Clothing,North,Chandigarh,1982.44,1,0,1982.44,1982.44,Credit Card,5.0
ORD103191,2024-07-12,Home & Kitchen,West,Pune,3966.95,1,0,3966.95,3966.95,Debit Card,4.0
ORD103567,2024-07-12,Home & Kitchen,South,Chennai,5378.65,2,25,10757.3,8067.98,UPI,3.5
ORD103534,2024-07-12,Clothing,North,Lucknow,3940.09,1,5,3940.09,3743.08,UPI,3.9
ORD100962,2024-07-12,Sports,North,Jaipur,4752.62,2,10,9505.25,8554.72,Debit Card,3.4
ORD104157,2024-07-12,Clothing,North,Jaipur,2127.19,3,5,6381.58,6062.5,UPI,2.8
ORD104654,2024-07-12,Toys,West,Mumbai,426.64,5,0,2133.2,2133.2,Net Banking,4.0
ORD100610,2024-07-12,Home & Kitchen,South,Chennai,4209.88,2,0,8419.76,8419.76,Debit Card,3.9
ORD101564,2024-07-13,Home & Kitchen,North,Delhi,1839.57,4,0,7358.28,7358.28,UPI,4.1
ORD104762,2024-07-13,Home & Kitchen,North,Jaipur,3457.49,3,0,10372.47,10372.47,Debit Card,4.8
ORD100311,2024-07-13,Books,East,Guwahati,1032.63,4,10,4130.54,3717.48,UPI,3.9
ORD104588,2024-07-13,Electronics,North,Jaipur,17162.36,1,0,17162.36,17162.36,UPI,5.0
ORD100824,2024-07-13,Beauty,North,Chandigarh,2813.38,4,0,11253.51,11253.51,Net Banking,4.9
ORD103827,2024-07-13,Beauty,East,Kolkata,2804.38,1,0,2804.38,2804.38,Cash on Delivery,5.0
ORD103341,2024-07-13,Clothing,East,Guwahati,3744.92,4,10,14979.69,13481.72,UPI,4.9
ORD100825,2024-07-13,Books,West,Mumbai,269.82,3,25,809.46,607.1,Debit Card,5.0
ORD104493,2024-07-14,Electronics,West,Mumbai,5121.49,5,5,25607.47,24327.1,Debit Card,3.6
ORD102994,2024-07-14,Books,East,Patna,724.69,4,5,2898.77,2753.83,Net Banking,4.1
ORD101663,2024-07-14,Sports,West,Pune,3370.43,1,0,3370.43,3370.43,UPI,4.7
ORD102321,2024-07-14,Clothing,North,Chandigarh,2685.9,5,10,13429.51,12086.56,Debit Card,4.1
ORD100525,2024-07-14,Electronics,North,Delhi,58572.89,4,15,234291.56,199147.83,UPI,3.8
ORD100422,2024-07-14,Electronics,North,Delhi,34922.22,1,5,34922.22,33176.11,UPI,4.2
ORD102828,2024-07-14,Clothing,West,Surat,1719.9,3,10,5159.7,4643.73,Debit Card,5.0
ORD101073,2024-07-14,Sports,North,Lucknow,5671.82,2,10,11343.64,10209.28,Net Banking,4.8
ORD103359,2024-07-14,Electronics,South,Hyderabad,50741.13,1,5,50741.13,48204.08,UPI,2.6
ORD104261,2024-07-15,Electronics,West,Mumbai,13422.33,2,0,26844.65,26844.65,UPI,3.4
ORD103685,2024-07-16,Home & Kitchen,North,Lucknow,3560.76,3,10,10682.29,9614.06,UPI,2.8
ORD102880,2024-07-16,Home & Kitchen,East,Kolkata,5296.98,3,0,15890.95,15890.95,UPI,2.8
ORD104161,2024-07-16,Sports,South,Bengaluru,2328.78,4,20,9315.14,7452.11,Debit Card,4.2
ORD100236,2024-07-16,Home & Kitchen,West,Surat,7593.33,2,5,15186.67,14427.34,Credit Card,4.6
ORD101051,2024-07-16,Clothing,West,Ahmedabad,2945.62,4,5,11782.47,11193.35,Debit Card,5.0
ORD101980,2024-07-16,Sports,East,Patna,9476.75,4,5,37907.02,36011.67,Net Banking,4.1
ORD102753,2024-07-16,Home & Kitchen,North,Delhi,7811.32,3,0,23433.97,23433.97,Credit Card,4.2
ORD102839,2024-07-17,Home & Kitchen,West,Mumbai,2876.91,5,0,14384.57,14384.57,UPI,3.8
ORD104046,2024-07-17,Home & Kitchen,South,Chennai,7111.77,5,0,35558.87,35558.87,UPI,4.5
ORD104639,2024-07-17,Books,North,Jaipur,606.06,4,0,2424.25,2424.25,UPI,2.5
ORD103855,2024-07-17,Home & Kitchen,West,Ahmedabad,1927.78,4,15,7711.11,6554.45,Debit Card,4.1
ORD101744,2024-07-17,Home & Kitchen,West,Ahmedabad,2215.09,2,0,4430.17,4430.17,UPI,2.3
ORD102504,2024-07-18,Home & Kitchen,East,Kolkata,3993.65,1,0,3993.65,3993.65,Debit Card,4.8
ORD101411,2024-07-18,Sports,South,Hyderabad,10677.76,3,5,32033.27,30431.61,Cash on Delivery,3.9
ORD102514,2024-07-18,Clothing,West,Pune,2479.56,5,0,12397.81,12397.81,Debit Card,4.6
ORD101296,2024-07-19,Clothing,South,Hyderabad,3474.34,4,20,13897.37,11117.9,UPI,4.5
ORD104701,2024-07-19,Home & Kitchen,East,Kolkata,6165.57,4,0,24662.28,24662.28,UPI,3.0
ORD100118,2024-07-19,Sports,West,Pune,10059.72,1,15,10059.72,8550.76,UPI,3.7
ORD103048,2024-07-19,Clothing,South,Bengaluru,3169.65,4,0,12678.59,12678.59,Credit Card,2.8
ORD100707,2024-07-19,Electronics,South,Hyderabad,41943.97,5,5,209719.84,199233.84,UPI,3.5
ORD100240,2024-07-19,Books,East,Bhubaneswar,865.81,2,15,1731.62,1471.88,Cash on Delivery,4.6
ORD103413,2024-07-19,Home & Kitchen,South,Chennai,5426.08,4,25,21704.31,16278.23,Cash on Delivery,3.9
ORD103154,2024-07-19,Beauty,East,Bhubaneswar,1166.79,4,15,4667.17,3967.09,Credit Card,4.3
ORD101369,2024-07-19,Clothing,North,Delhi,1818.16,3,5,5454.48,5181.76,Cash on Delivery,4.3
ORD103562,2024-07-19,Toys,South,Chennai,1620.01,1,0,1620.01,1620.01,Credit Card,4.1
ORD102187,2024-07-20,Home & Kitchen,East,Kolkata,2778.37,1,5,2778.37,2639.45,Debit Card,5.0
ORD103366,2024-07-20,Home & Kitchen,North,Delhi,1262.82,3,0,3788.45,3788.45,Cash on Delivery,5.0
ORD104134,2024-07-20,Sports,North,Delhi,877.16,5,10,4385.8,3947.22,Credit Card,3.6
ORD104288,2024-07-20,Home & Kitchen,East,Kolkata,3106.76,4,20,12427.04,9941.63,Debit Card,4.8
ORD103291,2024-07-20,Electronics,West,Mumbai,53630.57,3,5,160891.72,152847.13,Cash on Delivery,4.5
ORD100078,2024-07-20,Books,South,Hyderabad,401.02,4,5,1604.08,1523.87,Debit Card,4.4
ORD101144,2024-07-20,Home & Kitchen,East,Patna,7918.59,3,15,23755.78,20192.41,UPI,4.5
ORD102703,2024-07-20,Clothing,South,Hyderabad,1695.36,2,5,3390.72,3221.18,Credit Card,4.8
ORD100667,2024-07-21,Sports,North,Chandigarh,7702.92,4,15,30811.69,26189.94,Credit Card,3.2
ORD102612,2024-07-21,Books,East,Bhubaneswar,405.37,4,15,1621.46,1378.24,Debit Card,4.4
ORD104410,2024-07-21,Electronics,South,Hyderabad,57722.73,4,20,230890.92,184712.74,Debit Card,4.5
ORD100229,2024-07-21,Books,South,Chennai,301.66,1,0,301.66,301.66,Credit Card,3.5
ORD102835,2024-07-21,Toys,North,Delhi,966.24,1,0,966.24,966.24,Cash on Delivery,4.1
ORD103124,2024-07-21,Beauty,East,Patna,1773.76,2,10,3547.53,3192.77,Cash on Delivery,3.5
ORD103380,2024-07-22,Home & Kitchen,East,Bhubaneswar,353.24,5,15,1766.22,1501.28,UPI,3.6
ORD104303,2024-07-22,Clothing,South,Hyderabad,1363.14,2,0,2726.28,2726.28,Net Banking,4.3
ORD100470,2024-07-22,Electronics,North,Delhi,25601.65,5,5,128008.24,121607.83,Debit Card,4.1
ORD103533,2024-07-22,Sports,West,Mumbai,7203.38,4,15,28813.54,24491.51,Credit Card,4.1
ORD101960,2024-07-22,Toys,East,Bhubaneswar,2314.76,3,10,6944.28,6249.85,Debit Card,4.0
ORD104778,2024-07-22,Toys,East,Patna,2767.32,2,5,5534.64,5257.91,Cash on Delivery,5.0
ORD103833,2024-07-23,Electronics,North,Delhi,7555.85,1,15,7555.85,6422.47,Net Banking,3.7
ORD100812,2024-07-23,Books,North,Chandigarh,1092.28,1,0,1092.28,1092.28,Credit Card,4.0
ORD103646,2024-07-23,Books,West,Ahmedabad,553.94,1,5,553.94,526.25,Cash on Delivery,3.7
ORD104468,2024-07-23,Books,South,Coimbatore,1119.49,3,5,3358.46,3190.54,UPI,4.5
ORD102818,2024-07-23,Clothing,East,Guwahati,3871.67,1,0,3871.67,3871.67,Cash on Delivery,4.8
ORD104597,2024-07-23,Clothing,North,Lucknow,1699.67,1,5,1699.67,1614.69,UPI,4.9
ORD104570,2024-07-24,Books,South,Hyderabad,273.0,2,25,545.99,409.5,UPI,4.2
ORD100064,2024-07-24,Electronics,South,Coimbatore,35071.15,2,0,70142.3,70142.3,UPI,5.0
ORD104119,2024-07-24,Beauty,North,Lucknow,942.37,1,15,942.37,801.01,Credit Card,4.6
ORD102355,2024-07-24,Clothing,West,Ahmedabad,2927.12,2,0,5854.25,5854.25,Net Banking,3.5
ORD101985,2024-07-24,Electronics,North,Jaipur,42640.77,1,0,42640.77,42640.77,UPI,4.7
ORD104231,2024-07-24,Home & Kitchen,West,Ahmedabad,368.08,2,10,736.16,662.55,Net Banking,3.8
ORD101753,2024-07-24,Beauty,West,Mumbai,2170.72,1,0,2170.72,2170.72,Net Banking,4.4
ORD104675,2024-07-24,Electronics,North,Delhi,21850.03,4,20,87400.12,69920.1,UPI,4.0
ORD104474,2024-07-25,Home & Kitchen,West,Surat,7951.47,4,15,31805.87,27034.99,UPI,5.0
ORD100780,2024-07-25,Books,North,Lucknow,249.68,4,5,998.71,948.78,Debit Card,4.7
ORD104955,2024-07-25,Toys,North,Jaipur,721.3,5,0,3606.52,3606.52,Cash on Delivery,5.0
ORD104773,2024-07-25,Electronics,South,Bengaluru,25997.76,3,10,77993.27,70193.94,UPI,3.6
ORD100137,2024-07-25,Clothing,South,Hyderabad,2613.3,1,0,2613.3,2613.3,UPI,3.9
ORD104838,2024-07-25,Books,East,Kolkata,918.41,2,20,1836.81,1469.45,Cash on Delivery,4.0
ORD101874,2024-07-25,Sports,East,Patna,2002.69,4,5,8010.76,7610.23,Credit Card,3.9
ORD104747,2024-07-25,Electronics,North,Delhi,47615.51,5,0,238077.55,238077.55,UPI,4.4
ORD104621,2024-07-25,Books,South,Coimbatore,1174.01,1,0,1174.01,1174.01,Credit Card,5.0
ORD103069,2024-07-25,Electronics,North,Lucknow,7907.4,3,0,23722.21,23722.21,Credit Card,4.3
ORD104912,2024-07-25,Clothing,South,Hyderabad,470.79,3,0,1412.36,1412.36,Debit Card,3.8
ORD102275,2024-07-26,Sports,North,Delhi,6561.0,4,10,26244.01,23619.61,Cash on Delivery,3.6
ORD100279,2024-07-26,Sports,South,Chennai,5746.42,2,20,11492.83,9194.27,UPI,4.0
ORD104843,2024-07-26,Beauty,East,Bhubaneswar,611.47,3,10,1834.41,1650.97,UPI,3.1
ORD101731,2024-07-26,Electronics,South,Hyderabad,37712.63,3,5,113137.9,107481.0,Debit Card,5.0
ORD104308,2024-07-26,Electronics,West,Surat,15951.9,5,15,79759.51,67795.59,Debit Card,4.6
ORD101837,2024-07-26,Electronics,South,Chennai,42236.77,3,0,126710.32,126710.32,Cash on Delivery,3.7
ORD103665,2024-07-27,Beauty,South,Chennai,2582.4,2,0,5164.79,5164.79,UPI,4.0
ORD102262,2024-07-27,Electronics,North,Jaipur,35636.84,2,20,71273.68,57018.94,Cash on Delivery,4.4
ORD101289,2024-07-27,Clothing,East,Guwahati,1774.4,4,15,7097.62,6032.98,Credit Card,3.4
ORD102681,2024-07-27,Electronics,East,Guwahati,20535.92,3,0,61607.77,61607.77,Cash on Delivery,3.5
ORD103725,2024-07-28,Clothing,South,Bengaluru,1797.46,4,0,7189.85,7189.85,UPI,3.4
ORD103070,2024-07-28,Electronics,East,Guwahati,35620.2,3,5,106860.6,101517.57,Cash on Delivery,4.4
ORD101676,2024-07-28,Sports,West,Surat,10337.38,1,5,10337.38,9820.51,UPI,3.5
ORD103294,2024-07-28,Clothing,North,Lucknow,3444.58,4,20,13778.33,11022.67,UPI,3.8
ORD104237,2024-07-28,Clothing,North,Lucknow,1516.77,4,10,6067.09,5460.38,Credit Card,3.5
ORD102953,2024-07-28,Books,East,Guwahati,1172.8,1,0,1172.8,1172.8,UPI,4.0
ORD101112,2024-07-28,Home & Kitchen,East,Patna,2269.3,5,5,11346.49,10779.17,Cash on Delivery,4.5
ORD103904,2024-07-28,Home & Kitchen,East,Guwahati,3650.25,1,15,3650.25,3102.71,Credit Card,4.4
ORD101155,2024-07-28,Beauty,North,Lucknow,2286.78,2,0,4573.55,4573.55,Debit Card,4.7
ORD103007,2024-07-29,Books,South,Chennai,842.2,4,0,3368.79,3368.79,UPI,3.6
ORD102728,2024-07-29,Electronics,South,Hyderabad,31546.74,4,5,126186.95,119877.61,UPI,4.2
ORD104712,2024-07-29,Clothing,South,Coimbatore,1245.47,5,0,6227.33,6227.33,Cash on Delivery,4.2
ORD104861,2024-07-29,Books,South,Coimbatore,445.05,2,10,890.1,801.09,UPI,4.6
ORD102690,2024-07-29,Sports,West,Ahmedabad,10484.03,4,0,41936.14,41936.14,Net Banking,3.3
ORD102534,2024-07-29,Sports,South,Hyderabad,11412.68,3,0,34238.05,34238.05,UPI,4.6
ORD104395,2024-07-30,Sports,East,Patna,1617.37,5,0,8086.86,8086.86,UPI,4.1
ORD104103,2024-07-30,Clothing,West,Surat,3919.53,2,0,7839.07,7839.07,UPI,2.2
ORD100904,2024-07-30,Home & Kitchen,East,Guwahati,4661.17,5,0,23305.87,23305.87,Debit Card,3.2
ORD104949,2024-07-30,Clothing,South,Hyderabad,2274.45,5,0,11372.23,11372.23,Debit Card,4.3
ORD104515,2024-07-31,Electronics,East,Guwahati,59156.04,1,5,59156.04,56198.24,Credit Card,3.9
ORD103318,2024-07-31,Sports,South,Chennai,3723.76,3,10,11171.27,10054.15,Credit Card,4.3
ORD104129,2024-07-31,Sports,North,Delhi,6657.29,2,0,13314.58,13314.58,Debit Card,4.0
ORD100666,2024-07-31,Electronics,West,Surat,51552.75,1,10,51552.75,46397.48,UPI,3.7
ORD102458,2024-07-31,Clothing,South,Chennai,1556.89,1,0,1556.89,1556.89,UPI,3.8
ORD102455,2024-07-31,Electronics,South,Bengaluru,19863.29,3,5,59589.87,56610.38,Net Banking,3.4
ORD102621,2024-07-31,Sports,West,Pune,6368.53,1,0,6368.53,6368.53,UPI,4.0
ORD102914,2024-07-31,Beauty,West,Pune,2037.4,3,10,6112.21,5500.99,Credit Card,3.8
ORD103456,2024-08-01,Electronics,South,Coimbatore,59397.29,3,5,178191.87,169282.27,Cash on Delivery,4.6
ORD103198,2024-08-01,Clothing,East,Patna,769.34,2,0,1538.68,1538.68,UPI,4.0
ORD100852,2024-08-01,Home & Kitchen,East,Patna,4563.28,2,25,9126.57,6844.92,Cash on Delivery,3.9
ORD101784,2024-08-01,Electronics,North,Lucknow,40355.83,1,0,40355.83,40355.83,Credit Card,5.0
ORD102911,2024-08-01,Books,West,Pune,1175.8,3,0,3527.39,3527.39,Cash on Delivery,4.7
ORD103823,2024-08-01,Sports,East,Bhubaneswar,342.16,1,5,342.16,325.05,Cash on Delivery,4.8
ORD104469,2024-08-01,Clothing,South,Bengaluru,1047.62,5,10,5238.09,4714.28,UPI,3.9
ORD100594,2024-08-02,Clothing,West,Mumbai,456.64,4,0,1826.56,1826.56,UPI,3.2
ORD104274,2024-08-02,Clothing,North,Chandigarh,390.19,4,25,1560.77,1170.58,Credit Card,4.1
ORD104272,2024-08-02,Electronics,East,Guwahati,17616.29,3,0,52848.87,52848.87,UPI,4.8
ORD104943,2024-08-02,Electronics,East,Guwahati,25924.69,1,5,25924.69,24628.45,Net Banking,4.0
ORD103606,2024-08-02,Beauty,East,Kolkata,2770.01,4,0,11080.03,11080.03,Credit Card,4.5
ORD100010,2024-08-02,Clothing,West,Mumbai,3685.37,3,15,11056.12,9397.7,UPI,4.3
ORD101190,2024-08-02,Beauty,East,Bhubaneswar,1382.16,2,5,2764.33,2626.11,Net Banking,3.7
ORD102341,2024-08-03,Electronics,North,Delhi,10642.98,2,20,21285.96,17028.77,Cash on Delivery,3.2
ORD101403,2024-08-03,Toys,North,Chandigarh,2916.27,3,5,8748.82,8311.38,UPI,4.2
ORD101991,2024-08-03,Home & Kitchen,North,Chandigarh,6622.31,1,5,6622.31,6291.19,Cash on Delivery,4.0
ORD101599,2024-08-03,Books,North,Jaipur,429.93,1,10,429.93,386.93,Cash on Delivery,3.5
ORD101549,2024-08-03,Electronics,North,Lucknow,24345.2,2,0,48690.4,48690.4,Debit Card,3.6
ORD103495,2024-08-03,Sports,East,Guwahati,6717.05,4,0,26868.2,26868.2,Debit Card,3.9
ORD101081,2024-08-03,Beauty,South,Bengaluru,1775.18,3,0,5325.55,5325.55,Credit Card,4.6
ORD100875,2024-08-03,Electronics,North,Jaipur,28132.96,1,10,28132.96,25319.67,Credit Card,4.4
ORD103876,2024-08-03,Beauty,North,Chandigarh,2752.61,1,20,2752.61,2202.09,Cash on Delivery,5.0
ORD101994,2024-08-04,Toys,East,Patna,2880.83,5,0,14404.16,14404.16,Credit Card,4.2
ORD102562,2024-08-04,Clothing,North,Lucknow,2966.08,1,5,2966.08,2817.78,Credit Card,4.4
ORD104794,2024-08-04,Home & Kitchen,West,Mumbai,320.33,5,0,1601.63,1601.63,Net Banking,5.0
ORD101378,2024-08-04,Sports,East,Guwahati,8586.84,1,0,8586.84,8586.84,Cash on Delivery,4.9
ORD100624,2024-08-04,Books,East,Kolkata,253.02,2,0,506.05,506.05,Net Banking,5.0
ORD100551,2024-08-04,Beauty,West,Mumbai,2591.22,1,0,2591.22,2591.22,UPI,5.0
ORD100731,2024-08-04,Electronics,West,Surat,4547.22,1,5,4547.22,4319.86,Net Banking,4.3
ORD100091,2024-08-04,Electronics,West,Mumbai,21906.67,2,0,43813.33,43813.33,UPI,4.2
ORD101109,2024-08-05,Electronics,West,Pune,51794.03,5,15,258970.13,220124.61,Debit Card,3.0
ORD104285,2024-08-05,Books,North,Chandigarh,962.08,4,15,3848.3,3271.06,Debit Card,5.0
ORD103693,2024-08-05,Clothing,South,Hyderabad,3027.27,2,10,6054.55,5449.09,Credit Card,4.5
ORD103837,2024-08-05,Clothing,East,Kolkata,3402.04,4,0,13608.17,13608.17,Cash on Delivery,5.0
ORD100471,2024-08-05,Home & Kitchen,East,Bhubaneswar,7332.63,3,0,21997.9,21997.9,UPI,3.3
ORD101532,2024-08-05,Toys,North,Delhi,1522.07,2,5,3044.15,2891.94,Debit Card,3.8
ORD102024,2024-08-05,Electronics,South,Hyderabad,5116.41,1,25,5116.41,3837.31,Cash on Delivery,3.9
ORD100133,2024-08-05,Books,North,Chandigarh,445.92,5,0,2229.58,2229.58,UPI,4.3
ORD102228,2024-08-05,Home & Kitchen,South,Bengaluru,2562.26,3,5,7686.79,7302.45,Cash on Delivery,2.9
ORD103022,2024-08-05,Beauty,East,Bhubaneswar,2551.4,1,10,2551.4,2296.26,Credit Card,5.0
ORD103074,2024-08-06,Beauty,South,Chennai,1941.17,3,5,5823.5,5532.32,UPI,3.7
ORD104317,2024-08-06,Toys,North,Delhi,1773.96,2,15,3547.92,3015.73,UPI,3.5
ORD100214,2024-08-07,Home & Kitchen,West,Mumbai,1567.61,2,5,3135.21,2978.45,Debit Card,4.6
ORD102550,2024-08-07,Electronics,West,Mumbai,33359.81,2,0,66719.62,66719.62,UPI,3.1
ORD100641,2024-08-07,Home & Kitchen,South,Chennai,5003.06,2,10,10006.11,9005.5,Debit Card,4.6
ORD104720,2024-08-07,Home & Kitchen,North,Delhi,3996.67,5,15,19983.36,16985.85,Net Banking,4.7
ORD102809,2024-08-07,Sports,East,Kolkata,8279.86,5,5,41399.28,39329.32,UPI,3.6
ORD102166,2024-08-07,Home & Kitchen,East,Kolkata,2677.76,2,10,5355.52,4819.96,UPI,4.3
ORD102043,2024-08-07,Home & Kitchen,North,Chandigarh,5294.15,5,10,26470.77,23823.7,Debit Card,4.1
ORD102811,2024-08-07,Electronics,East,Bhubaneswar,59773.45,2,0,119546.9,119546.9,Net Banking,3.8
ORD100342,2024-08-07,Sports,East,Patna,8221.76,2,10,16443.52,14799.17,UPI,3.6
ORD102965,2024-08-07,Toys,North,Chandigarh,901.95,1,0,901.95,901.95,Cash on Delivery,5.0
ORD100465,2024-08-07,Electronics,North,Jaipur,39741.37,5,20,198706.87,158965.49,UPI,4.1
ORD104059,2024-08-08,Books,West,Pune,972.22,4,0,3888.9,3888.9,Credit Card,4.6
ORD102095,2024-08-08,Home & Kitchen,East,Guwahati,6911.25,5,0,34556.25,34556.25,Credit Card,5.0
ORD102712,2024-08-08,Books,South,Coimbatore,1159.78,5,20,5798.9,4639.12,Credit Card,4.9
ORD104670,2024-08-08,Electronics,South,Hyderabad,41077.5,1,0,41077.5,41077.5,UPI,5.0
ORD102422,2024-08-08,Sports,East,Guwahati,3927.1,4,25,15708.42,11781.31,Debit Card,4.2
ORD102596,2024-08-09,Sports,East,Guwahati,10223.64,4,5,40894.54,38849.81,UPI,4.1
ORD104764,2024-08-09,Beauty,South,Coimbatore,2486.18,5,0,12430.9,12430.9,UPI,3.9
ORD101212,2024-08-09,Home & Kitchen,South,Coimbatore,7182.15,4,0,28728.59,28728.59,Credit Card,4.3
ORD103126,2024-08-09,Clothing,North,Delhi,3320.56,2,15,6641.12,5644.95,Credit Card,4.2
ORD101660,2024-08-09,Toys,South,Hyderabad,1278.6,5,0,6393.0,6393.0,UPI,3.3
ORD104916,2024-08-09,Toys,West,Ahmedabad,1388.28,2,15,2776.56,2360.08,UPI,3.2
ORD101821,2024-08-10,Toys,East,Kolkata,988.53,5,0,4942.63,4942.63,Credit Card,3.0
ORD100590,2024-08-10,Home & Kitchen,East,Patna,1533.88,5,0,7669.42,7669.42,Net Banking,4.8
ORD104952,2024-08-10,Home & Kitchen,North,Lucknow,7765.01,1,0,7765.01,7765.01,Credit Card,4.0
ORD101998,2024-08-10,Books,South,Chennai,527.22,3,20,1581.65,1265.32,Debit Card,4.9
ORD101645,2024-08-10,Beauty,East,Kolkata,1189.3,3,5,3567.89,3389.5,Net Banking,4.2
ORD100484,2024-08-10,Sports,West,Mumbai,808.44,4,10,3233.75,2910.38,UPI,4.1
ORD100950,2024-08-10,Home & Kitchen,West,Pune,7094.23,5,0,35471.17,35471.17,Debit Card,3.8
ORD101437,2024-08-10,Clothing,West,Surat,1182.91,4,0,4731.64,4731.64,Credit Card,4.3
ORD102552,2024-08-10,Home & Kitchen,South,Chennai,498.7,3,20,1496.09,1196.87,UPI,4.4
ORD103322,2024-08-10,Electronics,South,Chennai,53412.94,3,20,160238.82,128191.06,Credit Card,5.0
ORD103908,2024-08-10,Clothing,West,Mumbai,1980.23,1,5,1980.23,1881.22,Credit Card,3.7
ORD102662,2024-08-11,Electronics,South,Hyderabad,39014.05,2,10,78028.09,70225.28,UPI,3.4
ORD101637,2024-08-11,Home & Kitchen,East,Kolkata,5669.72,2,25,11339.44,8504.58,UPI,4.2
ORD101588,2024-08-11,Sports,North,Lucknow,5668.11,5,0,28340.56,28340.56,UPI,5.0
ORD101656,2024-08-11,Toys,South,Bengaluru,2289.77,5,5,11448.83,10876.39,Net Banking,4.7
ORD100726,2024-08-11,Clothing,West,Pune,1496.01,4,5,5984.03,5684.83,Cash on Delivery,4.4
ORD100216,2024-08-12,Electronics,West,Surat,41131.61,5,5,205658.03,195375.13,Credit Card,5.0
ORD103818,2024-08-12,Electronics,South,Bengaluru,3206.86,1,5,3206.86,3046.52,UPI,4.3
ORD101802,2024-08-12,Books,South,Hyderabad,1057.15,3,0,3171.45,3171.45,UPI,3.6
ORD100188,2024-08-12,Beauty,South,Chennai,1936.47,5,20,9682.37,7745.9,Cash on Delivery,4.6
ORD100974,2024-08-12,Electronics,South,Bengaluru,18561.71,2,15,37123.42,31554.91,Cash on Delivery,3.6
ORD100174,2024-08-12,Electronics,North,Lucknow,59048.5,3,5,177145.5,168288.22,Cash on Delivery,3.9
ORD101046,2024-08-12,Sports,North,Delhi,8427.08,4,5,33708.32,32022.91,UPI,3.5
ORD101573,2024-08-13,Beauty,East,Patna,617.29,1,10,617.29,555.56,Cash on Delivery,3.5
ORD102577,2024-08-13,Sports,North,Jaipur,3166.41,3,0,9499.24,9499.24,UPI,3.2
ORD101531,2024-08-13,Clothing,South,Hyderabad,3881.87,1,15,3881.87,3299.59,UPI,3.6
ORD102197,2024-08-13,Home & Kitchen,North,Chandigarh,905.36,4,15,3621.43,3078.21,UPI,3.8
ORD101274,2024-08-13,Clothing,East,Bhubaneswar,3147.53,4,0,12590.13,12590.13,Cash on Delivery,3.8
ORD101517,2024-08-13,Sports,East,Bhubaneswar,7080.61,2,0,14161.22,14161.22,UPI,3.7
ORD100328,2024-08-13,Toys,East,Kolkata,1943.15,1,0,1943.15,1943.15,UPI,2.4
ORD103016,2024-08-13,Beauty,South,Chennai,648.01,2,0,1296.02,1296.02,Debit Card,3.7
ORD103831,2024-08-13,Beauty,West,Ahmedabad,494.05,1,0,494.05,494.05,Debit Card,4.0
ORD102929,2024-08-14,Electronics,North,Lucknow,31631.24,1,0,31631.24,31631.24,UPI,4.6
ORD101351,2024-08-14,Books,West,Ahmedabad,763.66,1,0,763.66,763.66,Credit Card,4.3
ORD102478,2024-08-14,Sports,South,Chennai,7534.29,5,5,37671.45,35787.88,UPI,4.0
ORD101684,2024-08-14,Beauty,East,Bhubaneswar,1810.05,3,5,5430.16,5158.65,Debit Card,5.0
ORD103060,2024-08-14,Books,West,Ahmedabad,1174.53,3,0,3523.58,3523.58,UPI,4.9
ORD102699,2024-08-14,Toys,South,Hyderabad,708.17,3,5,2124.51,2018.28,Debit Card,3.9
ORD103753,2024-08-14,Beauty,East,Guwahati,1524.5,2,5,3049.0,2896.55,UPI,4.3
ORD103721,2024-08-14,Home & Kitchen,North,Jaipur,2691.09,1,15,2691.09,2287.43,Credit Card,4.1
ORD102998,2024-08-14,Toys,South,Bengaluru,2193.62,1,10,2193.62,1974.26,Credit Card,4.1
ORD100293,2024-08-14,Electronics,East,Patna,25062.95,2,10,50125.91,45113.32,UPI,3.5
ORD100670,2024-08-14,Toys,North,Chandigarh,3315.94,3,5,9947.81,9450.42,Debit Card,3.5
ORD103491,2024-08-15,Home & Kitchen,East,Guwahati,6964.73,2,10,13929.46,12536.52,Debit Card,4.5
ORD101080,2024-08-15,Toys,North,Chandigarh,786.75,1,0,786.75,786.75,Credit Card,5.0
ORD102530,2024-08-15,Sports,East,Patna,11744.32,3,20,35232.97,28186.38,Debit Card,3.3
ORD103812,2024-08-15,Toys,North,Delhi,1441.42,5,15,7207.1,6126.04,Cash on Delivery,3.1
ORD100913,2024-08-15,Electronics,North,Lucknow,13877.55,3,5,41632.66,39551.03,Debit Card,5.0
ORD102821,2024-08-15,Beauty,South,Bengaluru,2326.79,2,10,4653.57,4188.22,Credit Card,4.3
ORD102649,2024-08-16,Books,South,Chennai,200.8,1,15,200.8,170.68,Credit Card,4.0
ORD100668,2024-08-16,Electronics,North,Jaipur,37222.6,1,15,37222.6,31639.21,Debit Card,4.5
ORD100948,2024-08-16,Clothing,South,Chennai,3046.22,2,0,6092.44,6092.44,UPI,3.8
ORD101019,2024-08-16,Clothing,South,Coimbatore,1753.36,4,0,7013.44,7013.44,Cash on Delivery,5.0
ORD101932,2024-08-16,Toys,North,Jaipur,1089.97,4,0,4359.89,4359.89,Cash on Delivery,3.9
ORD101386,2024-08-16,Toys,South,Bengaluru,2255.82,1,5,2255.82,2143.03,UPI,4.3
ORD100781,2024-08-16,Sports,East,Patna,6090.83,5,0,30454.14,30454.14,Net Banking,2.8
ORD101233,2024-08-16,Books,West,Surat,810.66,4,10,3242.64,2918.38,UPI,5.0
ORD100322,2024-08-17,Sports,North,Chandigarh,5276.67,1,20,5276.67,4221.34,Debit Card,4.0
ORD104802,2024-08-17,Electronics,West,Ahmedabad,35538.31,5,0,177691.53,177691.53,Debit Card,3.4
ORD103782,2024-08-17,Electronics,West,Mumbai,39276.64,1,15,39276.64,33385.15,UPI,4.5
ORD102250,2024-08-17,Clothing,East,Patna,1482.28,4,10,5929.11,5336.2,Debit Card,5.0
ORD104320,2024-08-17,Toys,West,Pune,1349.67,2,10,2699.33,2429.4,UPI,4.3
ORD100602,2024-08-17,Clothing,South,Chennai,3891.04,1,5,3891.04,3696.49,Credit Card,3.4
ORD102668,2024-08-18,Clothing,East,Kolkata,959.79,2,0,1919.58,1919.58,Debit Card,3.9
ORD100897,2024-08-18,Electronics,North,Lucknow,37086.68,1,25,37086.68,27815.01,Net Banking,3.3
ORD103611,2024-08-18,Beauty,East,Kolkata,351.79,2,20,703.58,562.87,Credit Card,5.0
ORD100114,2024-08-18,Sports,South,Coimbatore,2450.28,1,10,2450.28,2205.25,UPI,5.0
ORD100172,2024-08-18,Toys,South,Chennai,1060.18,1,0,1060.18,1060.18,Credit Card,4.1
ORD102426,2024-08-18,Sports,West,Mumbai,7876.53,2,0,15753.05,15753.05,Debit Card,4.4
ORD101064,2024-08-18,Home & Kitchen,East,Kolkata,4325.37,1,5,4325.37,4109.1,UPI,4.0
ORD100148,2024-08-18,Home & Kitchen,West,Mumbai,1956.26,5,0,9781.28,9781.28,Debit Card,4.2
ORD101925,2024-08-18,Sports,West,Ahmedabad,11491.36,4,0,45965.45,45965.45,UPI,4.2
ORD102500,2024-08-19,Books,South,Bengaluru,670.64,3,5,2011.91,1911.31,UPI,4.7
ORD104649,2024-08-19,Beauty,West,Ahmedabad,2017.3,5,10,10086.52,9077.87,Debit Card,4.5
ORD103177,2024-08-19,Toys,West,Ahmedabad,214.6,3,0,643.8,643.8,UPI,3.2
ORD102528,2024-08-19,Electronics,East,Patna,25964.19,4,0,103856.74,103856.74,Credit Card,4.0
ORD100564,2024-08-20,Home & Kitchen,South,Bengaluru,4948.31,3,0,14844.94,14844.94,UPI,5.0
ORD102600,2024-08-20,Beauty,West,Ahmedabad,2804.25,5,0,14021.25,14021.25,Cash on Delivery,3.4
ORD100841,2024-08-20,Beauty,South,Coimbatore,1854.85,3,5,5564.56,5286.33,Debit Card,4.1
ORD100676,2024-08-20,Toys,East,Patna,1852.49,2,5,3704.98,3519.74,Credit Card,4.6
ORD103850,2024-08-20,Electronics,West,Pune,58454.54,1,5,58454.54,55531.81,Credit Card,3.8
ORD101642,2024-08-20,Home & Kitchen,West,Surat,5371.0,5,15,26855.02,22826.77,Debit Card,4.1
ORD100196,2024-08-20,Electronics,West,Surat,6293.4,2,20,12586.8,10069.44,UPI,2.0
ORD100909,2024-08-20,Sports,West,Surat,3639.74,5,10,18198.7,16378.83,Credit Card,3.3
ORD100276,2024-08-20,Books,West,Ahmedabad,916.38,4,5,3665.53,3482.26,Debit Card,5.0
ORD103614,2024-08-20,Electronics,West,Pune,2472.2,3,10,7416.6,6674.94,Net Banking,5.0
ORD101655,2024-08-20,Books,East,Guwahati,850.82,2,0,1701.63,1701.63,Net Banking,3.7
ORD103233,2024-08-20,Books,West,Mumbai,498.48,4,5,1993.91,1894.21,UPI,3.6
ORD100189,2024-08-21,Home & Kitchen,West,Surat,2515.79,4,0,10063.15,10063.15,Debit Card,3.5
ORD104567,2024-08-21,Sports,West,Mumbai,10987.31,4,15,43949.23,37356.84,UPI,3.7
ORD103397,2024-08-21,Home & Kitchen,East,Guwahati,5239.65,2,0,10479.3,10479.3,Net Banking,4.6
ORD104950,2024-08-21,Clothing,North,Chandigarh,3606.77,4,10,14427.07,12984.36,UPI,4.4
ORD102676,2024-08-21,Books,South,Coimbatore,946.77,4,5,3787.09,3597.74,UPI,4.0
ORD104559,2024-08-22,Home & Kitchen,East,Kolkata,6159.09,2,5,12318.18,11702.27,Cash on Delivery,3.7
ORD103915,2024-08-22,Electronics,East,Guwahati,24316.28,5,5,121581.42,115502.35,UPI,3.5
ORD102616,2024-08-22,Toys,North,Lucknow,2123.31,5,0,10616.57,10616.57,Net Banking,4.8
ORD104687,2024-08-22,Sports,East,Kolkata,6122.34,3,5,18367.02,17448.67,Credit Card,2.7
ORD101298,2024-08-22,Electronics,South,Bengaluru,11968.6,4,10,47874.4,43086.96,UPI,4.1
ORD103752,2024-08-22,Electronics,South,Bengaluru,34351.52,5,15,171757.6,145993.96,Debit Card,3.5
ORD103315,2024-08-22,Books,South,Chennai,960.13,2,0,1920.26,1920.26,Cash on Delivery,4.1
ORD100595,2024-08-22,Toys,West,Ahmedabad,2966.37,3,10,8899.11,8009.2,Credit Card,4.7
ORD104839,2024-08-22,Home & Kitchen,South,Chennai,3283.91,2,5,6567.83,6239.44,Credit Card,3.8
ORD103699,2024-08-22,Beauty,South,Coimbatore,2123.1,2,5,4246.19,4033.88,Net Banking,4.7
ORD102611,2024-08-23,Home & Kitchen,West,Surat,2043.15,4,10,8172.6,7355.34,UPI,4.1
ORD103722,2024-08-23,Electronics,West,Ahmedabad,59320.66,5,25,296603.3,222452.48,Net Banking,4.4
ORD104981,2024-08-23,Clothing,East,Bhubaneswar,3318.23,1,25,3318.23,2488.67,Debit Card,3.8
ORD101756,2024-08-23,Clothing,East,Bhubaneswar,2136.91,2,15,4273.81,3632.74,UPI,3.2
ORD100775,2024-08-23,Electronics,East,Kolkata,6764.16,2,5,13528.31,12851.89,Debit Card,3.9
ORD101007,2024-08-23,Toys,West,Pune,3353.66,2,5,6707.33,6371.96,UPI,4.5
ORD101293,2024-08-24,Clothing,West,Surat,3258.95,1,15,3258.95,2770.1,Net Banking,3.0
ORD101904,2024-08-24,Toys,East,Guwahati,1236.68,2,0,2473.36,2473.36,Cash on Delivery,4.6
ORD102288,2024-08-24,Toys,West,Ahmedabad,3301.15,2,5,6602.31,6272.19,UPI,4.9
ORD104369,2024-08-24,Clothing,South,Chennai,373.52,2,20,747.03,597.63,UPI,3.2
ORD100451,2024-08-24,Clothing,North,Chandigarh,3720.11,3,10,11160.33,10044.3,Credit Card,4.1
ORD104740,2024-08-24,Beauty,East,Guwahati,343.11,3,10,1029.34,926.41,Credit Card,3.7
ORD102951,2024-08-25,Books,East,Patna,761.59,3,10,2284.76,2056.29,Debit Card,2.8
ORD102364,2024-08-25,Clothing,West,Mumbai,1132.97,1,10,1132.97,1019.67,UPI,4.3
ORD102608,2024-08-25,Sports,North,Delhi,1947.24,5,25,9736.18,7302.13,UPI,5.0
ORD104761,2024-08-26,Electronics,East,Guwahati,16788.97,2,5,33577.95,31899.05,Debit Card,3.6
ORD100727,2024-08-26,Home & Kitchen,East,Kolkata,7854.36,2,5,15708.72,14923.29,Debit Card,4.2
ORD100853,2024-08-26,Books,South,Coimbatore,751.53,1,10,751.53,676.38,Net Banking,3.3
ORD101232,2024-08-26,Beauty,East,Guwahati,2147.68,5,5,10738.41,10201.49,Cash on Delivery,3.7
ORD104596,2024-08-26,Clothing,West,Surat,1353.1,1,0,1353.1,1353.1,Credit Card,5.0
ORD104940,2024-08-26,Clothing,East,Guwahati,477.67,2,0,955.33,955.33,Cash on Delivery,3.3
ORD101484,2024-08-26,Books,North,Chandigarh,846.38,4,10,3385.5,3046.95,Credit Card,3.9
ORD102334,2024-08-26,Clothing,West,Surat,2166.25,4,5,8664.98,8231.73,Debit Card,3.8
ORD104534,2024-08-26,Books,South,Chennai,311.95,1,0,311.95,311.95,Cash on Delivery,5.0
ORD104213,2024-08-27,Electronics,North,Lucknow,55678.67,1,0,55678.67,55678.67,Debit Card,4.8
ORD103260,2024-08-27,Home & Kitchen,East,Kolkata,3608.37,5,10,18041.84,16237.65,Credit Card,3.9
ORD102150,2024-08-28,Sports,West,Ahmedabad,10980.97,3,5,32942.92,31295.77,UPI,3.3
ORD103660,2024-08-28,Sports,North,Jaipur,8229.72,1,0,8229.72,8229.72,UPI,3.8
ORD100143,2024-08-28,Toys,West,Pune,2794.89,1,10,2794.89,2515.41,Debit Card,3.7
ORD102191,2024-08-29,Electronics,West,Pune,14349.32,5,0,71746.58,71746.58,Debit Card,3.5
ORD103884,2024-08-29,Beauty,West,Pune,1277.24,5,10,6386.2,5747.58,Debit Card,5.0
ORD101665,2024-08-29,Toys,South,Chennai,951.31,2,0,1902.61,1902.61,Cash on Delivery,4.4
ORD104485,2024-08-29,Clothing,North,Jaipur,3365.13,5,0,16825.67,16825.67,Debit Card,4.0
ORD101990,2024-08-29,Home & Kitchen,South,Hyderabad,811.17,3,10,2433.51,2190.16,Debit Card,3.3
ORD102456,2024-08-29,Clothing,East,Patna,2630.36,1,5,2630.36,2498.84,Net Banking,2.3
ORD101800,2024-08-29,Clothing,North,Lucknow,2528.14,5,15,12640.7,10744.6,UPI,5.0
ORD102499,2024-08-29,Toys,South,Hyderabad,851.81,4,0,3407.23,3407.23,Net Banking,3.3
ORD100719,2024-08-29,Electronics,West,Mumbai,50025.2,4,0,200100.82,200100.82,Credit Card,4.6
ORD100054,2024-08-29,Electronics,North,Chandigarh,5074.62,1,5,5074.62,4820.89,Credit Card,5.0
ORD102902,2024-08-30,Electronics,North,Delhi,7611.78,5,0,38058.88,38058.88,UPI,4.1
ORD101851,2024-08-30,Books,West,Pune,453.1,1,10,453.1,407.79,Cash on Delivery,2.8
ORD101526,2024-08-30,Books,West,Mumbai,360.68,1,5,360.68,342.64,Credit Card,3.9
ORD100156,2024-08-30,Home & Kitchen,West,Pune,2630.89,2,10,5261.79,4735.61,Debit Card,4.5
ORD100945,2024-08-30,Electronics,West,Pune,15117.61,1,0,15117.61,15117.61,Net Banking,4.3
ORD101364,2024-08-31,Toys,West,Mumbai,756.56,2,0,1513.13,1513.13,UPI,5.0
ORD101150,2024-08-31,Electronics,South,Bengaluru,9509.57,1,10,9509.57,8558.62,Debit Card,3.8
ORD100042,2024-08-31,Electronics,North,Delhi,37929.84,3,10,113789.52,102410.56,Cash on Delivery,3.8
ORD102331,2024-08-31,Clothing,West,Mumbai,1543.2,5,0,7716.01,7716.01,Credit Card,2.8
ORD104600,2024-09-01,Sports,North,Jaipur,5498.6,1,0,5498.6,5498.6,UPI,4.7
ORD103951,2024-09-01,Sports,East,Patna,5307.64,1,15,5307.64,4511.49,UPI,4.1
ORD104179,2024-09-01,Clothing,West,Ahmedabad,704.4,1,5,704.4,669.18,UPI,2.8
ORD103401,2024-09-01,Books,West,Pune,923.34,4,0,3693.34,3693.34,Cash on Delivery,4.1
ORD101480,2024-09-01,Beauty,West,Surat,418.55,1,20,418.55,334.84,Cash on Delivery,3.7
ORD102447,2024-09-02,Sports,East,Guwahati,5194.79,3,15,15584.37,13246.71,UPI,4.9
ORD103473,2024-09-02,Sports,North,Chandigarh,7723.57,2,10,15447.13,13902.42,UPI,3.5
ORD101900,2024-09-02,Clothing,South,Coimbatore,360.18,3,15,1080.54,918.46,UPI,2.8
ORD100379,2024-09-02,Home & Kitchen,South,Bengaluru,7955.45,2,10,15910.89,14319.8,Debit Card,3.8
ORD100227,2024-09-03,Books,North,Jaipur,346.25,1,10,346.25,311.63,Debit Card,5.0
ORD104545,2024-09-03,Clothing,North,Chandigarh,2549.53,4,15,10198.13,8668.41,Net Banking,3.2
ORD100457,2024-09-03,Electronics,East,Bhubaneswar,28686.4,2,0,57372.8,57372.8,Debit Card,5.0
ORD102989,2024-09-03,Clothing,West,Surat,3755.89,4,0,15023.55,15023.55,Credit Card,5.0
ORD103995,2024-09-03,Toys,West,Surat,661.21,4,0,2644.84,2644.84,UPI,3.9
ORD103953,2024-09-03,Electronics,West,Mumbai,41840.42,3,0,125521.27,125521.27,Cash on Delivery,4.7
ORD104572,2024-09-03,Electronics,North,Lucknow,56470.9,1,5,56470.9,53647.35,Cash on Delivery,4.1
ORD104085,2024-09-04,Electronics,West,Mumbai,33869.64,2,5,67739.28,64352.32,Credit Card,5.0
ORD104354,2024-09-04,Toys,North,Lucknow,2442.36,5,10,12211.78,10990.61,Debit Card,4.0
ORD102295,2024-09-04,Books,East,Kolkata,895.63,1,15,895.63,761.28,UPI,3.1
ORD104390,2024-09-04,Home & Kitchen,North,Jaipur,1700.19,5,5,8500.97,8075.92,Net Banking,2.2
ORD103044,2024-09-04,Clothing,South,Bengaluru,1732.25,3,5,5196.76,4936.92,Debit Card,4.2
ORD103889,2024-09-04,Clothing,North,Delhi,2049.88,5,0,10249.39,10249.39,UPI,2.8
ORD100849,2024-09-05,Clothing,East,Guwahati,3816.63,1,5,3816.63,3625.8,Debit Card,3.5
ORD100794,2024-09-05,Home & Kitchen,West,Pune,1316.94,4,10,5267.76,4740.99,UPI,4.1
ORD101891,2024-09-06,Clothing,North,Lucknow,2024.74,4,5,8098.96,7694.01,UPI,4.5
ORD103264,2024-09-06,Sports,South,Bengaluru,7916.7,1,15,7916.7,6729.2,Debit Card,4.7
ORD101426,2024-09-06,Clothing,East,Kolkata,2231.09,5,5,11155.44,10597.67,Debit Card,4.1
ORD102825,2024-09-06,Beauty,West,Pune,1298.53,2,5,2597.06,2467.21,Debit Card,4.2
ORD104702,2024-09-06,Sports,East,Patna,7157.55,4,5,28630.18,27198.67,UPI,3.2
ORD100768,2024-09-06,Beauty,West,Ahmedabad,2674.42,2,0,5348.84,5348.84,Net Banking,3.8
ORD101970,2024-09-07,Electronics,South,Bengaluru,58859.39,4,5,235437.56,223665.68,Credit Card,3.9
ORD101992,2024-09-07,Home & Kitchen,East,Kolkata,4159.49,4,5,16637.96,15806.06,Debit Card,4.5
ORD103073,2024-09-07,Books,North,Lucknow,838.88,2,10,1677.76,1509.99,Cash on Delivery,4.8
ORD101577,2024-09-07,Clothing,South,Hyderabad,3508.74,3,0,10526.21,10526.21,UPI,5.0
ORD101471,2024-09-07,Electronics,West,Ahmedabad,44729.83,2,10,89459.67,80513.7,Net Banking,4.7
ORD100720,2024-09-07,Sports,West,Mumbai,623.27,2,0,1246.54,1246.54,Debit Card,5.0
ORD101832,2024-09-07,Home & Kitchen,West,Pune,6601.43,5,15,33007.14,28056.07,UPI,3.6
ORD104619,2024-09-07,Electronics,West,Surat,49434.34,5,15,247171.71,210095.95,Debit Card,5.0
ORD104456,2024-09-08,Clothing,North,Lucknow,520.08,5,10,2600.38,2340.34,UPI,4.0
ORD100628,2024-09-08,Sports,North,Delhi,11170.89,1,0,11170.89,11170.89,Cash on Delivery,4.2
ORD103751,2024-09-08,Home & Kitchen,North,Lucknow,4273.16,4,10,17092.64,15383.38,Debit Card,3.1
ORD100084,2024-09-08,Books,South,Chennai,327.3,3,25,981.9,736.43,UPI,4.1
ORD103929,2024-09-08,Home & Kitchen,East,Patna,1255.69,1,10,1255.69,1130.12,UPI,4.0
ORD100030,2024-09-09,Sports,South,Hyderabad,3894.43,4,0,15577.73,15577.73,Cash on Delivery,2.9
ORD100712,2024-09-09,Home & Kitchen,West,Surat,5429.14,3,0,16287.43,16287.43,Net Banking,4.8
ORD100864,2024-09-09,Home & Kitchen,West,Pune,5949.57,5,15,29747.87,25285.69,Net Banking,3.7
ORD100360,2024-09-09,Beauty,South,Chennai,2776.15,1,25,2776.15,2082.12,UPI,3.8
ORD100515,2024-09-09,Beauty,North,Chandigarh,2088.31,3,25,6264.94,4698.7,Net Banking,4.0
ORD102358,2024-09-09,Clothing,East,Guwahati,3297.8,1,0,3297.8,3297.8,UPI,5.0
ORD102401,2024-09-09,Beauty,South,Chennai,2813.52,1,20,2813.52,2250.82,UPI,4.2
ORD100601,2024-09-09,Electronics,West,Pune,59408.69,4,0,237634.77,237634.77,Debit Card,4.8
ORD104823,2024-09-09,Sports,South,Chennai,10123.77,5,5,50618.86,48087.92,Credit Card,4.7
ORD100292,2024-09-10,Beauty,East,Kolkata,2588.58,2,10,5177.17,4659.45,UPI,4.3
ORD102213,2024-09-10,Electronics,East,Patna,54772.59,5,15,273862.94,232783.5,UPI,3.0
ORD102925,2024-09-10,Beauty,West,Pune,1414.97,5,5,7074.85,6721.11,UPI,4.5
ORD104089,2024-09-10,Beauty,North,Jaipur,2769.85,1,0,2769.85,2769.85,Cash on Delivery,4.3
ORD100478,2024-09-10,Electronics,South,Coimbatore,17123.71,2,5,34247.42,32535.05,Credit Card,3.0
ORD100270,2024-09-10,Home & Kitchen,West,Pune,1624.48,4,5,6497.9,6173.01,UPI,5.0
ORD102389,2024-09-10,Home & Kitchen,East,Bhubaneswar,4943.87,5,5,24719.36,23483.4,Debit Card,4.4
ORD101100,2024-09-10,Books,West,Ahmedabad,324.89,1,15,324.89,276.16,Debit Card,4.2
ORD104138,2024-09-10,Books,East,Guwahati,1167.62,1,0,1167.62,1167.62,UPI,4.0
ORD102773,2024-09-10,Electronics,South,Bengaluru,33035.25,5,5,165176.25,156917.44,UPI,5.0
ORD101072,2024-09-10,Home & Kitchen,South,Coimbatore,6668.68,3,10,20006.03,18005.43,Cash on Delivery,5.0
ORD103136,2024-09-11,Electronics,East,Patna,31277.34,4,0,125109.34,125109.34,Cash on Delivery,3.9
ORD103978,2024-09-11,Electronics,South,Hyderabad,36498.67,3,0,109496.01,109496.01,UPI,5.0
ORD104470,2024-09-12,Toys,North,Delhi,1517.7,4,0,6070.79,6070.79,Credit Card,2.9
ORD104945,2024-09-12,Electronics,North,Lucknow,5073.77,2,15,10147.53,8625.4,UPI,2.8
ORD100715,2024-09-12,Electronics,South,Hyderabad,34357.82,3,20,103073.47,82458.78,UPI,4.0
ORD102613,2024-09-12,Electronics,North,Delhi,17555.02,4,20,70220.08,56176.06,Credit Card,4.7
ORD101273,2024-09-12,Beauty,East,Guwahati,702.13,1,0,702.13,702.13,Credit Card,3.7
ORD104037,2024-09-12,Clothing,North,Delhi,314.94,5,0,1574.72,1574.72,Cash on Delivery,3.9
ORD100362,2024-09-12,Electronics,North,Delhi,31958.34,1,0,31958.34,31958.34,Cash on Delivery,4.7
ORD104689,2024-09-12,Toys,North,Chandigarh,2949.39,2,0,5898.79,5898.79,UPI,5.0
ORD101723,2024-09-13,Home & Kitchen,West,Mumbai,1619.57,1,25,1619.57,1214.67,UPI,5.0
ORD103564,2024-09-13,Books,South,Chennai,833.72,2,5,1667.45,1584.08,UPI,1.9
ORD101949,2024-09-13,Beauty,West,Ahmedabad,2051.54,1,0,2051.54,2051.54,Net Banking,4.1
ORD100861,2024-09-13,Electronics,West,Mumbai,18461.32,4,0,73845.28,73845.28,Credit Card,3.1
ORD104803,2024-09-14,Beauty,South,Bengaluru,1692.93,5,20,8464.63,6771.7,Debit Card,4.8
ORD100492,2024-09-14,Home & Kitchen,West,Pune,4639.38,4,0,18557.51,18557.51,Cash on Delivery,4.7
ORD103311,2024-09-14,Electronics,North,Chandigarh,7539.0,2,10,15078.01,13570.2,UPI,4.4
ORD101632,2024-09-14,Beauty,North,Jaipur,2687.04,3,10,8061.12,7255.0,Debit Card,4.1
ORD104343,2024-09-14,Beauty,West,Surat,708.57,5,15,3542.85,3011.42,UPI,3.8
ORD100986,2024-09-15,Books,West,Mumbai,562.45,4,5,2249.79,2137.3,UPI,3.8
ORD100684,2024-09-15,Home & Kitchen,East,Patna,322.59,2,0,645.18,645.18,UPI,4.5
ORD101534,2024-09-15,Clothing,South,Chennai,1352.64,1,10,1352.64,1217.37,Net Banking,3.5
ORD102960,2024-09-15,Electronics,East,Kolkata,19636.07,5,15,98180.37,83453.32,UPI,3.2
ORD102256,2024-09-15,Clothing,South,Chennai,2248.07,1,0,2248.07,2248.07,UPI,3.5
ORD100180,2024-09-15,Home & Kitchen,North,Jaipur,7209.61,2,15,14419.22,12256.33,Credit Card,3.7
ORD102985,2024-09-16,Sports,East,Guwahati,5149.69,3,5,15449.06,14676.61,Credit Card,3.1
ORD102972,2024-09-16,Clothing,South,Coimbatore,1732.72,4,10,6930.9,6237.81,Net Banking,3.7
ORD103573,2024-09-16,Clothing,South,Coimbatore,2603.63,3,0,7810.9,7810.9,Debit Card,4.4
ORD102416,2024-09-16,Clothing,North,Lucknow,3482.06,5,0,17410.32,17410.32,Credit Card,4.6
ORD104895,2024-09-16,Toys,East,Kolkata,1799.81,4,0,7199.23,7199.23,Credit Card,4.0
ORD103645,2024-09-16,Sports,South,Bengaluru,1031.82,1,20,1031.82,825.45,UPI,4.7
ORD102789,2024-09-16,Sports,North,Delhi,2524.72,2,5,5049.43,4796.96,Cash on Delivery,3.9
ORD102754,2024-09-16,Toys,South,Coimbatore,1913.21,5,10,9566.03,8609.43,Cash on Delivery,3.5
ORD103944,2024-09-16,Clothing,South,Bengaluru,2206.99,4,0,8827.96,8827.96,Debit Card,4.4
ORD101571,2024-09-17,Books,West,Surat,460.05,3,10,1380.14,1242.12,UPI,5.0
ORD101086,2024-09-17,Home & Kitchen,North,Delhi,3719.29,3,5,11157.88,10599.98,Credit Card,3.7
ORD102657,2024-09-17,Beauty,North,Jaipur,2840.81,1,10,2840.81,2556.73,Cash on Delivery,4.8
ORD101933,2024-09-17,Beauty,East,Guwahati,2565.75,1,5,2565.75,2437.47,UPI,3.8
ORD101272,2024-09-17,Home & Kitchen,South,Hyderabad,3551.98,2,0,7103.96,7103.96,Net Banking,3.4
ORD102541,2024-09-17,Clothing,West,Mumbai,1552.14,2,0,3104.28,3104.28,UPI,3.4
ORD104524,2024-09-17,Books,North,Jaipur,773.06,5,0,3865.3,3865.3,Credit Card,3.6
ORD100990,2024-09-17,Clothing,West,Pune,3029.73,2,5,6059.46,5756.49,Credit Card,3.7
ORD102785,2024-09-17,Beauty,South,Hyderabad,2006.12,4,10,8024.49,7222.04,Credit Card,5.0
ORD103399,2024-09-18,Beauty,South,Bengaluru,2255.02,3,10,6765.07,6088.56,UPI,5.0
ORD103197,2024-09-18,Books,West,Mumbai,1188.37,1,5,1188.37,1128.95,Net Banking,5.0
ORD102324,2024-09-18,Electronics,North,Jaipur,16387.23,1,0,16387.23,16387.23,UPI,4.5
ORD104372,2024-09-18,Electronics,North,Jaipur,55481.24,1,20,55481.24,44384.99,Cash on Delivery,2.9
ORD103202,2024-09-18,Electronics,West,Mumbai,37730.65,4,10,150922.61,135830.35,UPI,4.7
ORD104176,2024-09-18,Sports,West,Surat,2626.81,4,15,10507.25,8931.16,Cash on Delivery,4.6
ORD101598,2024-09-18,Home & Kitchen,East,Guwahati,1279.45,3,5,3838.35,3646.43,UPI,4.7
ORD100263,2024-09-19,Electronics,North,Chandigarh,32891.54,5,20,164457.7,131566.16,UPI,4.5
ORD102142,2024-09-19,Clothing,West,Mumbai,3173.43,1,0,3173.43,3173.43,Credit Card,4.8
ORD102412,2024-09-19,Toys,South,Chennai,2964.4,3,20,8893.2,7114.56,Credit Card,3.2
ORD102215,2024-09-19,Clothing,South,Chennai,1582.52,5,0,7912.62,7912.62,UPI,4.3
ORD103739,2024-09-19,Toys,West,Pune,3071.16,1,10,3071.16,2764.05,Net Banking,4.6
ORD101826,2024-09-20,Beauty,South,Coimbatore,1888.96,5,0,9444.82,9444.82,Net Banking,4.0
ORD100416,2024-09-20,Home & Kitchen,East,Kolkata,3273.03,5,10,16365.14,14728.62,Debit Card,4.9
ORD104954,2024-09-20,Clothing,South,Hyderabad,2223.23,4,25,8892.92,6669.69,UPI,3.7
ORD104804,2024-09-20,Electronics,South,Chennai,23966.33,3,0,71899.0,71899.0,Debit Card,3.9
ORD102266,2024-09-20,Home & Kitchen,North,Chandigarh,7268.61,1,0,7268.61,7268.61,UPI,4.3
ORD101215,2024-09-20,Books,East,Patna,294.87,1,5,294.87,280.13,UPI,4.4
ORD103545,2024-09-20,Clothing,West,Surat,598.13,2,10,1196.27,1076.64,Net Banking,4.3
ORD101238,2024-09-20,Clothing,North,Lucknow,1295.49,3,10,3886.47,3497.82,Debit Card,3.7
ORD100566,2024-09-21,Electronics,East,Patna,48593.16,5,0,242965.8,242965.8,UPI,5.0
ORD103571,2024-09-21,Electronics,South,Hyderabad,53391.61,4,5,213566.43,202888.11,Credit Card,4.7
ORD104719,2024-09-21,Toys,West,Ahmedabad,1015.84,4,0,4063.35,4063.35,UPI,5.0
ORD103002,2024-09-21,Beauty,East,Patna,2751.71,3,20,8255.14,6604.11,Credit Card,3.2
ORD103118,2024-09-21,Beauty,South,Coimbatore,1460.75,3,15,4382.26,3724.92,Cash on Delivery,5.0
ORD103993,2024-09-21,Clothing,North,Lucknow,3434.68,5,0,17173.39,17173.39,Cash on Delivery,3.4
ORD103293,2024-09-22,Clothing,East,Kolkata,2773.8,2,5,5547.6,5270.22,UPI,4.4
ORD104349,2024-09-22,Electronics,North,Chandigarh,2119.04,4,5,8476.16,8052.35,UPI,4.6
ORD102356,2024-09-22,Beauty,East,Guwahati,558.27,2,0,1116.54,1116.54,UPI,4.8
ORD104026,2024-09-22,Clothing,South,Bengaluru,3046.6,5,10,15233.0,13709.7,Debit Card,3.8
ORD101486,2024-09-22,Beauty,South,Bengaluru,1677.03,3,0,5031.08,5031.08,UPI,3.8
ORD102087,2024-09-23,Electronics,East,Kolkata,12237.19,5,15,61185.95,52008.06,Cash on Delivery,4.3
ORD101558,2024-09-23,Clothing,East,Patna,1960.01,5,0,9800.07,9800.07,Credit Card,4.3
ORD104733,2024-09-23,Electronics,North,Delhi,6597.53,5,5,32987.65,31338.27,UPI,3.8
ORD103864,2024-09-23,Beauty,North,Chandigarh,1560.27,5,25,7801.33,5851.0,Debit Card,2.7
ORD103469,2024-09-23,Beauty,South,Bengaluru,2639.52,3,5,7918.56,7522.63,Credit Card,3.4
ORD102939,2024-09-24,Electronics,East,Kolkata,26699.31,3,0,80097.92,80097.92,UPI,4.8
ORD100504,2024-09-24,Home & Kitchen,North,Chandigarh,4424.44,3,10,13273.33,11946.0,Debit Card,4.7
ORD101328,2024-09-24,Electronics,West,Pune,49406.07,1,20,49406.07,39524.85,Credit Card,4.5
ORD103143,2024-09-24,Books,South,Bengaluru,647.26,4,0,2589.05,2589.05,Credit Card,4.2
ORD100773,2024-09-24,Electronics,North,Chandigarh,21247.1,1,5,21247.1,20184.74,Credit Card,2.0
ORD104962,2024-09-24,Clothing,South,Bengaluru,1048.28,4,10,4193.13,3773.82,Net Banking,3.2
ORD101902,2024-09-24,Clothing,South,Hyderabad,1442.47,5,0,7212.35,7212.35,Debit Card,4.2
ORD102957,2024-09-24,Electronics,West,Pune,4448.72,3,5,13346.17,12678.86,UPI,3.9
ORD103313,2024-09-24,Electronics,South,Chennai,47408.78,1,10,47408.78,42667.9,Cash on Delivery,3.7
ORD101415,2024-09-24,Clothing,East,Kolkata,2098.16,1,0,2098.16,2098.16,Cash on Delivery,5.0
ORD100202,2024-09-24,Toys,West,Pune,2321.26,2,25,4642.52,3481.89,UPI,4.1
ORD103258,2024-09-24,Beauty,East,Guwahati,362.39,1,0,362.39,362.39,Debit Card,5.0
ORD102983,2024-09-25,Sports,West,Pune,3156.45,4,5,12625.8,11994.51,UPI,4.1
ORD104732,2024-09-25,Home & Kitchen,West,Surat,1622.06,2,0,3244.11,3244.11,Cash on Delivery,2.4
ORD104607,2024-09-25,Clothing,West,Pune,1356.73,3,5,4070.18,3866.67,UPI,3.4
ORD100426,2024-09-25,Books,North,Lucknow,518.47,5,15,2592.34,2203.49,Net Banking,4.6
ORD101020,2024-09-26,Home & Kitchen,West,Surat,1972.96,3,15,5918.88,5031.04,Debit Card,3.4
ORD103092,2024-09-26,Sports,South,Coimbatore,7742.82,1,0,7742.82,7742.82,UPI,3.5
ORD100079,2024-09-26,Books,South,Hyderabad,494.99,5,10,2474.93,2227.44,Debit Card,4.2
ORD101678,2024-09-26,Home & Kitchen,West,Surat,3059.65,3,10,9178.96,8261.07,Debit Card,1.9
ORD102812,2024-09-26,Sports,West,Mumbai,6547.88,5,0,32739.41,32739.41,Net Banking,4.3
ORD101945,2024-09-26,Books,East,Kolkata,281.98,4,0,1127.9,1127.9,UPI,3.7
ORD104200,2024-09-26,Electronics,West,Ahmedabad,3688.88,4,10,14755.51,13279.96,Cash on Delivery,4.3
ORD101703,2024-09-27,Electronics,South,Bengaluru,30465.13,5,0,152325.65,152325.65,UPI,5.0
ORD104385,2024-09-27,Electronics,North,Jaipur,54125.47,2,5,108250.94,102838.39,UPI,4.0
ORD104069,2024-09-27,Books,East,Patna,1084.4,1,5,1084.4,1030.18,Debit Card,4.6
ORD100080,2024-09-27,Beauty,North,Jaipur,1988.87,3,5,5966.62,5668.29,UPI,4.4
ORD100002,2024-09-27,Toys,South,Hyderabad,252.22,5,5,1261.08,1198.03,Credit Card,4.1
ORD101729,2024-09-27,Beauty,South,Chennai,1099.27,3,10,3297.8,2968.02,Debit Card,3.0
ORD103927,2024-09-28,Beauty,North,Chandigarh,548.1,5,0,2740.49,2740.49,Debit Card,3.9
ORD104132,2024-09-28,Sports,West,Pune,3337.77,3,0,10013.3,10013.3,Debit Card,4.9
ORD101482,2024-09-28,Sports,West,Ahmedabad,11129.63,1,10,11129.63,10016.67,Debit Card,2.9
ORD100452,2024-09-28,Electronics,South,Bengaluru,55592.77,4,0,222371.07,222371.07,UPI,3.5
ORD103041,2024-09-28,Electronics,East,Guwahati,42818.15,2,20,85636.31,68509.04,Debit Card,3.6
ORD103949,2024-09-29,Clothing,West,Surat,2705.98,5,10,13529.88,12176.89,UPI,4.2
ORD101755,2024-09-29,Home & Kitchen,South,Bengaluru,2776.67,4,20,11106.7,8885.36,Debit Card,3.4
ORD100552,2024-09-29,Sports,North,Lucknow,10452.64,2,10,20905.29,18814.76,UPI,5.0
ORD102580,2024-09-29,Books,South,Bengaluru,289.72,4,20,1158.88,927.11,Credit Card,4.6
ORD103036,2024-09-29,Clothing,West,Pune,1671.71,3,15,5015.13,4262.86,Credit Card,3.4
ORD102708,2024-09-29,Home & Kitchen,South,Bengaluru,4017.08,3,10,12051.24,10846.12,Debit Card,3.9
ORD100896,2024-09-29,Sports,East,Bhubaneswar,7947.55,1,0,7947.55,7947.55,UPI,4.4
ORD103453,2024-09-29,Clothing,East,Kolkata,2584.11,2,10,5168.22,4651.4,Debit Card,3.3
ORD101443,2024-09-29,Sports,North,Jaipur,2563.07,2,25,5126.13,3844.6,Debit Card,3.8
ORD101473,2024-09-30,Clothing,West,Surat,3831.64,4,0,15326.54,15326.54,UPI,3.8
ORD104014,2024-09-30,Toys,North,Jaipur,2337.04,1,15,2337.04,1986.48,Cash on Delivery,3.7
ORD100049,2024-09-30,Beauty,West,Mumbai,413.63,4,5,1654.5,1571.78,Debit Card,4.9
ORD103939,2024-09-30,Electronics,North,Jaipur,23912.41,4,0,95649.64,95649.64,Debit Card,5.0
ORD103740,2024-09-30,Beauty,North,Chandigarh,1469.0,5,0,7344.98,7344.98,Credit Card,3.8
ORD101770,2024-09-30,Electronics,West,Surat,44873.87,5,10,224369.36,201932.43,Debit Card,4.0
ORD100887,2024-09-30,Clothing,North,Chandigarh,2929.47,5,0,14647.34,14647.34,UPI,4.3
ORD103100,2024-10-01,Toys,North,Jaipur,1771.53,1,0,1771.53,1771.53,UPI,3.6
ORD101393,2024-10-01,Clothing,East,Kolkata,2037.79,1,25,2037.79,1528.34,UPI,3.0
ORD104424,2024-10-01,Sports,East,Patna,6579.75,5,5,32898.74,31253.8,UPI,4.5
ORD104859,2024-10-02,Electronics,North,Lucknow,44125.61,5,5,220628.04,209596.64,UPI,2.3
ORD104971,2024-10-02,Toys,South,Bengaluru,3168.51,4,0,12674.04,12674.04,Debit Card,3.3
ORD101951,2024-10-02,Electronics,South,Hyderabad,32718.44,4,5,130873.78,124330.09,UPI,3.6
ORD104810,2024-10-02,Books,South,Chennai,673.68,5,0,3368.39,3368.39,Cash on Delivery,4.2
ORD101988,2024-10-02,Home & Kitchen,North,Lucknow,6831.62,4,10,27326.49,24593.84,Credit Card,2.5
ORD103152,2024-10-02,Electronics,South,Chennai,3386.77,3,15,10160.3,8636.26,Net Banking,5.0
ORD104958,2024-10-02,Clothing,North,Delhi,3730.67,1,0,3730.67,3730.67,UPI,3.6
ORD100534,2024-10-03,Home & Kitchen,East,Guwahati,7077.36,1,0,7077.36,7077.36,Credit Card,5.0
ORD100933,2024-10-03,Books,East,Patna,1160.87,4,10,4643.5,4179.15,UPI,5.0
ORD104886,2024-10-03,Home & Kitchen,South,Coimbatore,7978.84,2,0,15957.67,15957.67,UPI,3.9
ORD103896,2024-10-03,Books,West,Surat,503.47,2,5,1006.94,956.59,Credit Card,4.7
ORD103532,2024-10-03,Sports,West,Mumbai,9093.12,2,0,18186.24,18186.24,Credit Card,3.3
ORD100307,2024-10-03,Clothing,South,Chennai,1162.27,5,20,5811.33,4649.06,Net Banking,4.1
ORD104500,2024-10-03,Clothing,West,Pune,635.37,1,0,635.37,635.37,Credit Card,4.5
ORD100025,2024-10-03,Home & Kitchen,West,Pune,2446.44,2,0,4892.88,4892.88,Cash on Delivery,4.5
ORD100329,2024-10-03,Sports,East,Patna,689.88,2,10,1379.76,1241.79,Cash on Delivery,3.5
ORD102906,2024-10-03,Beauty,South,Chennai,2662.27,2,0,5324.54,5324.54,UPI,4.5
ORD103327,2024-10-03,Toys,East,Bhubaneswar,434.37,3,0,1303.12,1303.12,UPI,4.5
ORD102527,2024-10-03,Clothing,North,Delhi,1898.51,3,0,5695.54,5695.54,Cash on Delivery,5.0
ORD103020,2024-10-03,Clothing,East,Kolkata,3708.47,1,10,3708.47,3337.62,Debit Card,4.3
ORD102164,2024-10-03,Toys,South,Chennai,388.65,3,25,1165.95,874.47,Credit Card,4.4
ORD101662,2024-10-04,Electronics,South,Bengaluru,45749.94,2,0,91499.88,91499.88,Net Banking,3.3
ORD101297,2024-10-04,Beauty,South,Chennai,449.03,2,10,898.06,808.25,UPI,4.6
ORD103421,2024-10-04,Sports,South,Bengaluru,1783.66,1,15,1783.66,1516.11,UPI,4.3
ORD102632,2024-10-04,Home & Kitchen,North,Lucknow,4238.33,2,10,8476.67,7629.0,UPI,3.0
ORD104033,2024-10-04,Toys,North,Lucknow,2257.75,4,5,9030.99,8579.44,UPI,4.3
ORD103849,2024-10-04,Beauty,West,Surat,795.93,1,5,795.93,756.13,Debit Card,4.0
ORD102067,2024-10-05,Electronics,North,Jaipur,53594.03,5,0,267970.13,267970.13,Net Banking,2.5
ORD104087,2024-10-05,Electronics,East,Guwahati,36580.25,2,0,73160.5,73160.5,UPI,4.1
ORD103033,2024-10-05,Beauty,West,Surat,2575.56,3,15,7726.69,6567.69,UPI,3.5
ORD100550,2024-10-05,Clothing,South,Coimbatore,1653.35,2,0,3306.71,3306.71,Net Banking,4.2
ORD103323,2024-10-05,Home & Kitchen,East,Bhubaneswar,2777.56,4,0,11110.25,11110.25,Credit Card,4.4
ORD102289,2024-10-05,Toys,West,Mumbai,1269.18,5,15,6345.88,5393.99,Credit Card,2.7
ORD100234,2024-10-06,Home & Kitchen,North,Jaipur,6299.07,1,0,6299.07,6299.07,Credit Card,3.5
ORD104073,2024-10-06,Electronics,East,Patna,48340.11,4,5,193360.43,183692.4,UPI,4.7
ORD100350,2024-10-06,Sports,North,Delhi,9973.64,5,10,49868.22,44881.39,UPI,3.6
ORD101279,2024-10-06,Home & Kitchen,South,Hyderabad,4831.87,1,5,4831.87,4590.28,UPI,4.6
ORD103446,2024-10-06,Home & Kitchen,West,Mumbai,1774.89,2,5,3549.78,3372.29,Debit Card,4.4
ORD102223,2024-10-06,Electronics,East,Kolkata,33395.95,4,25,133583.79,100187.84,Net Banking,3.7
ORD100823,2024-10-07,Electronics,East,Patna,8649.38,1,10,8649.38,7784.44,Cash on Delivery,4.3
ORD103621,2024-10-07,Books,East,Bhubaneswar,954.43,4,5,3817.72,3626.84,Net Banking,3.5
ORD103090,2024-10-07,Toys,North,Delhi,717.22,1,10,717.22,645.5,UPI,4.3
ORD101294,2024-10-07,Beauty,West,Ahmedabad,1699.66,2,5,3399.31,3229.35,UPI,5.0
ORD102647,2024-10-07,Clothing,South,Hyderabad,1233.33,2,15,2466.66,2096.66,Debit Card,4.1
ORD100925,2024-10-08,Books,East,Bhubaneswar,1136.16,2,10,2272.31,2045.08,UPI,3.8
ORD104042,2024-10-08,Home & Kitchen,North,Chandigarh,350.89,1,0,350.89,350.89,Net Banking,4.0
ORD100729,2024-10-08,Books,North,Lucknow,416.13,2,0,832.25,832.25,Credit Card,4.1
ORD101976,2024-10-08,Toys,West,Pune,2879.46,3,10,8638.37,7774.53,UPI,4.9
ORD104604,2024-10-08,Sports,East,Patna,9723.75,3,0,29171.26,29171.26,UPI,4.8
ORD104333,2024-10-09,Electronics,North,Delhi,27477.85,2,25,54955.7,41216.78,UPI,5.0
ORD100177,2024-10-09,Home & Kitchen,North,Delhi,3653.01,4,5,14612.04,13881.44,Credit Card,3.9
ORD102624,2024-10-09,Clothing,South,Coimbatore,1245.0,5,0,6225.02,6225.02,Cash on Delivery,2.5
ORD104246,2024-10-09,Clothing,South,Chennai,3736.09,1,15,3736.09,3175.67,UPI,4.6
ORD101096,2024-10-09,Beauty,South,Hyderabad,1508.37,2,5,3016.73,2865.9,Cash on Delivery,4.6
ORD104496,2024-10-09,Electronics,North,Lucknow,43389.32,3,10,130167.96,117151.17,Credit Card,3.7
ORD103204,2024-10-09,Clothing,North,Chandigarh,718.15,3,10,2154.45,1939.0,Credit Card,5.0
ORD102961,2024-10-09,Books,North,Lucknow,788.87,1,15,788.87,670.54,Debit Card,4.4
ORD104209,2024-10-09,Beauty,North,Chandigarh,1156.81,1,5,1156.81,1098.97,UPI,4.9
ORD104074,2024-10-09,Books,East,Bhubaneswar,997.97,3,25,2993.92,2245.44,Debit Card,5.0
ORD100326,2024-10-09,Electronics,West,Mumbai,59201.47,3,0,177604.41,177604.41,Credit Card,5.0
ORD101956,2024-10-10,Sports,East,Kolkata,2774.81,1,15,2774.81,2358.59,UPI,3.9
ORD100331,2024-10-10,Home & Kitchen,West,Ahmedabad,6256.6,5,10,31282.99,28154.69,Credit Card,3.2
ORD102501,2024-10-10,Beauty,East,Guwahati,1643.75,3,10,4931.26,4438.13,UPI,3.0
ORD104358,2024-10-10,Home & Kitchen,West,Mumbai,3063.62,5,0,15318.11,15318.11,Debit Card,3.9
ORD103460,2024-10-10,Books,North,Jaipur,512.09,3,10,1536.27,1382.64,Net Banking,3.1
ORD103102,2024-10-10,Electronics,West,Pune,17577.81,5,0,87889.07,87889.07,Net Banking,4.1
ORD100510,2024-10-11,Beauty,West,Ahmedabad,538.27,4,0,2153.06,2153.06,Cash on Delivery,4.2
ORD101170,2024-10-11,Clothing,South,Bengaluru,860.95,1,15,860.95,731.81,Net Banking,4.5
ORD101260,2024-10-11,Clothing,East,Bhubaneswar,3237.81,5,0,16189.07,16189.07,Credit Card,4.9
ORD100464,2024-10-11,Clothing,West,Mumbai,773.04,2,0,1546.09,1546.09,Cash on Delivery,3.9
ORD101196,2024-10-11,Sports,East,Guwahati,5757.94,2,10,11515.89,10364.3,UPI,4.7
ORD104533,2024-10-11,Home & Kitchen,North,Delhi,5702.21,3,5,17106.64,16251.31,Debit Card,4.2
ORD101697,2024-10-11,Electronics,North,Jaipur,55451.7,5,5,277258.5,263395.57,Cash on Delivery,4.8
ORD101681,2024-10-11,Home & Kitchen,South,Coimbatore,3464.84,4,10,13859.36,12473.42,Debit Card,4.4
ORD102299,2024-10-12,Toys,East,Bhubaneswar,1418.8,2,0,2837.6,2837.6,Debit Card,4.6
ORD101200,2024-10-12,Electronics,West,Pune,36489.9,4,0,145959.58,145959.58,Net Banking,5.0
ORD103539,2024-10-12,Electronics,East,Kolkata,30925.16,4,5,123700.64,117515.61,Cash on Delivery,4.3
ORD103117,2024-10-12,Toys,West,Surat,3414.41,2,10,6828.82,6145.94,Credit Card,5.0
ORD102394,2024-10-13,Electronics,West,Pune,26104.15,2,0,52208.31,52208.31,UPI,2.9
ORD103521,2024-10-13,Electronics,South,Chennai,36217.27,3,10,108651.81,97786.63,Debit Card,4.3
ORD102272,2024-10-13,Home & Kitchen,West,Ahmedabad,7509.29,2,5,15018.59,14267.66,UPI,4.2
ORD102036,2024-10-13,Sports,East,Patna,6500.63,5,10,32503.15,29252.83,UPI,4.5
ORD101323,2024-10-13,Clothing,South,Hyderabad,1492.05,4,25,5968.2,4476.15,Net Banking,3.8
ORD101940,2024-10-13,Sports,West,Ahmedabad,7515.69,2,10,15031.39,13528.25,Credit Card,5.0
ORD101421,2024-10-14,Books,North,Lucknow,481.56,3,5,1444.67,1372.43,Debit Card,3.9
ORD101860,2024-10-14,Electronics,West,Pune,28382.64,2,0,56765.28,56765.28,UPI,2.9
ORD100371,2024-10-14,Toys,South,Bengaluru,1109.01,5,5,5545.06,5267.8,Net Banking,4.8
ORD101243,2024-10-14,Books,East,Bhubaneswar,998.74,3,10,2996.23,2696.61,UPI,5.0
ORD102590,2024-10-14,Beauty,North,Lucknow,2341.17,1,20,2341.17,1872.94,Net Banking,5.0
ORD102231,2024-10-14,Home & Kitchen,West,Mumbai,5787.22,4,5,23148.89,21991.44,UPI,3.0
ORD104878,2024-10-14,Electronics,East,Patna,19972.64,5,25,99863.2,74897.4,UPI,4.3
ORD102576,2024-10-14,Clothing,South,Coimbatore,1417.71,4,15,5670.86,4820.23,Debit Card,5.0
ORD102575,2024-10-14,Books,East,Kolkata,642.95,3,10,1928.86,1735.97,Cash on Delivery,4.4
ORD100111,2024-10-15,Books,North,Chandigarh,1043.98,3,10,3131.93,2818.74,UPI,4.1
ORD101360,2024-10-15,Books,West,Pune,393.75,1,5,393.75,374.06,Net Banking,4.0
ORD101062,2024-10-15,Home & Kitchen,West,Mumbai,1271.84,2,0,2543.68,2543.68,UPI,3.8
ORD104555,2024-10-15,Home & Kitchen,North,Jaipur,7401.13,2,10,14802.26,13322.04,Debit Card,3.5
ORD100477,2024-10-15,Toys,East,Patna,2368.32,2,5,4736.63,4499.8,Cash on Delivery,3.6
ORD102865,2024-10-15,Sports,North,Chandigarh,8530.63,3,0,25591.89,25591.89,Debit Card,4.4
ORD104266,2024-10-15,Sports,West,Mumbai,3929.89,1,10,3929.89,3536.9,Cash on Delivery,2.9
ORD104585,2024-10-15,Clothing,South,Bengaluru,3149.24,1,25,3149.24,2361.93,UPI,4.0
ORD101597,2024-10-15,Beauty,North,Jaipur,2161.03,5,5,10805.16,10264.9,Debit Card,4.2
ORD100930,2024-10-15,Electronics,North,Jaipur,28337.2,4,20,113348.79,90679.04,Credit Card,5.0
ORD101071,2024-10-15,Sports,West,Pune,6080.97,2,5,12161.95,11553.85,Credit Card,4.4
ORD103039,2024-10-15,Electronics,East,Patna,16980.22,4,0,67920.89,67920.89,Credit Card,4.0
ORD102359,2024-10-15,Home & Kitchen,East,Kolkata,5799.69,3,0,17399.06,17399.06,UPI,5.0
ORD103581,2024-10-16,Home & Kitchen,North,Delhi,1955.93,5,10,9779.64,8801.68,Cash on Delivery,3.5
ORD104081,2024-10-16,Beauty,North,Chandigarh,949.56,2,25,1899.11,1424.33,UPI,3.7
ORD103652,2024-10-16,Beauty,South,Bengaluru,2762.59,4,5,11050.38,10497.86,UPI,3.1
ORD103603,2024-10-16,Electronics,North,Jaipur,33962.97,4,15,135851.87,115474.09,Net Banking,4.5
ORD103355,2024-10-16,Toys,North,Delhi,2618.74,2,0,5237.48,5237.48,Cash on Delivery,3.7
ORD102085,2024-10-17,Home & Kitchen,South,Coimbatore,3916.35,5,0,19581.76,19581.76,UPI,2.6
ORD103215,2024-10-17,Beauty,North,Delhi,869.38,2,0,1738.76,1738.76,Cash on Delivery,4.6
ORD101021,2024-10-17,Books,East,Guwahati,800.04,2,5,1600.09,1520.08,Net Banking,3.4
ORD102128,2024-10-17,Sports,East,Patna,2671.65,3,5,8014.96,7614.21,Debit Card,4.0
ORD101341,2024-10-18,Sports,South,Chennai,9373.92,1,0,9373.92,9373.92,Credit Card,4.0
ORD103553,2024-10-18,Clothing,East,Kolkata,1953.28,5,0,9766.39,9766.39,UPI,3.9
ORD104660,2024-10-18,Sports,South,Chennai,10424.42,2,5,20848.84,19806.4,Debit Card,4.1
ORD101095,2024-10-18,Toys,North,Chandigarh,701.8,3,10,2105.39,1894.85,Cash on Delivery,5.0
ORD103711,2024-10-19,Clothing,South,Hyderabad,1616.49,1,20,1616.49,1293.19,UPI,4.8
ORD102101,2024-10-19,Electronics,South,Coimbatore,49034.92,4,0,196139.67,196139.67,Cash on Delivery,4.6
ORD101499,2024-10-19,Beauty,South,Coimbatore,1678.61,1,5,1678.61,1594.68,Credit Card,4.1
ORD101917,2024-10-19,Home & Kitchen,East,Bhubaneswar,5924.32,3,15,17772.97,15107.03,Debit Card,4.1
ORD102179,2024-10-19,Books,East,Patna,520.67,3,25,1562.01,1171.51,Cash on Delivery,4.3
ORD101974,2024-10-19,Beauty,West,Surat,1596.8,1,10,1596.8,1437.12,Debit Card,3.2
ORD103326,2024-10-20,Books,North,Jaipur,565.61,4,0,2262.42,2262.42,Credit Card,3.9
ORD103900,2024-10-20,Electronics,East,Bhubaneswar,27817.22,4,20,111268.88,89015.1,Cash on Delivery,2.9
ORD103664,2024-10-20,Beauty,South,Chennai,1476.28,2,0,2952.56,2952.56,UPI,4.2
ORD102004,2024-10-20,Electronics,East,Patna,31679.1,5,10,158395.52,142555.97,Debit Card,4.2
ORD100233,2024-10-20,Books,North,Jaipur,710.15,4,0,2840.62,2840.62,Credit Card,3.8
ORD102897,2024-10-20,Clothing,West,Pune,1383.34,3,15,4150.01,3527.51,Debit Card,4.6
ORD104441,2024-10-21,Electronics,West,Ahmedabad,9442.74,4,15,37770.97,32105.33,UPI,4.7
ORD101636,2024-10-21,Beauty,West,Mumbai,1622.52,3,0,4867.57,4867.57,Credit Card,4.5
ORD103604,2024-10-21,Sports,South,Chennai,8197.97,5,5,40989.86,38940.36,UPI,4.7
ORD101035,2024-10-21,Clothing,South,Bengaluru,466.09,3,10,1398.26,1258.44,Net Banking,4.2
ORD104602,2024-10-21,Electronics,South,Bengaluru,55854.98,1,0,55854.98,55854.98,Credit Card,4.6
ORD102791,2024-10-21,Beauty,West,Mumbai,1831.91,1,15,1831.91,1557.13,UPI,4.5
ORD101897,2024-10-21,Sports,North,Jaipur,9072.28,5,0,45361.39,45361.39,Debit Card,4.7
ORD104316,2024-10-21,Home & Kitchen,South,Coimbatore,1165.57,1,15,1165.57,990.73,Cash on Delivery,4.9
ORD101034,2024-10-22,Electronics,South,Chennai,56077.28,3,0,168231.85,168231.85,UPI,4.5
ORD104409,2024-10-22,Home & Kitchen,South,Hyderabad,2641.98,3,20,7925.93,6340.75,UPI,4.8
ORD100086,2024-10-22,Books,East,Guwahati,578.17,3,10,1734.5,1561.05,UPI,3.1
ORD101127,2024-10-22,Sports,East,Bhubaneswar,8717.88,5,0,43589.4,43589.4,UPI,3.3
ORD103310,2024-10-22,Electronics,East,Guwahati,44566.6,4,10,178266.4,160439.76,UPI,3.9
ORD104913,2024-10-22,Sports,North,Chandigarh,7630.24,3,0,22890.73,22890.73,Cash on Delivery,4.5
ORD104980,2024-10-22,Clothing,North,Chandigarh,663.72,4,10,2654.86,2389.38,Debit Card,4.9
ORD101375,2024-10-22,Books,South,Bengaluru,533.59,2,0,1067.17,1067.17,UPI,4.5
ORD101015,2024-10-22,Beauty,North,Jaipur,1627.24,4,5,6508.97,6183.52,Cash on Delivery,4.8
ORD101345,2024-10-22,Electronics,East,Bhubaneswar,48211.07,3,0,144633.21,144633.21,Debit Card,3.5
ORD104931,2024-10-22,Electronics,East,Guwahati,44214.42,2,0,88428.83,88428.83,Debit Card,4.7
ORD101128,2024-10-23,Electronics,West,Mumbai,49518.66,5,20,247593.3,198074.64,UPI,4.3
ORD102944,2024-10-23,Sports,South,Coimbatore,2429.68,2,5,4859.35,4616.38,Credit Card,3.5
ORD101912,2024-10-24,Sports,East,Patna,2284.0,3,5,6851.99,6509.39,UPI,4.0
ORD102152,2024-10-24,Beauty,West,Surat,2139.26,5,20,10696.31,8557.05,UPI,4.4
ORD100261,2024-10-24,Home & Kitchen,West,Surat,2483.94,4,10,9935.76,8942.19,UPI,4.0
ORD104812,2024-10-25,Home & Kitchen,East,Kolkata,3319.98,5,0,16599.91,16599.91,UPI,3.0
ORD104408,2024-10-25,Toys,South,Chennai,2777.02,2,5,5554.04,5276.33,Debit Card,3.4
ORD100968,2024-10-26,Beauty,West,Ahmedabad,653.03,1,10,653.03,587.73,Cash on Delivery,3.0
ORD102102,2024-10-26,Electronics,East,Guwahati,54045.61,5,0,270228.06,270228.06,Credit Card,3.8
ORD104745,2024-10-26,Toys,North,Lucknow,2763.43,5,10,13817.14,12435.43,UPI,4.3
ORD103440,2024-10-26,Toys,East,Kolkata,3156.33,5,0,15781.63,15781.63,UPI,4.5
ORD104360,2024-10-27,Home & Kitchen,West,Ahmedabad,4235.97,4,0,16943.88,16943.88,Cash on Delivery,3.7
ORD101587,2024-10-27,Toys,West,Mumbai,3459.51,1,0,3459.51,3459.51,UPI,5.0
ORD101938,2024-10-27,Books,South,Hyderabad,777.43,2,20,1554.86,1243.89,Debit Card,5.0
ORD100625,2024-10-27,Clothing,East,Kolkata,3730.55,2,5,7461.09,7088.04,Debit Card,4.4
ORD103862,2024-10-27,Electronics,East,Kolkata,11341.91,1,10,11341.91,10207.72,UPI,3.9
ORD103261,2024-10-27,Electronics,North,Chandigarh,14098.26,4,20,56393.04,45114.43,Credit Card,4.2
ORD101850,2024-10-27,Electronics,North,Delhi,16127.66,1,0,16127.66,16127.66,UPI,4.8
ORD103163,2024-10-27,Sports,East,Patna,2906.85,4,15,11627.39,9883.28,Credit Card,5.0
ORD101779,2024-10-27,Books,South,Hyderabad,741.69,1,15,741.69,630.44,UPI,3.3
ORD102667,2024-10-28,Books,North,Delhi,542.3,5,5,2711.48,2575.91,Net Banking,4.1
ORD101513,2024-10-28,Beauty,West,Ahmedabad,158.49,3,0,475.48,475.48,Debit Card,3.9
ORD100353,2024-10-28,Electronics,East,Guwahati,30723.6,1,5,30723.6,29187.42,Credit Card,4.5
ORD102225,2024-10-28,Electronics,West,Pune,46437.44,4,15,185749.77,157887.31,Credit Card,4.0
ORD102779,2024-10-28,Clothing,East,Patna,2083.64,3,5,6250.91,5938.37,UPI,4.3
ORD103221,2024-10-28,Home & Kitchen,West,Ahmedabad,1834.65,4,10,7338.59,6604.73,Debit Card,4.5
ORD100514,2024-10-28,Electronics,East,Guwahati,17512.03,3,25,52536.09,39402.07,UPI,4.6
ORD103063,2024-10-28,Home & Kitchen,North,Lucknow,3762.92,5,20,18814.62,15051.7,UPI,4.2
ORD101106,2024-10-28,Beauty,South,Chennai,1990.22,1,0,1990.22,1990.22,Debit Card,4.5
ORD102606,2024-10-28,Sports,West,Mumbai,6870.13,2,10,13740.25,12366.23,Net Banking,4.4
ORD103907,2024-10-28,Clothing,North,Jaipur,2012.31,2,0,4024.62,4024.62,UPI,4.7
ORD100779,2024-10-29,Home & Kitchen,South,Coimbatore,977.36,2,0,1954.72,1954.72,Net Banking,3.9
ORD101939,2024-10-29,Books,West,Pune,210.1,4,0,840.42,840.42,Credit Card,4.9
ORD103718,2024-10-29,Sports,North,Chandigarh,11859.01,1,15,11859.01,10080.16,UPI,4.0
ORD100867,2024-10-29,Beauty,West,Surat,2483.67,2,20,4967.35,3973.88,Credit Card,3.6
ORD101717,2024-10-29,Toys,North,Lucknow,3289.82,4,10,13159.27,11843.35,UPI,4.0
ORD104488,2024-10-29,Books,North,Delhi,954.15,3,0,2862.44,2862.44,UPI,4.9
ORD104047,2024-10-29,Home & Kitchen,North,Jaipur,2472.55,3,15,7417.66,6305.01,Debit Card,4.5
ORD102273,2024-10-29,Home & Kitchen,West,Surat,6553.58,5,15,32767.9,27852.72,Net Banking,4.4
ORD103541,2024-10-29,Home & Kitchen,East,Guwahati,404.59,3,25,1213.76,910.32,Cash on Delivery,5.0
ORD102749,2024-10-29,Clothing,North,Delhi,2047.17,1,5,2047.17,1944.81,Debit Card,3.3
ORD102031,2024-10-29,Toys,West,Mumbai,375.47,3,15,1126.42,957.45,Credit Card,3.7
ORD103714,2024-10-30,Toys,West,Mumbai,1593.63,5,0,7968.17,7968.17,Debit Card,5.0
ORD104418,2024-10-30,Clothing,West,Ahmedabad,1254.09,2,10,2508.17,2257.36,Credit Card,5.0
ORD103487,2024-10-30,Home & Kitchen,West,Pune,3520.15,5,0,17600.73,17600.73,Cash on Delivery,3.5
ORD102100,2024-10-30,Toys,West,Surat,2118.02,1,15,2118.02,1800.32,Debit Card,4.4
ORD103151,2024-10-30,Books,North,Chandigarh,551.12,2,0,1102.24,1102.24,Credit Card,3.5
ORD104828,2024-10-30,Toys,East,Bhubaneswar,781.61,5,5,3908.06,3712.66,UPI,4.9
ORD102039,2024-10-30,Sports,North,Delhi,6516.8,2,15,13033.61,11078.57,Cash on Delivery,4.4
ORD100269,2024-10-30,Home & Kitchen,East,Patna,5143.62,2,0,10287.23,10287.23,Credit Card,2.9
ORD100677,2024-10-31,Toys,West,Mumbai,2180.41,1,0,2180.41,2180.41,UPI,3.6
ORD102083,2024-10-31,Beauty,North,Lucknow,374.9,3,20,1124.7,899.76,Cash on Delivery,4.5
ORD103426,2024-10-31,Clothing,East,Kolkata,3348.84,3,25,10046.53,7534.9,Debit Card,3.8
ORD101815,2024-10-31,Electronics,North,Jaipur,23410.15,4,15,93640.59,79594.5,UPI,4.5
ORD104609,2024-10-31,Electronics,South,Coimbatore,14523.5,1,15,14523.5,12344.98,UPI,5.0
ORD101962,2024-10-31,Toys,North,Jaipur,1410.96,2,15,2821.92,2398.63,UPI,3.6
ORD102853,2024-10-31,Electronics,North,Jaipur,41924.99,1,5,41924.99,39828.74,Debit Card,3.9
ORD100410,2024-10-31,Clothing,West,Mumbai,491.96,4,15,1967.85,1672.68,Debit Card,5.0
ORD101197,2024-10-31,Sports,South,Coimbatore,7861.25,3,0,23583.76,23583.76,Credit Card,4.7
ORD101677,2024-11-01,Clothing,West,Surat,2044.64,3,25,6133.93,4600.45,Credit Card,4.8
ORD104113,2024-11-01,Electronics,West,Pune,39887.24,5,15,199436.18,169520.75,UPI,3.3
ORD100788,2024-11-01,Electronics,East,Guwahati,50114.21,1,0,50114.21,50114.21,UPI,4.6
ORD100772,2024-11-01,Electronics,South,Hyderabad,40170.08,5,0,200850.41,200850.41,Credit Card,3.8
ORD101995,2024-11-01,Electronics,North,Delhi,22914.7,4,15,91658.81,77909.99,Net Banking,4.1
ORD102937,2024-11-02,Home & Kitchen,North,Lucknow,5121.63,4,10,20486.52,18437.86,Credit Card,4.1
ORD103029,2024-11-02,Clothing,South,Hyderabad,491.05,5,10,2455.27,2209.75,Net Banking,4.7
ORD101861,2024-11-02,Toys,North,Jaipur,2199.52,1,25,2199.52,1649.64,Cash on Delivery,3.6
ORD103814,2024-11-02,Home & Kitchen,West,Mumbai,4485.57,4,0,17942.27,17942.27,UPI,5.0
ORD104178,2024-11-03,Clothing,North,Jaipur,2323.93,5,10,11619.63,10457.67,UPI,2.9
ORD102469,2024-11-03,Clothing,East,Guwahati,759.0,3,0,2277.0,2277.0,UPI,3.7
ORD102008,2024-11-03,Electronics,East,Guwahati,35967.21,2,0,71934.41,71934.41,Credit Card,4.5
ORD100793,2024-11-03,Sports,North,Jaipur,1569.78,1,10,1569.78,1412.8,Net Banking,2.2
ORD104330,2024-11-04,Electronics,North,Lucknow,6561.14,3,0,19683.41,19683.41,Cash on Delivery,4.1
ORD104960,2024-11-04,Electronics,West,Mumbai,25838.97,1,20,25838.97,20671.18,UPI,5.0
ORD100019,2024-11-04,Beauty,East,Kolkata,341.62,3,5,1024.85,973.61,UPI,4.5
ORD101738,2024-11-04,Home & Kitchen,North,Jaipur,1719.32,3,25,5157.96,3868.47,Credit Card,3.3
ORD101858,2024-11-04,Clothing,East,Patna,1387.32,5,15,6936.61,5896.12,Cash on Delivery,4.5
ORD101142,2024-11-04,Beauty,West,Mumbai,2553.58,1,10,2553.58,2298.22,Debit Card,4.6
ORD101352,2024-11-05,Sports,East,Guwahati,11221.27,3,25,33663.81,25247.86,Credit Card,5.0
ORD101794,2024-11-05,Clothing,East,Kolkata,3591.1,5,5,17955.52,17057.75,Credit Card,4.6
ORD101525,2024-11-05,Books,East,Kolkata,605.67,1,0,605.67,605.67,Debit Card,3.1
ORD104130,2024-11-05,Clothing,West,Pune,392.12,5,0,1960.59,1960.59,Credit Card,4.6
ORD102274,2024-11-06,Clothing,East,Bhubaneswar,2784.97,1,10,2784.97,2506.48,Debit Card,5.0
ORD102323,2024-11-06,Clothing,North,Delhi,2698.22,4,10,10792.89,9713.6,UPI,4.4
ORD102022,2024-11-06,Toys,West,Pune,2957.18,2,5,5914.37,5618.65,UPI,4.0
ORD104505,2024-11-06,Sports,South,Hyderabad,11199.68,2,15,22399.37,19039.46,Debit Card,4.5
ORD103316,2024-11-06,Beauty,North,Lucknow,386.74,4,15,1546.97,1314.92,Debit Card,4.6
ORD101467,2024-11-06,Clothing,West,Surat,1121.44,2,0,2242.88,2242.88,UPI,5.0
ORD103941,2024-11-06,Sports,South,Bengaluru,10720.5,1,0,10720.5,10720.5,Credit Card,4.8
ORD102149,2024-11-07,Sports,East,Bhubaneswar,7743.54,5,0,38717.7,38717.7,Credit Card,4.2
ORD101359,2024-11-07,Sports,East,Bhubaneswar,841.44,4,0,3365.74,3365.74,Net Banking,4.3
ORD104497,2024-11-07,Clothing,West,Ahmedabad,3256.12,4,10,13024.48,11722.04,Net Banking,3.3
ORD101867,2024-11-07,Electronics,East,Kolkata,51249.9,3,5,153749.69,146062.2,UPI,4.7
ORD100881,2024-11-07,Electronics,East,Bhubaneswar,15325.07,2,15,30650.14,26052.62,Debit Card,4.8
ORD104168,2024-11-08,Electronics,West,Ahmedabad,17874.88,3,10,53624.65,48262.18,Net Banking,3.2
ORD104229,2024-11-08,Clothing,West,Pune,354.86,4,5,1419.45,1348.47,Debit Card,4.9
ORD101146,2024-11-08,Clothing,West,Mumbai,562.57,5,0,2812.85,2812.85,UPI,5.0
ORD103620,2024-11-08,Electronics,East,Guwahati,59057.0,3,20,177171.0,141736.8,UPI,3.7
ORD103755,2024-11-08,Clothing,South,Coimbatore,1352.54,3,5,4057.63,3854.75,Debit Card,4.6
ORD102844,2024-11-08,Clothing,East,Bhubaneswar,1660.01,5,20,8300.03,6640.02,Credit Card,4.5
ORD102793,2024-11-08,Electronics,West,Ahmedabad,6625.28,3,15,19875.85,16894.47,Net Banking,4.2
ORD101954,2024-11-08,Sports,North,Chandigarh,3186.55,4,10,12746.2,11471.58,UPI,2.7
ORD101228,2024-11-08,Electronics,West,Ahmedabad,20214.95,4,5,80859.79,76816.8,Credit Card,4.6
ORD103061,2024-11-08,Electronics,North,Delhi,3335.37,1,5,3335.37,3168.6,UPI,4.3
ORD104707,2024-11-09,Home & Kitchen,South,Coimbatore,7587.74,2,15,15175.48,12899.16,Net Banking,5.0
ORD104612,2024-11-09,Home & Kitchen,South,Bengaluru,7319.55,5,15,36597.74,31108.08,Cash on Delivery,2.7
ORD103031,2024-11-09,Beauty,West,Mumbai,2220.85,2,0,4441.7,4441.7,Debit Card,4.3
ORD104412,2024-11-09,Toys,North,Chandigarh,3000.59,1,5,3000.59,2850.56,UPI,4.6
ORD102678,2024-11-09,Beauty,West,Mumbai,2983.06,1,0,2983.06,2983.06,Cash on Delivery,5.0
ORD102734,2024-11-09,Books,North,Jaipur,481.59,4,0,1926.35,1926.35,Cash on Delivery,4.0
ORD104703,2024-11-09,Electronics,North,Lucknow,12265.2,3,15,36795.59,31276.26,Credit Card,2.7
ORD101839,2024-11-09,Home & Kitchen,North,Delhi,5008.23,2,0,10016.47,10016.47,Credit Card,3.7
ORD100407,2024-11-09,Home & Kitchen,West,Ahmedabad,1017.15,4,0,4068.59,4068.59,Debit Card,4.1
ORD100028,2024-11-09,Clothing,North,Jaipur,2202.15,3,10,6606.46,5945.81,UPI,3.4
ORD104513,2024-11-09,Electronics,East,Guwahati,25846.56,1,20,25846.56,20677.25,Net Banking,3.9
ORD102846,2024-11-09,Electronics,South,Coimbatore,18826.9,4,0,75307.61,75307.61,Credit Card,4.8
ORD104351,2024-11-10,Beauty,West,Ahmedabad,2600.49,1,5,2600.49,2470.46,Cash on Delivery,4.0
ORD104027,2024-11-10,Books,West,Pune,926.83,2,0,1853.66,1853.66,Debit Card,3.7
ORD104204,2024-11-10,Electronics,West,Surat,59406.12,3,0,178218.37,178218.37,UPI,3.8
ORD100928,2024-11-10,Toys,West,Mumbai,3453.15,5,20,17265.76,13812.61,Net Banking,3.9
ORD104868,2024-11-10,Sports,North,Chandigarh,7048.84,1,0,7048.84,7048.84,Debit Card,4.6
ORD100700,2024-11-11,Home & Kitchen,East,Patna,6549.08,2,0,13098.15,13098.15,Cash on Delivery,3.7
ORD100052,2024-11-11,Sports,West,Ahmedabad,6810.64,5,0,34053.18,34053.18,Debit Card,3.4
ORD102329,2024-11-11,Sports,South,Chennai,11101.25,2,5,22202.5,21092.37,Debit Card,3.7
ORD101582,2024-11-11,Books,North,Delhi,317.93,2,0,635.85,635.85,Debit Card,4.0
ORD101816,2024-11-12,Books,East,Kolkata,260.14,3,0,780.42,780.42,UPI,5.0
ORD104601,2024-11-12,Clothing,North,Chandigarh,3706.45,5,0,18532.27,18532.27,Debit Card,4.0
ORD104102,2024-11-12,Books,West,Surat,412.42,5,10,2062.08,1855.87,Cash on Delivery,4.2
ORD104695,2024-11-12,Home & Kitchen,South,Bengaluru,956.38,1,20,956.38,765.11,Debit Card,3.6
ORD101479,2024-11-13,Clothing,North,Chandigarh,1467.86,3,0,4403.58,4403.58,Credit Card,4.6
ORD104756,2024-11-13,Home & Kitchen,North,Lucknow,3678.67,1,5,3678.67,3494.74,Credit Card,3.8
ORD100186,2024-11-13,Electronics,South,Bengaluru,32948.5,2,10,65896.99,59307.29,Net Banking,2.9
ORD101919,2024-11-13,Books,South,Hyderabad,838.43,4,0,3353.73,3353.73,UPI,4.7
ORD101401,2024-11-13,Beauty,East,Guwahati,2411.01,5,0,12055.06,12055.06,UPI,4.9
ORD101006,2024-11-13,Clothing,East,Guwahati,855.5,4,0,3421.98,3421.98,UPI,5.0
ORD104295,2024-11-13,Clothing,South,Hyderabad,3656.89,4,0,14627.58,14627.58,UPI,3.8
ORD104256,2024-11-13,Clothing,West,Surat,861.48,3,10,2584.44,2325.99,Credit Card,4.5
ORD101193,2024-11-13,Beauty,North,Delhi,1981.67,4,0,7926.7,7926.7,Cash on Delivery,4.6
ORD101830,2024-11-13,Clothing,South,Bengaluru,2685.61,2,0,5371.23,5371.23,Net Banking,3.5
ORD101828,2024-11-13,Toys,East,Patna,2341.72,4,10,9366.87,8430.18,UPI,4.3
ORD101589,2024-11-13,Home & Kitchen,South,Hyderabad,2898.47,5,10,14492.34,13043.11,Credit Card,5.0
ORD103229,2024-11-13,Beauty,North,Jaipur,2785.38,2,0,5570.76,5570.76,Net Banking,4.6
ORD100998,2024-11-14,Books,East,Kolkata,788.32,5,10,3941.58,3547.42,Credit Card,5.0
ORD101512,2024-11-14,Beauty,East,Kolkata,835.78,4,20,3343.13,2674.5,UPI,4.8
ORD104502,2024-11-14,Toys,South,Bengaluru,420.52,5,15,2102.58,1787.19,UPI,5.0
ORD102727,2024-11-14,Beauty,North,Jaipur,1557.26,1,0,1557.26,1557.26,UPI,4.6
ORD104427,2024-11-14,Electronics,East,Bhubaneswar,41540.58,4,5,166162.34,157854.22,UPI,3.5
ORD103530,2024-11-15,Beauty,East,Bhubaneswar,1707.29,2,0,3414.58,3414.58,Net Banking,3.5
ORD101771,2024-11-15,Clothing,North,Chandigarh,329.32,5,0,1646.62,1646.62,Credit Card,3.7
ORD102545,2024-11-15,Sports,South,Chennai,11068.32,1,10,11068.32,9961.49,Net Banking,4.4
ORD103119,2024-11-15,Electronics,West,Ahmedabad,28278.22,3,0,84834.67,84834.67,UPI,3.5
ORD102214,2024-11-15,Beauty,West,Pune,966.98,1,10,966.98,870.28,Credit Card,4.0
ORD101016,2024-11-15,Electronics,South,Coimbatore,13434.51,4,20,53738.02,42990.42,Cash on Delivery,4.5
ORD100926,2024-11-15,Home & Kitchen,South,Chennai,1754.05,1,5,1754.05,1666.34,Credit Card,3.6
ORD100982,2024-11-15,Beauty,North,Delhi,266.2,2,0,532.41,532.41,Credit Card,3.3
ORD103613,2024-11-16,Home & Kitchen,South,Bengaluru,6286.38,2,5,12572.77,11944.13,Net Banking,5.0
ORD102297,2024-11-16,Home & Kitchen,East,Patna,3574.39,1,0,3574.39,3574.39,Debit Card,2.3
ORD100391,2024-11-16,Beauty,West,Ahmedabad,1406.18,2,20,2812.37,2249.89,Credit Card,4.6
ORD100997,2024-11-16,Sports,South,Hyderabad,8099.78,3,5,24299.33,23084.36,Credit Card,4.3
ORD100952,2024-11-17,Clothing,North,Chandigarh,3769.81,1,25,3769.81,2827.36,Credit Card,4.6
ORD104290,2024-11-17,Books,North,Delhi,207.3,2,10,414.6,373.14,Debit Card,3.9
ORD103596,2024-11-17,Books,East,Guwahati,1017.22,1,0,1017.22,1017.22,UPI,4.5
ORD103982,2024-11-17,Sports,East,Kolkata,1315.55,1,5,1315.55,1249.78,UPI,3.9
ORD100368,2024-11-18,Home & Kitchen,West,Ahmedabad,6148.05,3,0,18444.16,18444.16,UPI,3.9
ORD103516,2024-11-18,Beauty,West,Ahmedabad,2525.97,5,0,12629.83,12629.83,UPI,4.9
ORD101593,2024-11-18,Electronics,West,Pune,4930.48,5,5,24652.4,23419.78,Net Banking,4.8
ORD100363,2024-11-18,Electronics,South,Bengaluru,40828.31,4,15,163313.25,138816.26,Debit Card,4.5
ORD104672,2024-11-18,Beauty,North,Jaipur,1051.63,2,10,2103.27,1892.94,Cash on Delivery,4.3
ORD101560,2024-11-18,Electronics,South,Coimbatore,19693.19,3,0,59079.57,59079.57,UPI,5.0
ORD103276,2024-11-19,Beauty,West,Ahmedabad,885.91,4,0,3543.65,3543.65,UPI,2.8
ORD102055,2024-11-19,Sports,West,Mumbai,6453.46,4,5,25813.85,24523.15,UPI,3.9
ORD104020,2024-11-19,Beauty,East,Bhubaneswar,686.46,5,5,3432.3,3260.69,Cash on Delivery,3.8
ORD101089,2024-11-19,Books,North,Delhi,1194.21,4,0,4776.83,4776.83,UPI,4.5
ORD103156,2024-11-19,Books,East,Patna,631.61,3,0,1894.84,1894.84,Cash on Delivery,4.3
ORD102118,2024-11-19,Toys,North,Delhi,3326.01,2,0,6652.02,6652.02,Debit Card,3.5
ORD101666,2024-11-19,Beauty,West,Mumbai,1102.35,1,0,1102.35,1102.35,UPI,3.5
ORD101497,2024-11-19,Books,West,Pune,183.1,2,5,366.2,347.89,UPI,3.6
ORD101118,2024-11-19,Electronics,North,Delhi,47120.79,4,25,188483.16,141362.37,UPI,5.0
ORD103375,2024-11-20,Toys,West,Mumbai,2049.57,1,5,2049.57,1947.09,UPI,4.0
ORD103669,2024-11-20,Electronics,West,Ahmedabad,19679.12,4,10,78716.49,70844.84,UPI,4.7
ORD104608,2024-11-20,Electronics,South,Coimbatore,10279.7,1,0,10279.7,10279.7,Credit Card,3.9
ORD103150,2024-11-20,Sports,North,Jaipur,6432.47,3,20,19297.41,15437.93,UPI,3.0
ORD104293,2024-11-20,Home & Kitchen,North,Chandigarh,6755.15,5,5,33775.74,32086.95,UPI,4.1
ORD100488,2024-11-20,Sports,South,Bengaluru,5147.41,2,20,10294.81,8235.85,UPI,4.9
ORD100970,2024-11-21,Toys,North,Chandigarh,1124.88,1,10,1124.88,1012.39,Credit Card,5.0
ORD101650,2024-11-21,Toys,East,Patna,1105.62,2,0,2211.23,2211.23,Credit Card,3.1
ORD104095,2024-11-21,Home & Kitchen,South,Chennai,7022.92,2,10,14045.84,12641.26,Credit Card,3.9
ORD103743,2024-11-21,Sports,South,Bengaluru,9939.08,5,0,49695.41,49695.41,Debit Card,2.9
ORD104338,2024-11-21,Sports,North,Chandigarh,4903.44,2,15,9806.88,8335.85,UPI,3.4
ORD100243,2024-11-21,Beauty,East,Kolkata,1788.95,2,15,3577.9,3041.22,Credit Card,4.7
ORD102105,2024-11-21,Electronics,South,Chennai,13449.42,3,0,40348.26,40348.26,UPI,3.3
ORD102863,2024-11-22,Beauty,South,Bengaluru,1457.9,2,20,2915.8,2332.64,Credit Card,4.7
ORD103104,2024-11-22,Clothing,North,Jaipur,2360.85,1,0,2360.85,2360.85,Credit Card,4.1
ORD104048,2024-11-22,Toys,East,Guwahati,3440.07,4,15,13760.28,11696.24,UPI,4.1
ORD104003,2024-11-22,Electronics,West,Mumbai,22816.48,4,0,91265.92,91265.92,Net Banking,4.1
ORD103548,2024-11-22,Toys,North,Delhi,2909.04,5,0,14545.21,14545.21,Net Banking,5.0
ORD101188,2024-11-22,Home & Kitchen,East,Bhubaneswar,5226.93,3,0,15680.79,15680.79,Credit Card,4.1
ORD100623,2024-11-22,Electronics,South,Chennai,9951.83,2,5,19903.66,18908.47,UPI,4.3
ORD101230,2024-11-23,Electronics,South,Coimbatore,48339.63,5,10,241698.15,217528.33,Net Banking,3.5
ORD101576,2024-11-23,Clothing,North,Delhi,1403.03,5,0,7015.14,7015.14,Credit Card,4.3
ORD102091,2024-11-23,Beauty,South,Hyderabad,2459.89,1,0,2459.89,2459.89,Debit Card,4.4
ORD101000,2024-11-24,Clothing,North,Lucknow,2415.7,3,20,7247.09,5797.67,Credit Card,5.0
ORD102408,2024-11-24,Sports,East,Patna,8999.76,4,0,35999.04,35999.04,UPI,3.9
ORD102555,2024-11-24,Toys,East,Patna,3272.54,4,20,13090.15,10472.12,Credit Card,3.4
ORD103731,2024-11-24,Beauty,North,Lucknow,2857.08,3,5,8571.25,8142.69,Credit Card,2.7
ORD101554,2024-11-24,Sports,East,Kolkata,4676.54,3,0,14029.63,14029.63,UPI,4.6
ORD103511,2024-11-24,Toys,North,Lucknow,2567.64,4,25,10270.56,7702.92,UPI,5.0
ORD101252,2024-11-25,Electronics,North,Chandigarh,20270.61,3,0,60811.82,60811.82,Credit Card,3.8
ORD101529,2024-11-25,Home & Kitchen,North,Jaipur,6253.54,2,5,12507.07,11881.72,UPI,5.0
ORD100806,2024-11-25,Clothing,West,Ahmedabad,1935.62,5,10,9678.12,8710.31,UPI,2.8
ORD104589,2024-11-25,Toys,South,Coimbatore,1204.4,2,20,2408.81,1927.05,Cash on Delivery,4.3
ORD101397,2024-11-25,Toys,North,Lucknow,1750.97,4,0,7003.87,7003.87,Debit Card,3.4
ORD100688,2024-11-25,Clothing,South,Coimbatore,2748.53,4,0,10994.12,10994.12,Debit Card,3.8
ORD103817,2024-11-26,Clothing,North,Delhi,3220.41,2,15,6440.82,5474.7,UPI,4.1
ORD103846,2024-11-26,Home & Kitchen,South,Hyderabad,669.84,2,0,1339.69,1339.69,Cash on Delivery,5.0
ORD104245,2024-11-26,Home & Kitchen,North,Chandigarh,2453.74,2,10,4907.48,4416.73,Credit Card,3.2
ORD100011,2024-11-26,Sports,South,Coimbatore,9974.25,3,5,29922.74,28426.6,UPI,3.8
ORD104414,2024-11-26,Books,East,Bhubaneswar,884.89,5,20,4424.44,3539.55,Credit Card,5.0
ORD102069,2024-11-26,Beauty,East,Patna,2447.66,3,10,7342.98,6608.68,Cash on Delivery,3.4
ORD104805,2024-11-26,Sports,South,Bengaluru,7955.73,1,15,7955.73,6762.37,Debit Card,3.7
ORD103919,2024-11-26,Books,West,Surat,543.01,2,15,1086.02,923.11,Net Banking,4.2
ORD100167,2024-11-26,Sports,West,Surat,10724.39,1,0,10724.39,10724.39,Debit Card,3.2
ORD101876,2024-11-27,Books,North,Chandigarh,1165.33,1,0,1165.33,1165.33,UPI,3.5
ORD101565,2024-11-27,Beauty,East,Kolkata,1874.66,1,0,1874.66,1874.66,UPI,4.3
ORD103935,2024-11-27,Home & Kitchen,South,Chennai,3136.99,4,10,12547.97,11293.17,Credit Card,5.0
ORD103254,2024-11-27,Sports,West,Pune,845.4,1,5,845.4,803.13,Cash on Delivery,4.0
ORD103286,2024-11-27,Toys,South,Coimbatore,788.72,3,0,2366.17,2366.17,Cash on Delivery,4.9
ORD103167,2024-11-27,Toys,South,Chennai,1361.85,3,10,4085.56,3677.0,Credit Card,2.8
ORD103920,2024-11-28,Clothing,East,Guwahati,2623.1,5,0,13115.49,13115.49,UPI,3.9
ORD104666,2024-11-28,Toys,East,Patna,420.88,2,10,841.75,757.58,Debit Card,4.3
ORD103246,2024-11-28,Books,East,Bhubaneswar,200.32,2,5,400.64,380.61,Debit Card,4.2
ORD101008,2024-11-29,Home & Kitchen,West,Surat,2014.47,1,15,2014.47,1712.3,Debit Card,2.4
ORD102121,2024-11-29,Clothing,South,Coimbatore,2278.19,4,5,9112.77,8657.13,Debit Card,4.3
ORD103125,2024-11-29,Home & Kitchen,North,Chandigarh,3641.21,3,0,10923.62,10923.62,UPI,4.2
ORD101914,2024-11-29,Electronics,West,Ahmedabad,4353.62,3,0,13060.85,13060.85,Credit Card,3.9
ORD101971,2024-11-29,Electronics,West,Pune,16577.66,5,20,82888.28,66310.63,UPI,4.1
ORD100797,2024-11-30,Home & Kitchen,East,Kolkata,4759.27,5,5,23796.34,22606.52,UPI,4.9
ORD101895,2024-11-30,Home & Kitchen,North,Delhi,999.77,4,10,3999.09,3599.18,Net Banking,3.9
ORD104459,2024-11-30,Beauty,South,Bengaluru,2275.75,4,0,9103.01,9103.01,Net Banking,4.1
ORD101659,2024-11-30,Electronics,South,Chennai,2146.21,4,10,8584.85,7726.36,UPI,3.6
ORD100790,2024-11-30,Electronics,South,Bengaluru,34796.73,3,10,104390.18,93951.16,Credit Card,4.1
ORD104668,2024-11-30,Sports,North,Delhi,452.44,1,20,452.44,361.95,UPI,4.1
ORD104661,2024-11-30,Sports,East,Guwahati,10808.97,4,15,43235.87,36750.49,Debit Card,5.0
ORD101428,2024-11-30,Home & Kitchen,North,Lucknow,1643.0,3,5,4928.99,4682.54,Cash on Delivery,3.2
ORD102009,2024-12-01,Electronics,North,Lucknow,27037.84,1,0,27037.84,27037.84,Cash on Delivery,4.2
ORD104210,2024-12-01,Clothing,East,Bhubaneswar,2907.22,1,0,2907.22,2907.22,Cash on Delivery,4.3
ORD100491,2024-12-01,Clothing,East,Patna,2805.37,4,0,11221.49,11221.49,UPI,3.9
ORD101601,2024-12-01,Beauty,South,Bengaluru,2410.55,2,5,4821.1,4580.04,UPI,4.6
ORD104634,2024-12-01,Sports,West,Mumbai,6605.54,4,10,26422.16,23779.94,UPI,5.0
ORD102363,2024-12-01,Books,North,Lucknow,828.2,2,15,1656.39,1407.93,Cash on Delivery,4.7
ORD104748,2024-12-01,Books,South,Bengaluru,1188.92,4,0,4755.66,4755.66,UPI,5.0
ORD102112,2024-12-01,Beauty,North,Delhi,2529.52,1,15,2529.52,2150.1,UPI,3.5
ORD102716,2024-12-01,Toys,West,Pune,2968.26,1,20,2968.26,2374.61,Credit Card,2.2
ORD103513,2024-12-02,Toys,East,Guwahati,1525.6,4,15,6102.39,5187.04,Credit Card,3.6
ORD103624,2024-12-02,Beauty,East,Patna,2157.83,4,10,8631.31,7768.18,UPI,3.5
ORD102551,2024-12-02,Beauty,West,Pune,358.99,5,5,1794.94,1705.19,Credit Card,3.7
ORD104181,2024-12-02,Electronics,North,Lucknow,45656.31,2,15,91312.61,77615.72,Net Banking,4.0
ORD100859,2024-12-02,Electronics,East,Kolkata,52305.22,3,20,156915.67,125532.53,Net Banking,4.1
ORD104416,2024-12-03,Toys,South,Coimbatore,704.91,5,0,3524.57,3524.57,Credit Card,4.4
ORD103030,2024-12-03,Clothing,North,Lucknow,459.87,1,0,459.87,459.87,Net Banking,4.7
ORD104421,2024-12-03,Clothing,West,Surat,1075.52,3,10,3226.57,2903.92,Credit Card,4.5
ORD100299,2024-12-03,Sports,East,Kolkata,4049.7,1,20,4049.7,3239.76,Credit Card,4.0
ORD100256,2024-12-03,Electronics,South,Coimbatore,29747.0,2,0,59494.01,59494.01,Credit Card,4.2
ORD100089,2024-12-03,Electronics,West,Pune,39451.71,1,25,39451.71,29588.78,Credit Card,2.8
ORD102460,2024-12-03,Electronics,West,Mumbai,57338.22,4,5,229352.89,217885.25,Debit Card,4.8
ORD104280,2024-12-03,Sports,West,Ahmedabad,10255.44,2,0,20510.87,20510.87,UPI,4.3
ORD101772,2024-12-03,Clothing,West,Surat,2908.53,1,15,2908.53,2472.25,UPI,3.0
ORD104847,2024-12-04,Electronics,East,Guwahati,9513.27,3,5,28539.8,27112.81,Credit Card,4.6
ORD104206,2024-12-04,Clothing,West,Surat,2609.43,1,15,2609.43,2218.01,Credit Card,4.1
ORD104642,2024-12-04,Toys,West,Pune,424.33,5,10,2121.67,1909.51,Cash on Delivery,3.3
ORD103863,2024-12-04,Beauty,West,Mumbai,2503.76,1,0,2503.76,2503.76,Debit Card,4.4
ORD101404,2024-12-04,Sports,South,Bengaluru,11092.98,4,10,44371.9,39934.71,UPI,4.6
ORD100615,2024-12-04,Books,South,Bengaluru,615.83,4,15,2463.31,2093.81,UPI,3.8
ORD104777,2024-12-05,Electronics,North,Chandigarh,31557.2,5,10,157786.01,142007.41,Credit Card,3.3
ORD101488,2024-12-05,Books,North,Jaipur,895.06,4,15,3580.23,3043.2,Credit Card,3.4
ORD104934,2024-12-05,Sports,South,Hyderabad,406.0,4,0,1624.0,1624.0,UPI,3.6
ORD100057,2024-12-05,Electronics,East,Guwahati,54619.08,1,5,54619.08,51888.13,UPI,3.7
ORD104776,2024-12-05,Clothing,West,Mumbai,1471.9,5,5,7359.49,6991.51,Cash on Delivery,4.9
ORD104177,2024-12-05,Home & Kitchen,West,Pune,4054.8,5,10,20273.99,18246.59,Credit Card,3.8
ORD100166,2024-12-05,Electronics,North,Chandigarh,21137.42,5,0,105687.1,105687.1,Credit Card,5.0
ORD100474,2024-12-06,Electronics,West,Ahmedabad,11427.76,2,0,22855.51,22855.51,UPI,5.0
ORD104381,2024-12-06,Electronics,West,Surat,13939.33,3,0,41817.98,41817.98,UPI,2.8
ORD102315,2024-12-06,Sports,North,Jaipur,11550.14,4,15,46200.55,39270.47,UPI,4.9
ORD104481,2024-12-06,Books,North,Chandigarh,429.84,3,25,1289.52,967.14,Debit Card,3.9
ORD102012,2024-12-06,Clothing,East,Bhubaneswar,3411.28,2,0,6822.56,6822.56,Net Banking,4.0
ORD103437,2024-12-06,Clothing,North,Jaipur,1970.45,4,15,7881.8,6699.53,Debit Card,3.4
ORD103227,2024-12-06,Clothing,South,Hyderabad,2874.7,2,5,5749.4,5461.93,UPI,4.3
ORD102328,2024-12-07,Clothing,East,Guwahati,2325.59,3,20,6976.78,5581.43,UPI,4.7
ORD102808,2024-12-07,Sports,East,Guwahati,5585.2,3,0,16755.61,16755.61,Net Banking,3.1
ORD101182,2024-12-07,Books,South,Hyderabad,730.39,5,0,3651.95,3651.95,Debit Card,3.9
ORD101321,2024-12-07,Home & Kitchen,North,Lucknow,1799.15,4,5,7196.6,6836.77,UPI,4.2
ORD104107,2024-12-07,Electronics,North,Lucknow,25871.35,5,0,129356.77,129356.77,Cash on Delivery,3.8
ORD100619,2024-12-07,Toys,East,Bhubaneswar,2709.84,1,0,2709.84,2709.84,Credit Card,4.8
ORD100556,2024-12-07,Electronics,South,Bengaluru,21441.28,3,20,64323.83,51459.07,Cash on Delivery,3.5
ORD102257,2024-12-07,Electronics,South,Hyderabad,28836.43,5,0,144182.14,144182.14,Credit Card,4.9
ORD100409,2024-12-07,Toys,South,Bengaluru,809.56,2,0,1619.11,1619.11,Cash on Delivery,3.8
ORD103164,2024-12-08,Electronics,East,Guwahati,14232.48,3,0,42697.43,42697.43,Net Banking,3.5
ORD104112,2024-12-08,Electronics,North,Jaipur,1691.17,1,10,1691.17,1522.06,Debit Card,5.0
ORD104888,2024-12-08,Home & Kitchen,East,Guwahati,6410.99,2,0,12821.98,12821.98,Net Banking,4.3
ORD102104,2024-12-08,Electronics,North,Lucknow,38966.92,1,15,38966.92,33121.89,Debit Card,3.6
ORD103269,2024-12-08,Electronics,North,Lucknow,16796.01,3,0,50388.04,50388.04,Cash on Delivery,3.4
ORD103430,2024-12-08,Beauty,West,Mumbai,1865.58,3,5,5596.74,5316.91,Net Banking,4.3
ORD103666,2024-12-08,Sports,North,Chandigarh,3434.06,4,25,13736.25,10302.19,Net Banking,4.5
ORD102071,2024-12-09,Electronics,North,Jaipur,54726.83,2,15,109453.66,93035.61,Net Banking,4.4
ORD101763,2024-12-09,Books,South,Coimbatore,1092.28,4,0,4369.13,4369.13,Net Banking,3.9
ORD101505,2024-12-09,Electronics,East,Guwahati,55208.55,3,10,165625.64,149063.07,Credit Card,2.7
ORD100020,2024-12-09,Electronics,East,Guwahati,18836.92,2,0,37673.84,37673.84,Credit Card,4.2
ORD100100,2024-12-09,Beauty,South,Chennai,2135.2,4,10,8540.8,7686.72,Debit Card,3.4
ORD102896,2024-12-09,Toys,South,Bengaluru,2134.48,1,25,2134.48,1600.86,Cash on Delivery,3.6
ORD101514,2024-12-09,Sports,South,Bengaluru,3866.03,1,10,3866.03,3479.43,Credit Card,3.5
ORD103387,2024-12-09,Beauty,South,Coimbatore,1626.25,4,5,6505.01,6179.76,Net Banking,5.0
ORD103234,2024-12-09,Electronics,North,Delhi,6301.03,5,5,31505.14,29929.88,Credit Card,3.9
ORD102139,2024-12-10,Clothing,West,Surat,3636.69,3,0,10910.07,10910.07,Debit Card,3.2
ORD102397,2024-12-10,Electronics,East,Bhubaneswar,5709.96,5,5,28549.81,27122.32,Cash on Delivery,4.1
ORD104307,2024-12-10,Electronics,North,Delhi,8789.36,2,20,17578.72,14062.98,Debit Card,5.0
ORD102617,2024-12-10,Clothing,South,Bengaluru,1539.94,4,10,6159.76,5543.78,Credit Card,3.7
ORD101610,2024-12-10,Toys,West,Ahmedabad,2680.89,5,25,13404.43,10053.32,Credit Card,4.0
ORD102033,2024-12-10,Toys,North,Jaipur,3114.82,4,0,12459.3,12459.3,Debit Card,3.4
ORD100248,2024-12-11,Beauty,West,Mumbai,2606.36,4,5,10425.44,9904.16,UPI,3.9
ORD100055,2024-12-11,Beauty,North,Lucknow,2870.51,5,0,14352.56,14352.56,Cash on Delivery,3.3
ORD100843,2024-12-11,Clothing,West,Pune,2815.28,5,15,14076.38,11964.92,UPI,4.5
ORD101105,2024-12-11,Home & Kitchen,East,Patna,2702.43,3,5,8107.29,7701.92,Debit Card,3.7
ORD100436,2024-12-11,Books,East,Bhubaneswar,278.71,3,10,836.14,752.52,UPI,4.0
ORD101133,2024-12-11,Home & Kitchen,West,Pune,3788.15,1,0,3788.15,3788.15,UPI,3.6
ORD100265,2024-12-11,Clothing,East,Kolkata,2800.8,3,15,8402.41,7142.05,UPI,3.4
ORD103193,2024-12-12,Beauty,East,Guwahati,1749.68,1,5,1749.68,1662.2,UPI,3.9
ORD101158,2024-12-12,Sports,East,Guwahati,3615.04,5,10,18075.22,16267.7,Credit Card,4.0
ORD103185,2024-12-13,Sports,South,Hyderabad,8539.81,4,15,34159.24,29035.35,Debit Card,5.0
ORD100650,2024-12-13,Sports,North,Jaipur,871.22,2,0,1742.44,1742.44,Cash on Delivery,3.7
ORD100695,2024-12-13,Electronics,North,Delhi,36558.56,5,0,182792.79,182792.79,Debit Card,5.0
ORD100763,2024-12-13,Beauty,North,Lucknow,282.11,2,25,564.21,423.16,UPI,4.3
ORD104691,2024-12-13,Electronics,North,Lucknow,33953.86,1,10,33953.86,30558.47,Credit Card,4.1
ORD100170,2024-12-13,Clothing,North,Lucknow,2818.07,3,5,8454.22,8031.51,UPI,3.5
ORD102290,2024-12-13,Electronics,North,Delhi,20238.64,3,10,60715.91,54644.32,Cash on Delivery,3.6
ORD101018,2024-12-14,Sports,West,Pune,500.33,2,5,1000.66,950.62,UPI,3.4
ORD103526,2024-12-14,Home & Kitchen,West,Mumbai,5850.85,5,0,29254.24,29254.24,UPI,3.9
ORD102781,2024-12-14,Home & Kitchen,North,Jaipur,5463.48,1,10,5463.48,4917.13,Credit Card,4.9
ORD101590,2024-12-14,Home & Kitchen,East,Bhubaneswar,5108.93,5,10,25544.66,22990.2,UPI,4.6
ORD101226,2024-12-14,Clothing,East,Guwahati,2974.53,4,10,11898.12,10708.31,UPI,3.5
ORD103988,2024-12-14,Books,East,Guwahati,333.33,5,15,1666.65,1416.65,Credit Card,4.1
ORD101746,2024-12-14,Home & Kitchen,South,Coimbatore,5086.73,4,20,20346.93,16277.54,UPI,4.0
ORD100245,2024-12-14,Sports,North,Delhi,1635.95,4,5,6543.8,6216.61,Cash on Delivery,4.9
ORD100351,2024-12-14,Books,West,Ahmedabad,290.22,5,25,1451.1,1088.33,Credit Card,3.9
ORD101458,2024-12-14,Beauty,North,Lucknow,2941.0,3,5,8823.01,8381.86,Debit Card,4.5
ORD100941,2024-12-15,Electronics,North,Delhi,11846.5,5,0,59232.49,59232.49,Credit Card,4.5
ORD102542,2024-12-15,Clothing,East,Patna,1215.68,4,25,4862.71,3647.03,UPI,3.2
ORD100939,2024-12-15,Books,East,Kolkata,328.07,4,5,1312.26,1246.65,UPI,3.3
ORD103309,2024-12-15,Electronics,North,Chandigarh,8889.61,4,5,35558.46,33780.53,Debit Card,3.8
ORD100855,2024-12-15,Sports,South,Hyderabad,3509.86,2,5,7019.73,6668.74,Credit Card,4.0
ORD100423,2024-12-15,Beauty,East,Kolkata,657.36,3,0,1972.07,1972.07,Cash on Delivery,4.3
ORD102740,2024-12-15,Clothing,West,Pune,3178.26,4,0,12713.05,12713.05,Credit Card,2.9
ORD104964,2024-12-15,Sports,East,Bhubaneswar,7781.78,3,0,23345.33,23345.33,Cash on Delivery,4.8
ORD102140,2024-12-15,Sports,South,Bengaluru,3186.2,1,0,3186.2,3186.2,Credit Card,4.6
ORD104820,2024-12-16,Electronics,South,Chennai,41559.26,1,25,41559.26,31169.44,Credit Card,2.9
ORD102143,2024-12-16,Beauty,West,Mumbai,210.51,4,10,842.03,757.82,Credit Card,3.9
ORD102574,2024-12-16,Home & Kitchen,East,Guwahati,2096.3,5,5,10481.49,9957.41,UPI,3.4
ORD103959,2024-12-17,Electronics,East,Guwahati,30404.09,1,25,30404.09,22803.07,Cash on Delivery,3.2
ORD101866,2024-12-17,Books,East,Guwahati,944.65,4,10,3778.62,3400.76,UPI,4.9
ORD102015,2024-12-17,Home & Kitchen,West,Mumbai,4065.55,1,0,4065.55,4065.55,UPI,4.9
ORD104336,2024-12-17,Home & Kitchen,North,Lucknow,3232.93,5,10,16164.65,14548.18,Debit Card,3.2
ORD102543,2024-12-17,Sports,North,Jaipur,11939.8,4,0,47759.2,47759.2,UPI,3.4
ORD102993,2024-12-18,Home & Kitchen,East,Bhubaneswar,2576.64,2,10,5153.28,4637.95,Cash on Delivery,4.2
ORD101875,2024-12-18,Toys,North,Lucknow,1798.28,1,10,1798.28,1618.45,UPI,4.6
ORD102235,2024-12-18,Electronics,North,Delhi,57134.23,5,15,285671.16,242820.49,Credit Card,3.9
ORD102636,2024-12-18,Electronics,West,Ahmedabad,16765.49,3,10,50296.47,45266.83,UPI,5.0
ORD102239,2024-12-18,Home & Kitchen,West,Mumbai,2579.89,3,15,7739.67,6578.72,UPI,3.5
ORD101604,2024-12-18,Clothing,North,Chandigarh,1250.79,1,10,1250.79,1125.71,Debit Card,3.2
ORD103432,2024-12-19,Home & Kitchen,North,Chandigarh,837.66,1,0,837.66,837.66,UPI,4.6
ORD102263,2024-12-19,Home & Kitchen,South,Chennai,392.53,5,0,1962.63,1962.63,Debit Card,4.8
ORD103653,2024-12-19,Clothing,South,Coimbatore,3675.53,4,0,14702.11,14702.11,Debit Card,3.7
ORD104034,2024-12-19,Electronics,North,Delhi,13887.05,5,5,69435.25,65963.48,Credit Card,4.0
ORD104592,2024-12-19,Books,North,Chandigarh,918.42,4,0,3673.69,3673.69,UPI,3.8
ORD100398,2024-12-19,Home & Kitchen,East,Guwahati,2019.36,5,0,10096.82,10096.82,UPI,4.3
ORD103078,2024-12-19,Sports,East,Bhubaneswar,7793.54,3,15,23380.61,19873.52,Credit Card,3.4
ORD102870,2024-12-19,Home & Kitchen,South,Bengaluru,7641.64,5,20,38208.22,30566.57,Credit Card,3.5
ORD103948,2024-12-19,Electronics,South,Coimbatore,6784.69,3,0,20354.06,20354.06,UPI,2.8
ORD103577,2024-12-20,Home & Kitchen,East,Bhubaneswar,2704.47,3,0,8113.4,8113.4,Net Banking,4.4
ORD104841,2024-12-20,Beauty,North,Chandigarh,558.26,5,0,2791.29,2791.29,Credit Card,3.8
ORD104710,2024-12-20,Beauty,East,Kolkata,2548.27,5,0,12741.37,12741.37,UPI,4.4
ORD103717,2024-12-20,Books,North,Jaipur,193.7,4,10,774.82,697.34,Debit Card,4.5
ORD101631,2024-12-21,Clothing,West,Ahmedabad,525.64,5,5,2628.19,2496.78,Cash on Delivery,3.4
ORD104836,2024-12-21,Electronics,West,Ahmedabad,35334.69,1,20,35334.69,28267.75,Credit Card,4.0
ORD103749,2024-12-21,Home & Kitchen,North,Chandigarh,5276.77,3,25,15830.3,11872.73,UPI,3.9
ORD102786,2024-12-21,Sports,West,Ahmedabad,1639.19,2,20,3278.38,2622.71,Credit Card,4.5
ORD101311,2024-12-21,Clothing,East,Patna,1199.7,3,5,3599.09,3419.14,UPI,5.0
ORD101855,2024-12-21,Clothing,West,Mumbai,3970.38,5,10,19851.9,17866.71,UPI,4.1
ORD101613,2024-12-21,Electronics,South,Chennai,30289.84,1,10,30289.84,27260.85,UPI,4.1
ORD101117,2024-12-21,Home & Kitchen,South,Chennai,2689.23,5,5,13446.16,12773.85,Debit Card,3.9
ORD104096,2024-12-22,Electronics,East,Patna,44060.06,5,5,220300.28,209285.27,UPI,4.8
ORD103937,2024-12-22,Home & Kitchen,East,Patna,720.0,2,15,1440.0,1224.0,UPI,4.0
ORD100479,2024-12-22,Sports,South,Chennai,6174.94,5,10,30874.7,27787.23,UPI,5.0
ORD103317,2024-12-22,Sports,North,Chandigarh,1376.33,4,10,5505.32,4954.79,Debit Card,4.3
ORD101556,2024-12-22,Beauty,North,Chandigarh,675.75,1,0,675.75,675.75,Cash on Delivery,3.3
ORD103586,2024-12-23,Electronics,North,Lucknow,11376.48,3,5,34129.43,32422.96,Credit Card,4.0
ORD100689,2024-12-23,Sports,West,Ahmedabad,8050.43,3,10,24151.29,21736.16,Cash on Delivery,3.9
ORD103594,2024-12-23,Electronics,East,Patna,7100.12,3,15,21300.35,18105.3,Net Banking,4.1
ORD104973,2024-12-23,Sports,South,Bengaluru,3030.24,1,5,3030.24,2878.72,Cash on Delivery,5.0
ORD102016,2024-12-23,Clothing,East,Guwahati,567.22,5,5,2836.1,2694.29,UPI,4.9
ORD103575,2024-12-23,Clothing,East,Guwahati,1246.9,3,0,3740.71,3740.71,UPI,3.9
ORD101487,2024-12-24,Books,East,Patna,421.95,4,5,1687.81,1603.42,Credit Card,4.5
ORD100181,2024-12-24,Toys,East,Patna,2133.17,3,5,6399.5,6079.53,UPI,3.8
ORD103442,2024-12-24,Clothing,East,Patna,3755.3,5,15,18776.49,15960.02,Credit Card,3.8
ORD101295,2024-12-24,Beauty,South,Chennai,828.12,3,10,2484.36,2235.92,UPI,4.7
ORD102420,2024-12-24,Clothing,East,Patna,3986.85,2,10,7973.7,7176.33,UPI,4.2
ORD104010,2024-12-24,Toys,West,Ahmedabad,314.54,2,0,629.09,629.09,Cash on Delivery,4.5
ORD101820,2024-12-24,Toys,South,Bengaluru,585.12,5,10,2925.58,2633.02,UPI,4.0
ORD102554,2024-12-25,Electronics,West,Surat,18221.01,2,0,36442.02,36442.02,Net Banking,4.2
ORD101644,2024-12-25,Toys,East,Bhubaneswar,1901.36,1,10,1901.36,1711.22,Net Banking,3.3
ORD100821,2024-12-25,Sports,West,Ahmedabad,8988.79,4,10,35955.17,32359.65,Debit Card,4.1
ORD103347,2024-12-25,Sports,West,Mumbai,6494.48,5,5,32472.41,30848.79,Cash on Delivery,4.6
ORD103868,2024-12-25,Toys,West,Surat,828.38,5,0,4141.92,4141.92,UPI,4.8
ORD104983,2024-12-25,Home & Kitchen,West,Ahmedabad,5672.54,4,5,22690.17,21555.66,Net Banking,3.5
ORD101186,2024-12-25,Electronics,South,Chennai,25415.47,4,10,101661.87,91495.68,UPI,3.5
ORD102607,2024-12-25,Clothing,North,Jaipur,2229.97,4,15,8919.87,7581.89,Cash on Delivery,5.0
ORD102041,2024-12-26,Electronics,East,Kolkata,41100.62,5,10,205503.1,184952.79,Cash on Delivery,3.4
ORD103887,2024-12-26,Beauty,West,Surat,2523.9,2,0,5047.8,5047.8,UPI,4.6
ORD101948,2024-12-26,Clothing,North,Lucknow,798.94,5,5,3994.72,3794.98,UPI,3.9
ORD101178,2024-12-26,Electronics,West,Pune,1516.76,2,25,3033.52,2275.14,Net Banking,3.3
ORD104282,2024-12-26,Clothing,West,Pune,3536.34,4,10,14145.35,12730.81,Debit Card,3.0
ORD100647,2024-12-26,Sports,East,Guwahati,11840.13,4,10,47360.53,42624.47,UPI,4.1
ORD103194,2024-12-26,Books,South,Coimbatore,571.79,1,0,571.79,571.79,Net Banking,4.4
ORD102314,2024-12-26,Clothing,North,Jaipur,608.39,4,5,2433.57,2311.9,Credit Card,3.5
ORD103208,2024-12-27,Beauty,West,Surat,315.78,3,0,947.34,947.34,Credit Card,4.1
ORD103956,2024-12-27,Sports,East,Patna,5222.75,1,0,5222.75,5222.75,Debit Card,4.4
ORD102160,2024-12-27,Electronics,South,Chennai,11833.12,3,5,35499.36,33724.39,Credit Card,4.2
ORD103856,2024-12-27,Electronics,South,Bengaluru,26422.14,1,5,26422.14,25101.03,Credit Card,4.0
ORD104512,2024-12-27,Electronics,North,Lucknow,22353.56,2,5,44707.11,42471.76,UPI,5.0
ORD102652,2024-12-27,Beauty,East,Bhubaneswar,1272.39,4,10,5089.56,4580.61,UPI,5.0
ORD101626,2024-12-28,Electronics,East,Kolkata,10317.77,5,15,51588.84,43850.52,UPI,5.0
ORD101338,2024-12-28,Electronics,North,Delhi,50370.58,4,10,201482.33,181334.1,Cash on Delivery,5.0
ORD101107,2024-12-28,Electronics,North,Jaipur,59459.59,3,0,178378.76,178378.76,Credit Card,4.0
ORD101608,2024-12-28,Books,North,Chandigarh,330.1,1,10,330.1,297.09,Cash on Delivery,5.0
ORD104581,2024-12-28,Home & Kitchen,South,Hyderabad,281.89,5,10,1409.43,1268.49,Credit Card,4.4
ORD104450,2024-12-28,Toys,West,Mumbai,2284.95,5,15,11424.74,9711.03,Debit Card,4.0
ORD103395,2024-12-28,Electronics,South,Hyderabad,27193.99,4,5,108775.95,103337.15,Cash on Delivery,3.5
ORD103231,2024-12-28,Books,South,Coimbatore,860.86,3,10,2582.57,2324.31,UPI,4.2
ORD100885,2024-12-28,Electronics,North,Chandigarh,45037.76,5,0,225188.81,225188.81,UPI,3.6
ORD102296,2024-12-29,Home & Kitchen,West,Mumbai,3056.65,2,20,6113.31,4890.64,Debit Card,4.4
ORD104637,2024-12-29,Books,South,Bengaluru,1006.25,4,0,4024.99,4024.99,Credit Card,4.7
ORD101453,2024-12-29,Electronics,South,Coimbatore,25033.07,3,10,75099.2,67589.28,Net Banking,3.6
ORD104969,2024-12-29,Home & Kitchen,South,Bengaluru,7158.85,3,15,21476.56,18255.08,Credit Card,4.4
ORD103012,2024-12-29,Clothing,North,Lucknow,3177.07,2,0,6354.15,6354.15,Debit Card,3.6
ORD102107,2024-12-29,Clothing,South,Bengaluru,1029.62,4,0,4118.5,4118.5,Credit Card,4.9
ORD102797,2024-12-29,Electronics,North,Lucknow,32903.93,4,10,131615.7,118454.13,Credit Card,4.3
ORD101278,2024-12-29,Beauty,South,Hyderabad,1252.84,4,15,5011.36,4259.65,Cash on Delivery,3.2
ORD103339,2024-12-29,Home & Kitchen,West,Ahmedabad,3659.66,4,20,14638.66,11710.93,Credit Card,3.3
ORD101882,2024-12-29,Electronics,North,Lucknow,52948.26,4,15,211793.03,180024.07,Debit Card,3.4
ORD103428,2024-12-30,Sports,South,Coimbatore,11911.03,4,5,47644.1,45261.9,UPI,3.8
ORD100877,2024-12-30,Home & Kitchen,East,Bhubaneswar,6203.17,1,10,6203.17,5582.85,Cash on Delivery,4.7
ORD101367,2024-12-30,Home & Kitchen,East,Patna,7596.38,5,0,37981.88,37981.88,Net Banking,4.0
ORD102068,2024-12-30,Home & Kitchen,South,Coimbatore,4461.32,4,10,17845.27,16060.75,Net Banking,5.0
ORD100323,2024-12-30,Electronics,East,Bhubaneswar,43229.32,5,15,216146.61,183724.61,UPI,4.2
ORD103507,2024-12-30,Clothing,South,Coimbatore,1593.85,2,20,3187.7,2550.16,UPI,3.9
ORD100618,2024-12-30,Toys,North,Jaipur,3181.75,2,0,6363.49,6363.49,UPI,3.6
ORD101648,2024-12-30,Sports,North,Jaipur,8738.52,1,5,8738.52,8301.6,UPI,3.0
ORD104818,2024-12-30,Home & Kitchen,North,Lucknow,4431.71,1,10,4431.71,3988.54,Debit Card,3.9
ORD102529,2024-12-31,Sports,North,Jaipur,9332.54,5,0,46662.71,46662.71,Credit Card,3.7
ORD101773,2024-12-31,Beauty,South,Hyderabad,1058.02,4,15,4232.09,3597.28,Debit Card,3.8
ORD102973,2024-12-31,Electronics,South,Chennai,31514.55,4,5,126058.18,119755.27,Net Banking,4.2
ORD104406,2024-12-31,Electronics,West,Surat,24291.9,2,10,48583.8,43725.42,UPI,4.7
ORD104796,2024-12-31,Clothing,West,Surat,2609.02,2,0,5218.04,5218.04,Cash on Delivery,4.4
ORD104957,2024-12-31,Sports,North,Jaipur,4587.64,2,15,9175.27,7798.98,UPI,3.7
ORD101528,2024-12-31,Toys,South,Hyderabad,2906.14,1,5,2906.14,2760.83,Cash on Delivery,4.3
ORD104328,2025-01-01,Clothing,South,Hyderabad,1624.19,5,0,8120.97,8120.97,UPI,4.1
ORD101967,2025-01-01,Electronics,South,Hyderabad,25556.12,4,10,102224.5,92002.05,Credit Card,4.0
ORD100572,2025-01-01,Home & Kitchen,North,Jaipur,7950.36,2,15,15900.71,13515.61,Cash on Delivery,3.1
ORD102646,2025-01-01,Clothing,South,Coimbatore,2742.7,3,15,8228.09,6993.88,UPI,3.1
ORD104384,2025-01-01,Electronics,West,Surat,2548.88,1,0,2548.88,2548.88,Credit Card,3.5
ORD104072,2025-01-01,Clothing,South,Chennai,1813.07,3,10,5439.2,4895.28,UPI,5.0
ORD100059,2025-01-01,Home & Kitchen,South,Bengaluru,5443.56,1,20,5443.56,4354.84,UPI,3.5
ORD104704,2025-01-02,Electronics,East,Guwahati,46668.1,4,0,186672.4,186672.4,UPI,3.4
ORD102549,2025-01-02,Toys,West,Mumbai,1507.66,3,10,4522.99,4070.69,Credit Card,4.6
ORD104061,2025-01-02,Electronics,West,Pune,4454.21,1,0,4454.21,4454.21,Debit Card,4.1
ORD104757,2025-01-03,Home & Kitchen,North,Delhi,2798.59,4,20,11194.38,8955.5,Credit Card,4.5
ORD100547,2025-01-03,Clothing,South,Chennai,1215.2,2,0,2430.4,2430.4,Net Banking,4.8
ORD100655,2025-01-03,Electronics,North,Delhi,44949.76,4,0,179799.02,179799.02,Cash on Delivery,4.8
ORD100918,2025-01-03,Sports,East,Patna,11283.91,3,20,33851.74,27081.39,UPI,4.1
ORD103414,2025-01-03,Sports,North,Jaipur,7440.72,2,20,14881.45,11905.16,Debit Card,5.0
ORD104399,2025-01-03,Electronics,East,Kolkata,28982.56,1,0,28982.56,28982.56,Net Banking,4.9
ORD104195,2025-01-03,Home & Kitchen,South,Coimbatore,7087.72,3,0,21263.15,21263.15,Cash on Delivery,4.0
ORD104442,2025-01-03,Electronics,West,Surat,34219.52,5,10,171097.58,153987.83,Debit Card,4.3
ORD103544,2025-01-04,Beauty,North,Delhi,617.39,4,0,2469.55,2469.55,Cash on Delivery,5.0
ORD102566,2025-01-04,Sports,West,Pune,7408.58,1,5,7408.58,7038.15,UPI,3.6
ORD101824,2025-01-04,Beauty,East,Kolkata,526.27,1,0,526.27,526.27,Cash on Delivery,4.8
ORD100427,2025-01-04,Home & Kitchen,East,Bhubaneswar,3910.11,2,5,7820.22,7429.21,Credit Card,3.4
ORD104376,2025-01-04,Sports,North,Lucknow,6264.34,3,0,18793.01,18793.01,Cash on Delivery,4.0
ORD101206,2025-01-05,Beauty,South,Bengaluru,1237.39,3,0,3712.16,3712.16,UPI,4.3
ORD101342,2025-01-05,Toys,South,Hyderabad,1737.58,5,0,8687.89,8687.89,UPI,3.3
ORD101139,2025-01-05,Beauty,North,Lucknow,2288.91,1,10,2288.91,2060.02,Credit Card,4.6
ORD102854,2025-01-05,Electronics,South,Bengaluru,23319.79,2,10,46639.58,41975.62,Net Banking,3.9
ORD104754,2025-01-05,Beauty,North,Delhi,1508.07,3,0,4524.2,4524.2,Cash on Delivery,3.8
ORD101898,2025-01-05,Sports,South,Bengaluru,11373.47,1,5,11373.47,10804.8,Credit Card,4.8
ORD103003,2025-01-06,Books,North,Chandigarh,1005.7,4,0,4022.78,4022.78,Credit Card,3.2
ORD104540,2025-01-06,Books,North,Chandigarh,514.33,3,5,1542.98,1465.83,Debit Card,3.8
ORD101438,2025-01-06,Toys,East,Guwahati,844.45,2,10,1688.9,1520.01,Cash on Delivery,5.0
ORD102122,2025-01-07,Beauty,East,Kolkata,1006.26,1,15,1006.26,855.32,Cash on Delivery,3.3
ORD103809,2025-01-07,Clothing,West,Ahmedabad,3166.19,3,0,9498.57,9498.57,Debit Card,4.3
ORD100346,2025-01-07,Books,West,Surat,399.99,4,10,1599.96,1439.96,Debit Card,2.7
ORD100692,2025-01-07,Beauty,North,Lucknow,1545.49,2,0,3090.97,3090.97,Credit Card,3.7
ORD100682,2025-01-07,Home & Kitchen,West,Mumbai,2994.74,3,15,8984.21,7636.58,UPI,3.4
ORD100014,2025-01-07,Toys,South,Hyderabad,2543.44,5,5,12717.19,12081.33,Credit Card,2.9
ORD100192,2025-01-08,Books,East,Guwahati,499.96,1,20,499.96,399.97,Credit Card,4.2
ORD100819,2025-01-08,Electronics,East,Patna,26383.28,4,0,105533.13,105533.13,Net Banking,3.8
ORD102571,2025-01-08,Beauty,South,Coimbatore,1086.45,5,0,5432.24,5432.24,UPI,4.0
ORD102219,2025-01-08,Books,East,Guwahati,732.71,1,0,732.71,732.71,Cash on Delivery,2.9
ORD101409,2025-01-08,Clothing,North,Lucknow,2790.54,1,15,2790.54,2371.96,Debit Card,4.0
ORD100723,2025-01-08,Clothing,North,Jaipur,3510.19,2,0,7020.38,7020.38,UPI,4.1
ORD104909,2025-01-09,Books,East,Kolkata,816.82,2,10,1633.65,1470.28,Debit Card,3.6
ORD101916,2025-01-09,Electronics,North,Chandigarh,22941.09,3,10,68823.27,61940.94,Cash on Delivery,4.4
ORD100318,2025-01-09,Electronics,East,Bhubaneswar,50920.32,4,15,203681.27,173129.08,UPI,3.9
ORD104232,2025-01-09,Electronics,North,Delhi,18031.09,2,10,36062.17,32455.95,Cash on Delivery,4.6
ORD102010,2025-01-09,Home & Kitchen,West,Pune,1169.6,4,0,4678.42,4678.42,Debit Card,3.2
ORD103334,2025-01-09,Books,North,Delhi,160.27,3,10,480.82,432.73,Debit Card,4.0
ORD103109,2025-01-09,Sports,North,Chandigarh,6801.3,4,0,27205.19,27205.19,UPI,4.7
ORD103590,2025-01-09,Electronics,East,Kolkata,36770.13,1,5,36770.13,34931.62,Debit Card,3.1
ORD100531,2025-01-10,Electronics,West,Ahmedabad,31932.44,1,0,31932.44,31932.44,Debit Card,3.3
ORD104227,2025-01-10,Home & Kitchen,East,Patna,7311.74,1,25,7311.74,5483.81,UPI,5.0
ORD101009,2025-01-10,Toys,South,Hyderabad,1616.42,3,0,4849.25,4849.25,UPI,4.2
ORD102913,2025-01-10,Sports,West,Mumbai,3375.3,1,15,3375.3,2869.01,Debit Card,3.6
ORD101495,2025-01-10,Clothing,South,Chennai,837.02,5,0,4185.08,4185.08,Debit Card,3.4
ORD103121,2025-01-10,Sports,North,Delhi,11309.91,2,5,22619.82,21488.83,Credit Card,3.6
ORD103386,2025-01-10,Toys,West,Pune,1046.13,3,0,3138.4,3138.4,UPI,5.0
ORD102158,2025-01-10,Electronics,East,Bhubaneswar,31977.56,2,10,63955.12,57559.61,Debit Card,4.3
ORD100929,2025-01-11,Electronics,East,Patna,32532.09,1,5,32532.09,30905.48,Debit Card,3.8
ORD103298,2025-01-11,Beauty,South,Coimbatore,1197.05,3,0,3591.14,3591.14,UPI,3.4
ORD100176,2025-01-11,Sports,West,Pune,10406.34,3,0,31219.02,31219.02,Credit Card,4.1
ORD101485,2025-01-11,Beauty,East,Bhubaneswar,926.21,1,5,926.21,879.9,Cash on Delivery,4.8
ORD103009,2025-01-11,Clothing,North,Delhi,3654.48,2,10,7308.96,6578.07,UPI,2.8
ORD102686,2025-01-11,Home & Kitchen,North,Jaipur,2665.19,2,0,5330.39,5330.39,UPI,5.0
ORD104392,2025-01-11,Books,West,Pune,339.99,2,5,679.97,645.97,UPI,5.0
ORD101123,2025-01-12,Electronics,South,Coimbatore,13746.86,4,10,54987.46,49488.71,UPI,3.3
ORD103287,2025-01-12,Clothing,West,Mumbai,3467.49,3,0,10402.47,10402.47,UPI,4.6
ORD101317,2025-01-12,Sports,West,Pune,7165.68,4,5,28662.71,27229.57,Credit Card,4.8
ORD103780,2025-01-12,Electronics,West,Surat,33536.61,3,0,100609.83,100609.83,Credit Card,3.9
ORD102170,2025-01-12,Toys,West,Pune,1986.87,2,0,3973.74,3973.74,UPI,3.6
ORD102563,2025-01-12,Beauty,East,Guwahati,1279.02,3,20,3837.06,3069.65,Debit Card,3.9
ORD101749,2025-01-12,Sports,East,Patna,1065.93,2,5,2131.87,2025.28,Debit Card,4.0
ORD104164,2025-01-12,Toys,West,Ahmedabad,1319.78,1,10,1319.78,1187.8,Net Banking,4.2
ORD104769,2025-01-12,Home & Kitchen,East,Bhubaneswar,6552.7,5,0,32763.49,32763.49,Debit Card,3.6
ORD104388,2025-01-13,Electronics,North,Lucknow,26886.2,2,25,53772.41,40329.31,Credit Card,4.6
ORD101025,2025-01-13,Beauty,South,Hyderabad,533.78,1,25,533.78,400.33,Debit Card,3.7
ORD100112,2025-01-13,Books,South,Hyderabad,935.42,2,10,1870.83,1683.75,Debit Card,4.5
ORD102933,2025-01-13,Books,North,Chandigarh,541.96,4,20,2167.82,1734.26,Cash on Delivery,3.8
ORD104123,2025-01-13,Books,East,Kolkata,219.45,4,25,877.8,658.35,Cash on Delivery,4.4
ORD103429,2025-01-13,Electronics,East,Bhubaneswar,22514.47,4,0,90057.87,90057.87,UPI,4.7
ORD101509,2025-01-14,Home & Kitchen,West,Mumbai,7258.96,2,0,14517.93,14517.93,UPI,3.9
ORD103207,2025-01-14,Books,East,Guwahati,1111.85,2,0,2223.7,2223.7,UPI,3.4
ORD100093,2025-01-14,Clothing,East,Guwahati,3195.25,1,0,3195.25,3195.25,Credit Card,4.1
ORD104625,2025-01-14,Electronics,South,Hyderabad,34504.22,5,5,172521.11,163895.05,Credit Card,4.2
ORD100499,2025-01-14,Electronics,South,Chennai,46544.55,3,10,139633.65,125670.28,UPI,4.2
ORD103353,2025-01-14,Home & Kitchen,East,Bhubaneswar,6934.93,3,5,20804.8,19764.56,UPI,3.5
ORD103592,2025-01-14,Electronics,East,Patna,4228.21,1,25,4228.21,3171.15,UPI,4.9
ORD101220,2025-01-14,Beauty,West,Ahmedabad,1773.26,2,5,3546.53,3369.2,Credit Card,3.4
ORD104959,2025-01-14,Beauty,South,Chennai,723.38,4,0,2893.51,2893.51,Credit Card,4.1
ORD102421,2025-01-14,Clothing,East,Patna,2347.58,5,0,11737.92,11737.92,Cash on Delivery,4.9
ORD102057,2025-01-15,Toys,North,Jaipur,2909.72,2,0,5819.44,5819.44,UPI,5.0
ORD101258,2025-01-15,Clothing,South,Bengaluru,3222.13,1,20,3222.13,2577.71,UPI,3.7
ORD102365,2025-01-15,Clothing,North,Lucknow,574.3,4,0,2297.2,2297.2,UPI,4.0
ORD102919,2025-01-15,Electronics,West,Pune,48122.65,5,0,240613.26,240613.26,Credit Card,3.8
ORD101685,2025-01-15,Beauty,South,Hyderabad,2314.28,5,20,11571.38,9257.1,UPI,4.8
ORD102254,2025-01-15,Sports,North,Delhi,2984.77,1,10,2984.77,2686.3,Cash on Delivery,4.6
ORD102695,2025-01-15,Electronics,East,Kolkata,58507.51,4,25,234030.04,175522.53,Credit Card,3.8
ORD101921,2025-01-15,Sports,East,Guwahati,1477.75,1,0,1477.75,1477.75,Debit Card,3.9
ORD102558,2025-01-16,Books,East,Bhubaneswar,937.83,3,5,2813.49,2672.82,UPI,5.0
ORD104577,2025-01-16,Sports,North,Delhi,5449.34,5,5,27246.71,25884.37,Debit Card,4.7
ORD102399,2025-01-16,Books,North,Jaipur,346.68,5,15,1733.4,1473.39,UPI,4.2
ORD104121,2025-01-16,Clothing,West,Surat,966.94,2,0,1933.88,1933.88,Credit Card,5.0
ORD102996,2025-01-16,Home & Kitchen,West,Mumbai,3219.09,4,10,12876.34,11588.71,Cash on Delivery,3.6
ORD101713,2025-01-16,Toys,East,Bhubaneswar,612.02,2,0,1224.05,1224.05,Cash on Delivery,3.5
ORD103232,2025-01-16,Electronics,West,Surat,23772.31,4,0,95089.24,95089.24,Debit Card,3.3
ORD101883,2025-01-16,Home & Kitchen,North,Jaipur,4177.65,5,20,20888.23,16710.58,Net Banking,4.8
ORD104852,2025-01-17,Beauty,East,Kolkata,2369.32,4,25,9477.26,7107.95,Cash on Delivery,3.3
ORD102909,2025-01-17,Home & Kitchen,South,Bengaluru,6913.1,4,10,27652.41,24887.17,Net Banking,4.5
ORD103438,2025-01-17,Clothing,South,Hyderabad,1345.79,4,10,5383.17,4844.86,Credit Card,3.4
ORD101833,2025-01-17,Sports,West,Surat,9583.01,3,5,28749.03,27311.57,Debit Card,5.0
ORD102006,2025-01-18,Books,West,Surat,610.26,2,20,1220.52,976.42,Debit Card,3.1
ORD104758,2025-01-18,Home & Kitchen,West,Mumbai,5756.05,3,10,17268.16,15541.34,Credit Card,5.0
ORD100569,2025-01-18,Beauty,North,Chandigarh,2054.83,4,0,8219.31,8219.31,Debit Card,3.9
ORD104105,2025-01-18,Beauty,West,Mumbai,2064.7,3,0,6194.11,6194.11,Debit Card,3.9
ORD102855,2025-01-18,Home & Kitchen,South,Coimbatore,6192.43,4,0,24769.74,24769.74,Debit Card,3.7
ORD104652,2025-01-18,Sports,North,Delhi,10226.27,2,5,20452.55,19429.92,Cash on Delivery,3.7
ORD103572,2025-01-18,Home & Kitchen,West,Surat,1265.48,1,0,1265.48,1265.48,Debit Card,3.0
ORD104478,2025-01-19,Home & Kitchen,West,Mumbai,6108.5,2,20,12217.01,9773.61,Credit Card,4.3
ORD100175,2025-01-19,Beauty,North,Lucknow,1339.54,5,0,6697.71,6697.71,UPI,5.0
ORD102518,2025-01-19,Toys,East,Patna,1717.73,5,15,8588.67,7300.37,UPI,3.6
ORD103444,2025-01-19,Sports,West,Pune,4844.09,4,0,19376.34,19376.34,UPI,2.9
ORD100217,2025-01-19,Sports,South,Hyderabad,8412.79,3,0,25238.37,25238.37,Credit Card,3.6
ORD100738,2025-01-19,Electronics,South,Hyderabad,24569.13,1,15,24569.13,20883.76,UPI,4.1
ORD102156,2025-01-19,Toys,West,Surat,1566.99,1,0,1566.99,1566.99,Net Banking,2.8
ORD100376,2025-01-20,Sports,East,Kolkata,11494.73,1,5,11494.73,10920.0,UPI,4.4
ORD102958,2025-01-20,Clothing,South,Coimbatore,2693.69,3,5,8081.06,7677.01,Debit Card,4.6
ORD101266,2025-01-20,Sports,West,Surat,7287.39,2,15,14574.78,12388.56,Debit Card,4.0
ORD104741,2025-01-20,Electronics,South,Bengaluru,54141.04,1,5,54141.04,51433.99,UPI,3.3
ORD100204,2025-01-20,Electronics,East,Bhubaneswar,23341.16,5,0,116705.8,116705.8,Net Banking,5.0
ORD101154,2025-01-20,Home & Kitchen,South,Coimbatore,1854.61,2,0,3709.23,3709.23,Credit Card,4.7
ORD101762,2025-01-20,Electronics,South,Chennai,41157.61,3,0,123472.84,123472.84,UPI,4.9
ORD100023,2025-01-20,Beauty,East,Kolkata,1914.83,4,0,7659.32,7659.32,Debit Card,4.3
ORD100876,2025-01-20,Home & Kitchen,South,Bengaluru,4615.17,5,0,23075.86,23075.86,Debit Card,4.0
ORD102443,2025-01-20,Electronics,West,Ahmedabad,27921.0,5,20,139605.0,111684.0,Cash on Delivery,4.4
ORD100649,2025-01-21,Books,North,Chandigarh,611.47,4,0,2445.87,2445.87,Credit Card,3.2
ORD102959,2025-01-21,Sports,South,Coimbatore,7878.17,1,5,7878.17,7484.26,Net Banking,3.3
ORD104620,2025-01-21,Sports,West,Surat,3701.75,1,5,3701.75,3516.66,Cash on Delivery,3.9
ORD101745,2025-01-21,Electronics,South,Chennai,49271.64,4,10,197086.55,177377.9,Cash on Delivery,4.5
ORD101721,2025-01-21,Clothing,West,Mumbai,1108.29,5,5,5541.47,5264.39,Cash on Delivery,4.2
ORD104431,2025-01-21,Electronics,East,Guwahati,50209.8,1,15,50209.8,42678.33,Debit Card,4.3
ORD100205,2025-01-21,Beauty,East,Bhubaneswar,2004.56,2,5,4009.13,3808.67,Debit Card,2.8
ORD104305,2025-01-21,Home & Kitchen,South,Hyderabad,308.56,5,5,1542.78,1465.64,UPI,5.0
ORD103771,2025-01-21,Home & Kitchen,North,Delhi,1780.65,4,5,7122.61,6766.48,UPI,4.2
ORD103308,2025-01-21,Electronics,North,Lucknow,5282.16,2,0,10564.32,10564.32,UPI,3.5
ORD104774,2025-01-22,Home & Kitchen,West,Mumbai,3821.6,3,5,11464.79,10891.55,UPI,3.5
ORD100050,2025-01-22,Books,East,Guwahati,718.44,3,15,2155.33,1832.03,UPI,4.1
ORD103383,2025-01-22,Sports,South,Hyderabad,5811.08,1,5,5811.08,5520.52,Net Banking,5.0
ORD100067,2025-01-22,Clothing,North,Delhi,658.77,4,0,2635.09,2635.09,UPI,4.5
ORD104508,2025-01-23,Clothing,South,Coimbatore,463.38,2,5,926.75,880.41,Debit Card,4.8
ORD100776,2025-01-23,Electronics,East,Patna,19123.91,1,0,19123.91,19123.91,Debit Card,3.7
ORD101489,2025-01-23,Toys,West,Pune,2680.75,4,0,10722.99,10722.99,UPI,4.0
ORD102386,2025-01-24,Toys,North,Lucknow,930.69,5,5,4653.46,4420.79,Net Banking,4.6
ORD104439,2025-01-24,Toys,North,Chandigarh,527.83,5,0,2639.13,2639.13,Credit Card,5.0
ORD103668,2025-01-24,Home & Kitchen,South,Chennai,5602.61,2,15,11205.22,9524.44,Debit Card,4.7
ORD100713,2025-01-24,Toys,North,Jaipur,1604.17,3,20,4812.51,3850.01,Credit Card,4.4
ORD100069,2025-01-24,Books,East,Guwahati,726.02,4,25,2904.07,2178.05,UPI,5.0
ORD104211,2025-01-24,Sports,South,Coimbatore,3479.19,1,10,3479.19,3131.27,Credit Card,4.6
ORD103943,2025-01-24,Beauty,South,Chennai,2357.58,3,5,7072.74,6719.1,Cash on Delivery,5.0
ORD103899,2025-01-24,Sports,East,Patna,4151.05,1,15,4151.05,3528.39,Cash on Delivery,4.4
ORD101838,2025-01-24,Electronics,East,Bhubaneswar,29885.2,1,15,29885.2,25402.42,Credit Card,4.3
ORD101427,2025-01-25,Home & Kitchen,West,Mumbai,6348.08,1,5,6348.08,6030.68,Credit Card,3.1
ORD104099,2025-01-25,Beauty,South,Coimbatore,885.87,2,10,1771.74,1594.56,UPI,4.2
ORD101054,2025-01-25,Home & Kitchen,West,Mumbai,4946.23,3,0,14838.69,14838.69,Net Banking,4.4
ORD103798,2025-01-25,Electronics,West,Mumbai,7053.78,3,10,21161.34,19045.2,Cash on Delivery,4.5
ORD104270,2025-01-25,Home & Kitchen,South,Coimbatore,1840.51,3,0,5521.54,5521.54,UPI,4.6
ORD101225,2025-01-25,Books,West,Surat,565.49,2,15,1130.98,961.33,Credit Card,4.4
ORD102905,2025-01-25,Books,North,Lucknow,1058.69,5,10,5293.47,4764.12,Net Banking,4.6
ORD102535,2025-01-25,Electronics,West,Pune,19938.17,3,20,59814.52,47851.62,Debit Card,4.2
ORD101783,2025-01-26,Electronics,East,Kolkata,24745.61,1,25,24745.61,18559.21,Net Banking,3.5
ORD102372,2025-01-26,Electronics,West,Pune,3965.47,5,10,19827.37,17844.63,Debit Card,4.0
ORD103376,2025-01-26,Toys,North,Jaipur,1976.25,2,0,3952.49,3952.49,Cash on Delivery,4.8
ORD100309,2025-01-26,Clothing,North,Delhi,2910.94,4,0,11643.76,11643.76,Cash on Delivery,4.0
ORD104781,2025-01-26,Clothing,South,Chennai,3461.83,4,0,13847.32,13847.32,UPI,4.1
ORD104284,2025-01-26,Clothing,East,Kolkata,3393.84,5,0,16969.22,16969.22,UPI,2.8
ORD100108,2025-01-26,Beauty,West,Surat,1849.84,3,25,5549.51,4162.13,Cash on Delivery,3.5
ORD100964,2025-01-26,Clothing,North,Chandigarh,2364.06,5,0,11820.3,11820.3,Debit Card,4.2
ORD102673,2025-01-27,Clothing,East,Bhubaneswar,490.35,2,5,980.7,931.67,Net Banking,5.0
ORD103068,2025-01-27,Toys,North,Chandigarh,3139.67,3,0,9419.02,9419.02,UPI,4.3
ORD102490,2025-01-27,Sports,North,Jaipur,5654.95,3,5,16964.86,16116.61,UPI,3.8
ORD100440,2025-01-27,Beauty,South,Hyderabad,2502.17,5,10,12510.83,11259.75,UPI,3.8
ORD100136,2025-01-27,Toys,East,Patna,1244.31,5,15,6221.54,5288.31,Credit Card,5.0
ORD100378,2025-01-27,Electronics,South,Bengaluru,30165.25,1,0,30165.25,30165.25,UPI,4.4
ORD100608,2025-01-27,Home & Kitchen,North,Lucknow,6311.74,5,10,31558.68,28402.82,UPI,3.9
ORD103841,2025-01-27,Electronics,North,Jaipur,57245.4,4,0,228981.6,228981.6,UPI,4.9
ORD103860,2025-01-28,Electronics,South,Coimbatore,7015.15,1,5,7015.15,6664.39,Debit Card,5.0
ORD101624,2025-01-28,Electronics,South,Chennai,39050.42,2,0,78100.85,78100.85,UPI,4.3
ORD100536,2025-01-28,Sports,North,Delhi,3837.89,1,0,3837.89,3837.89,UPI,3.5
ORD100907,2025-01-28,Sports,East,Patna,7937.97,2,0,15875.94,15875.94,Credit Card,3.6
ORD103475,2025-01-29,Toys,North,Jaipur,2235.57,3,0,6706.71,6706.71,Credit Card,5.0
ORD104746,2025-01-29,Home & Kitchen,North,Delhi,6701.64,2,20,13403.27,10722.62,Cash on Delivery,3.6
ORD103373,2025-01-29,Beauty,West,Surat,2709.2,1,25,2709.2,2031.9,UPI,4.4
ORD103010,2025-01-29,Electronics,West,Ahmedabad,15446.87,2,0,30893.73,30893.73,Debit Card,3.8
ORD101765,2025-01-29,Home & Kitchen,East,Bhubaneswar,3049.6,5,20,15247.98,12198.38,Credit Card,4.9
ORD102467,2025-01-29,Books,East,Guwahati,182.37,4,0,729.5,729.5,Debit Card,4.4
ORD101572,2025-01-29,Sports,West,Pune,1899.25,5,25,9496.27,7122.2,UPI,4.1
ORD101941,2025-01-29,Home & Kitchen,South,Chennai,6758.59,3,0,20275.77,20275.77,UPI,4.1
ORD101108,2025-01-30,Clothing,East,Patna,2856.6,4,10,11426.42,10283.78,Debit Card,3.7
ORD104753,2025-01-30,Home & Kitchen,North,Delhi,7279.45,4,10,29117.8,26206.02,UPI,4.8
ORD100576,2025-01-30,Clothing,West,Mumbai,918.05,5,10,4590.27,4131.25,Credit Card,3.4
ORD100562,2025-01-30,Sports,East,Bhubaneswar,5399.33,4,5,21597.33,20517.46,UPI,3.9
ORD101270,2025-01-30,Home & Kitchen,West,Ahmedabad,7413.61,3,0,22240.83,22240.83,UPI,3.2
ORD101700,2025-01-31,Clothing,West,Ahmedabad,656.65,2,0,1313.29,1313.29,Credit Card,4.3
ORD102484,2025-01-31,Sports,East,Kolkata,8030.34,5,10,40151.71,36136.54,Net Banking,4.6
ORD102066,2025-01-31,Clothing,East,Patna,1320.65,3,10,3961.94,3565.74,Debit Card,4.1
ORD101459,2025-01-31,Beauty,South,Chennai,2931.26,4,0,11725.04,11725.04,Credit Card,4.7
ORD100557,2025-01-31,Beauty,South,Hyderabad,2161.02,4,10,8644.07,7779.66,UPI,3.1
ORD102603,2025-01-31,Clothing,East,Patna,1567.42,5,5,7837.12,7445.27,UPI,3.9
ORD100511,2025-01-31,Electronics,East,Patna,31994.16,5,10,159970.82,143973.74,Net Banking,4.3
ORD103726,2025-01-31,Sports,South,Coimbatore,4267.15,4,5,17068.62,16215.19,Credit Card,4.6
ORD103242,2025-01-31,Electronics,South,Hyderabad,3427.34,2,20,6854.69,5483.75,Credit Card,4.0
ORD100589,2025-02-01,Sports,East,Patna,1593.86,5,5,7969.3,7570.84,Cash on Delivery,4.7
ORD103112,2025-02-01,Books,North,Delhi,238.4,5,10,1192.0,1072.8,Debit Card,3.9
ORD103768,2025-02-01,Sports,West,Ahmedabad,1034.01,2,0,2068.02,2068.02,Credit Card,4.5
ORD100135,2025-02-01,Home & Kitchen,West,Ahmedabad,593.96,1,0,593.96,593.96,Credit Card,4.1
ORD100306,2025-02-01,Electronics,North,Lucknow,59369.18,3,10,178107.53,160296.78,Credit Card,4.9
ORD103497,2025-02-02,Clothing,South,Hyderabad,2699.05,2,5,5398.09,5128.19,UPI,2.9
ORD101504,2025-02-02,Toys,South,Coimbatore,1837.35,1,10,1837.35,1653.61,UPI,2.3
ORD102115,2025-02-02,Home & Kitchen,South,Bengaluru,4488.19,1,5,4488.19,4263.78,Credit Card,3.6
ORD102349,2025-02-02,Clothing,West,Mumbai,500.55,5,5,2502.75,2377.61,Net Banking,3.2
ORD102833,2025-02-02,Beauty,South,Hyderabad,1966.18,3,20,5898.54,4718.83,UPI,4.6
ORD104056,2025-02-02,Beauty,South,Bengaluru,2624.37,1,15,2624.37,2230.71,UPI,3.3
ORD102533,2025-02-02,Toys,North,Lucknow,3385.55,2,15,6771.09,5755.43,Credit Card,4.0
ORD102757,2025-02-02,Toys,East,Kolkata,493.57,2,0,987.14,987.14,UPI,3.8
ORD104723,2025-02-03,Toys,East,Bhubaneswar,1863.67,5,25,9318.36,6988.77,Debit Card,4.3
ORD100393,2025-02-03,Electronics,East,Patna,36245.53,1,0,36245.53,36245.53,Debit Card,4.7
ORD102814,2025-02-03,Beauty,North,Chandigarh,2648.2,2,5,5296.39,5031.58,Credit Card,3.8
ORD102414,2025-02-03,Home & Kitchen,West,Surat,1840.13,3,5,5520.4,5244.38,UPI,4.1
ORD102765,2025-02-03,Clothing,West,Mumbai,1905.77,2,10,3811.55,3430.39,Credit Card,3.8
ORD102283,2025-02-03,Home & Kitchen,East,Bhubaneswar,1914.55,2,10,3829.09,3446.19,UPI,4.7
ORD104822,2025-02-03,Electronics,West,Pune,18944.54,1,10,18944.54,17050.09,Credit Card,2.8
ORD104722,2025-02-04,Clothing,East,Patna,3094.98,4,25,12379.91,9284.93,UPI,3.7
ORD102752,2025-02-04,Books,East,Guwahati,290.12,2,0,580.23,580.23,Cash on Delivery,4.4
ORD100805,2025-02-04,Books,West,Ahmedabad,514.77,2,15,1029.53,875.1,UPI,5.0
ORD104544,2025-02-04,Toys,East,Patna,1673.03,2,0,3346.06,3346.06,Debit Card,3.1
ORD101671,2025-02-04,Clothing,East,Guwahati,1150.99,1,15,1150.99,978.34,Credit Card,3.4
ORD101424,2025-02-04,Clothing,East,Patna,758.96,3,10,2276.88,2049.19,Credit Card,3.8
ORD104032,2025-02-04,Toys,West,Mumbai,2069.1,1,10,2069.1,1862.19,UPI,4.3
ORD100312,2025-02-04,Toys,East,Kolkata,1430.49,1,5,1430.49,1358.97,Credit Card,4.3
ORD101331,2025-02-04,Books,West,Ahmedabad,1192.72,2,25,2385.43,1789.08,UPI,5.0
ORD104248,2025-02-04,Electronics,South,Chennai,48597.04,4,20,194388.15,155510.52,Debit Card,3.7
ORD100232,2025-02-04,Home & Kitchen,East,Kolkata,4114.2,5,15,20570.99,17485.35,Credit Card,2.8
ORD100777,2025-02-04,Electronics,North,Chandigarh,18565.85,2,10,37131.69,33418.53,UPI,4.5
ORD103690,2025-02-04,Electronics,South,Hyderabad,27862.68,4,5,111450.73,105878.2,UPI,3.1
ORD103066,2025-02-04,Clothing,South,Coimbatore,1534.59,2,10,3069.17,2762.25,Credit Card,3.0
ORD101788,2025-02-04,Toys,West,Pune,2301.62,4,10,9206.48,8285.83,Credit Card,3.7
ORD100074,2025-02-05,Home & Kitchen,South,Hyderabad,376.0,3,15,1128.01,958.81,UPI,3.0
ORD101033,2025-02-05,Sports,North,Lucknow,3633.68,4,0,14534.71,14534.71,Credit Card,5.0
ORD102581,2025-02-05,Sports,West,Surat,5593.86,5,5,27969.29,26570.83,UPI,3.7
ORD101439,2025-02-05,Electronics,South,Hyderabad,26319.32,2,5,52638.64,50006.71,Debit Card,3.6
ORD100674,2025-02-05,Electronics,East,Bhubaneswar,51513.15,1,5,51513.15,48937.49,UPI,3.9
ORD104325,2025-02-06,Home & Kitchen,South,Bengaluru,6677.79,5,5,33388.93,31719.48,Credit Card,3.2
ORD100218,2025-02-06,Books,South,Coimbatore,495.53,5,0,2477.64,2477.64,UPI,3.5
ORD104275,2025-02-06,Clothing,West,Pune,2289.41,1,0,2289.41,2289.41,Credit Card,3.1
ORD100247,2025-02-06,Books,North,Lucknow,1188.74,2,5,2377.49,2258.61,Credit Card,4.6
ORD104043,2025-02-06,Electronics,East,Guwahati,20265.51,1,0,20265.51,20265.51,UPI,3.8
ORD103618,2025-02-06,Sports,East,Guwahati,11856.8,1,5,11856.8,11263.96,Debit Card,3.9
ORD100832,2025-02-06,Home & Kitchen,South,Hyderabad,6656.21,2,0,13312.43,13312.43,Debit Card,5.0
ORD104906,2025-02-07,Electronics,East,Bhubaneswar,4259.67,5,10,21298.37,19168.53,UPI,3.4
ORD104278,2025-02-07,Toys,South,Hyderabad,2673.76,4,15,10695.05,9090.79,Net Banking,3.6
ORD104024,2025-02-07,Home & Kitchen,South,Hyderabad,4269.58,2,0,8539.17,8539.17,UPI,3.8
ORD104004,2025-02-07,Clothing,East,Guwahati,1931.33,4,0,7725.32,7725.32,Credit Card,4.5
ORD100281,2025-02-07,Sports,West,Ahmedabad,3836.64,1,5,3836.64,3644.81,Credit Card,3.4
ORD101880,2025-02-07,Electronics,South,Coimbatore,50664.67,2,0,101329.34,101329.34,Credit Card,4.4
ORD103225,2025-02-07,Toys,West,Ahmedabad,595.45,1,10,595.45,535.9,UPI,4.1
ORD102446,2025-02-08,Toys,North,Delhi,3112.93,1,15,3112.93,2645.99,UPI,4.8
ORD102666,2025-02-08,Toys,North,Delhi,525.22,4,10,2100.86,1890.77,Credit Card,2.6
ORD104052,2025-02-08,Electronics,South,Hyderabad,12069.1,5,10,60345.48,54310.93,UPI,3.5
ORD102350,2025-02-08,Toys,West,Pune,3362.82,2,0,6725.63,6725.63,Debit Card,3.8
ORD100739,2025-02-08,Electronics,East,Kolkata,31283.15,5,0,156415.76,156415.76,UPI,4.2
ORD102702,2025-02-08,Clothing,South,Bengaluru,1718.6,1,5,1718.6,1632.67,Debit Card,4.5
ORD101132,2025-02-08,Sports,East,Patna,9778.48,1,0,9778.48,9778.48,Debit Card,4.8
ORD104786,2025-02-08,Electronics,North,Jaipur,14749.32,3,0,44247.95,44247.95,Credit Card,4.0
ORD100838,2025-02-08,Sports,East,Patna,475.01,5,5,2375.04,2256.29,Net Banking,3.9
ORD104899,2025-02-09,Home & Kitchen,North,Delhi,2521.98,3,0,7565.93,7565.93,Net Banking,3.8
ORD102326,2025-02-09,Books,North,Delhi,277.92,3,5,833.75,792.06,Debit Card,4.5
ORD102729,2025-02-09,Home & Kitchen,East,Patna,4134.99,5,0,20674.94,20674.94,Net Banking,3.6
ORD102302,2025-02-09,Books,South,Coimbatore,406.76,3,5,1220.29,1159.27,Net Banking,3.0
ORD103176,2025-02-09,Books,North,Chandigarh,710.62,5,5,3553.1,3375.44,UPI,4.2
ORD103187,2025-02-09,Sports,South,Chennai,7613.44,1,10,7613.44,6852.1,Cash on Delivery,4.3
ORD101357,2025-02-09,Beauty,South,Chennai,1845.56,2,10,3691.13,3322.02,Cash on Delivery,5.0
ORD104163,2025-02-10,Home & Kitchen,South,Hyderabad,5440.45,4,5,21761.81,20673.72,UPI,3.7
ORD101130,2025-02-10,Clothing,South,Hyderabad,1089.76,2,15,2179.53,1852.6,UPI,3.2
ORD102110,2025-02-10,Beauty,South,Bengaluru,2964.28,3,5,8892.85,8448.21,Cash on Delivery,2.9
ORD100147,2025-02-10,Sports,West,Mumbai,4153.74,3,15,12461.21,10592.03,UPI,4.2
ORD100122,2025-02-10,Sports,East,Kolkata,9030.3,5,10,45151.51,40636.36,UPI,4.3
ORD102319,2025-02-10,Home & Kitchen,South,Bengaluru,5883.17,5,0,29415.85,29415.85,Credit Card,4.9
ORD102628,2025-02-10,Electronics,East,Guwahati,25266.92,5,0,126334.58,126334.58,Debit Card,2.9
ORD103075,2025-02-10,Clothing,North,Jaipur,2913.85,4,25,11655.41,8741.56,Net Banking,4.7
ORD103496,2025-02-10,Electronics,West,Ahmedabad,35356.26,2,5,70712.52,67176.9,UPI,3.7
ORD102805,2025-02-11,Electronics,West,Surat,41486.49,1,25,41486.49,31114.87,Debit Card,3.5
ORD100690,2025-02-11,Clothing,East,Patna,1821.3,1,10,1821.3,1639.17,UPI,4.1
ORD102521,2025-02-11,Toys,East,Kolkata,369.98,3,10,1109.93,998.94,UPI,4.6
ORD103641,2025-02-11,Home & Kitchen,East,Kolkata,7015.53,3,0,21046.6,21046.6,UPI,2.0
ORD100385,2025-02-11,Electronics,North,Jaipur,59960.0,3,20,179880.01,143904.0,UPI,4.5
ORD103324,2025-02-11,Electronics,South,Coimbatore,7485.82,5,10,37429.1,33686.19,UPI,3.4
ORD104383,2025-02-12,Sports,East,Guwahati,9435.02,2,5,18870.04,17926.54,Net Banking,3.2
ORD100656,2025-02-12,Home & Kitchen,North,Delhi,7472.76,3,5,22418.29,21297.37,UPI,4.7
ORD104699,2025-02-12,Toys,East,Guwahati,1975.14,1,0,1975.14,1975.14,Credit Card,3.2
ORD103779,2025-02-12,Electronics,North,Lucknow,30875.07,5,15,154375.37,131219.06,Credit Card,4.2
ORD101027,2025-02-13,Books,West,Surat,992.04,5,0,4960.22,4960.22,Debit Card,4.7
ORD101841,2025-02-13,Clothing,South,Coimbatore,3041.38,1,10,3041.38,2737.25,Credit Card,4.5
ORD100971,2025-02-13,Beauty,South,Chennai,1261.82,4,5,5047.29,4794.93,Credit Card,3.9
ORD100184,2025-02-14,Electronics,East,Patna,47719.87,1,0,47719.87,47719.87,Credit Card,4.0
ORD101092,2025-02-14,Toys,East,Kolkata,1894.85,4,10,7579.4,6821.46,Debit Card,3.4
ORD104118,2025-02-14,Home & Kitchen,South,Chennai,5907.16,3,10,17721.49,15949.35,UPI,5.0
ORD101070,2025-02-14,Electronics,East,Patna,57391.58,4,20,229566.34,183653.07,Credit Card,4.0
ORD101657,2025-02-15,Books,East,Guwahati,555.82,3,0,1667.46,1667.46,Credit Card,4.3
ORD103832,2025-02-15,Clothing,East,Guwahati,2159.17,1,0,2159.17,2159.17,UPI,3.6
ORD104578,2025-02-15,Sports,North,Lucknow,4834.03,3,25,14502.1,10876.57,UPI,4.3
ORD103283,2025-02-15,Toys,South,Coimbatore,1440.21,3,5,4320.63,4104.6,UPI,3.4
ORD103639,2025-02-15,Electronics,South,Chennai,19687.8,5,10,98439.02,88595.12,Cash on Delivery,3.3
ORD103870,2025-02-15,Books,North,Jaipur,195.15,1,10,195.15,175.64,Net Banking,2.7
ORD104294,2025-02-15,Electronics,West,Surat,40555.98,2,25,81111.97,60833.98,Net Banking,4.0
ORD104344,2025-02-16,Clothing,West,Mumbai,2378.36,4,5,9513.44,9037.77,UPI,4.0
ORD100530,2025-02-16,Toys,East,Kolkata,1089.39,5,10,5446.93,4902.23,Credit Card,3.9
ORD102643,2025-02-16,Beauty,West,Pune,2489.51,2,5,4979.01,4730.06,UPI,4.3
ORD104641,2025-02-16,Sports,North,Jaipur,5906.17,1,25,5906.17,4429.63,UPI,4.1
ORD101652,2025-02-17,Home & Kitchen,South,Bengaluru,7356.99,2,5,14713.99,13978.29,Credit Card,3.2
ORD103574,2025-02-17,Beauty,East,Bhubaneswar,1685.45,5,10,8427.26,7584.53,UPI,3.7
ORD102807,2025-02-17,Home & Kitchen,North,Lucknow,2328.45,5,5,11642.25,11060.14,UPI,5.0
ORD104686,2025-02-17,Home & Kitchen,North,Chandigarh,1420.34,3,15,4261.03,3621.88,UPI,5.0
ORD100022,2025-02-17,Electronics,South,Coimbatore,29704.73,1,0,29704.73,29704.73,Credit Card,3.7
ORD104356,2025-02-17,Beauty,East,Guwahati,422.68,2,15,845.37,718.56,Credit Card,3.6
ORD104556,2025-02-17,Beauty,East,Patna,2408.32,1,0,2408.32,2408.32,UPI,2.6
ORD101470,2025-02-17,Electronics,East,Kolkata,10628.84,4,25,42515.37,31886.53,Net Banking,4.8
ORD102587,2025-02-17,Beauty,West,Pune,2006.6,5,5,10033.02,9531.37,Net Banking,3.3
ORD104329,2025-02-17,Beauty,South,Coimbatore,519.74,5,0,2598.68,2598.68,UPI,4.5
ORD104530,2025-02-17,Electronics,West,Mumbai,7241.07,1,5,7241.07,6879.02,UPI,4.5
ORD102026,2025-02-17,Electronics,South,Coimbatore,38275.48,5,0,191377.39,191377.39,Credit Card,3.9
ORD100260,2025-02-18,Clothing,North,Chandigarh,2494.04,5,10,12470.18,11223.16,UPI,4.3
ORD100629,2025-02-18,Sports,South,Chennai,10943.7,3,10,32831.11,29548.0,UPI,3.4
ORD100680,2025-02-18,Home & Kitchen,West,Mumbai,5284.04,4,25,21136.16,15852.12,UPI,2.6
ORD104832,2025-02-18,Beauty,South,Hyderabad,1315.25,2,0,2630.51,2630.51,UPI,4.5
ORD103433,2025-02-19,Electronics,North,Lucknow,19393.79,4,25,77575.16,58181.37,Credit Card,3.9
ORD101822,2025-02-19,Toys,North,Delhi,2048.84,1,5,2048.84,1946.4,Debit Card,3.3
ORD102509,2025-02-19,Electronics,South,Chennai,16075.15,2,5,32150.29,30542.78,Cash on Delivery,4.3
ORD100226,2025-02-19,Home & Kitchen,East,Kolkata,6217.49,1,15,6217.49,5284.87,UPI,4.1
ORD104560,2025-02-19,Sports,North,Jaipur,9746.69,5,0,48733.47,48733.47,UPI,2.4
ORD104624,2025-02-19,Home & Kitchen,East,Patna,2556.57,5,5,12782.83,12143.69,Debit Card,3.8
ORD101474,2025-02-19,Sports,South,Coimbatore,5585.7,5,20,27928.49,22342.79,UPI,4.2
ORD103494,2025-02-20,Home & Kitchen,East,Guwahati,3229.42,2,15,6458.84,5490.01,UPI,4.8
ORD103024,2025-02-20,Electronics,West,Surat,52191.37,5,0,260956.86,260956.86,Net Banking,3.4
ORD100506,2025-02-20,Sports,East,Patna,469.31,2,0,938.61,938.61,Cash on Delivery,3.7
ORD102082,2025-02-20,Sports,West,Pune,9482.75,4,5,37931.0,36034.45,UPI,4.5
ORD101896,2025-02-21,Home & Kitchen,North,Chandigarh,5194.22,5,15,25971.12,22075.45,UPI,4.0
ORD101239,2025-02-21,Clothing,South,Hyderabad,2498.71,4,0,9994.84,9994.84,UPI,3.6
ORD104170,2025-02-21,Home & Kitchen,South,Coimbatore,2033.09,5,0,10165.45,10165.45,UPI,3.1
ORD101157,2025-02-21,Home & Kitchen,West,Pune,7737.9,1,15,7737.9,6577.21,UPI,2.4
ORD102684,2025-02-21,Toys,North,Jaipur,3452.99,1,0,3452.99,3452.99,UPI,3.8
ORD100522,2025-02-21,Toys,North,Lucknow,552.72,1,5,552.72,525.08,Debit Card,3.5
ORD104379,2025-02-22,Beauty,East,Guwahati,969.96,2,20,1939.91,1551.93,UPI,3.5
ORD101545,2025-02-22,Sports,South,Hyderabad,5312.64,5,5,26563.22,25235.06,UPI,3.8
ORD101002,2025-02-22,Books,East,Kolkata,1054.09,5,0,5270.46,5270.46,Debit Card,4.1
ORD102204,2025-02-22,Books,South,Bengaluru,604.67,2,10,1209.33,1088.4,Net Banking,4.5
ORD103314,2025-02-22,Home & Kitchen,North,Delhi,4529.56,5,5,22647.78,21515.39,Net Banking,3.3
ORD103368,2025-02-22,Books,North,Jaipur,801.69,1,15,801.69,681.43,Cash on Delivery,3.9
ORD104197,2025-02-22,Clothing,East,Bhubaneswar,3099.56,4,5,12398.24,11778.33,Cash on Delivery,3.7
ORD100110,2025-02-22,Beauty,West,Surat,2343.78,5,5,11718.89,11132.94,UPI,3.2
ORD102325,2025-02-22,Electronics,East,Guwahati,35227.01,3,15,105681.03,89828.88,Debit Card,5.0
ORD103279,2025-02-23,Sports,East,Patna,4398.35,2,15,8796.71,7477.2,UPI,4.5
ORD104993,2025-02-23,Toys,North,Chandigarh,711.57,5,5,3557.84,3379.95,Net Banking,4.3
ORD102132,2025-02-23,Clothing,East,Patna,3361.9,4,20,13447.58,10758.07,Cash on Delivery,4.7
ORD100532,2025-02-23,Home & Kitchen,South,Bengaluru,2972.41,1,15,2972.41,2526.55,UPI,3.1
ORD101890,2025-02-23,Electronics,South,Bengaluru,14003.84,1,5,14003.84,13303.65,Cash on Delivery,3.5
ORD104454,2025-02-23,Home & Kitchen,North,Chandigarh,4919.13,4,10,19676.53,17708.88,Credit Card,2.8
ORD101065,2025-02-23,Clothing,West,Mumbai,2019.48,5,0,10097.39,10097.39,UPI,3.7
ORD101135,2025-02-23,Toys,North,Jaipur,1963.4,5,0,9817.01,9817.01,UPI,4.2
ORD100289,2025-02-23,Electronics,East,Patna,14052.04,5,0,70260.21,70260.21,Net Banking,5.0
ORD104367,2025-02-23,Toys,East,Patna,1763.97,1,0,1763.97,1763.97,Cash on Delivery,3.1
ORD102423,2025-02-23,Sports,East,Kolkata,8826.7,1,5,8826.7,8385.37,Credit Card,4.7
ORD104110,2025-02-23,Home & Kitchen,East,Patna,7503.33,1,15,7503.33,6377.83,UPI,4.8
ORD103331,2025-02-23,Books,East,Kolkata,592.24,5,5,2961.18,2813.12,Debit Card,3.8
ORD103689,2025-02-24,Electronics,South,Coimbatore,26151.76,5,5,130758.82,124220.88,Credit Card,4.9
ORD102634,2025-02-24,Home & Kitchen,North,Chandigarh,5954.5,4,20,23818.01,19054.41,UPI,4.0
ORD103972,2025-02-24,Books,East,Patna,879.13,5,10,4395.64,3956.08,Debit Card,4.2
ORD103796,2025-02-24,Clothing,South,Bengaluru,2573.96,2,5,5147.92,4890.52,Net Banking,4.2
ORD103360,2025-02-24,Sports,North,Chandigarh,1632.92,5,10,8164.62,7348.15,Credit Card,5.0
ORD104070,2025-02-24,Toys,South,Bengaluru,898.49,2,15,1796.98,1527.44,Net Banking,4.6
ORD103892,2025-02-25,Home & Kitchen,West,Surat,3729.43,4,5,14917.71,14171.82,Debit Card,4.0
ORD100290,2025-02-25,Sports,West,Ahmedabad,10007.44,3,0,30022.32,30022.32,Debit Card,3.0
ORD101616,2025-02-25,Electronics,South,Chennai,17604.47,2,0,35208.95,35208.95,Cash on Delivery,4.8
ORD101040,2025-02-25,Sports,West,Pune,6890.2,5,15,34450.99,29283.34,UPI,4.6
ORD102480,2025-02-25,Home & Kitchen,North,Delhi,254.68,1,10,254.68,229.21,Credit Card,3.8
ORD102425,2025-02-25,Home & Kitchen,North,Jaipur,5964.45,3,5,17893.34,16998.67,Cash on Delivery,3.1
ORD100786,2025-02-25,Beauty,East,Guwahati,1281.88,3,0,3845.65,3845.65,UPI,2.4
ORD100614,2025-02-25,Toys,West,Ahmedabad,2911.43,5,5,14557.17,13829.31,Credit Card,4.5
ORD102874,2025-02-26,Home & Kitchen,East,Bhubaneswar,303.24,5,0,1516.22,1516.22,Net Banking,3.6
ORD104160,2025-02-26,Electronics,East,Bhubaneswar,29549.49,2,15,59098.98,50234.14,Debit Card,5.0
ORD102452,2025-02-26,Beauty,West,Ahmedabad,2427.13,2,25,4854.25,3640.69,Net Banking,2.8
ORD103091,2025-02-27,Beauty,East,Guwahati,2905.77,4,0,11623.08,11623.08,Cash on Delivery,4.0
ORD101202,2025-02-27,Electronics,South,Hyderabad,8819.3,4,15,35277.18,29985.6,Credit Card,4.9
ORD103166,2025-02-27,Clothing,West,Surat,2186.88,3,10,6560.65,5904.59,Credit Card,5.0
ORD103213,2025-02-27,Sports,North,Delhi,9336.57,5,5,46682.83,44348.69,UPI,5.0
ORD101935,2025-02-27,Beauty,South,Chennai,1354.99,4,0,5419.97,5419.97,Cash on Delivery,3.0
ORD102491,2025-02-28,Home & Kitchen,South,Bengaluru,6020.28,4,25,24081.11,18060.83,Net Banking,3.9
ORD100921,2025-02-28,Electronics,East,Guwahati,39922.45,1,10,39922.45,35930.2,Debit Card,3.6
ORD104300,2025-02-28,Sports,South,Chennai,6037.08,5,25,30185.42,22639.07,Debit Card,3.2
ORD104889,2025-02-28,Electronics,North,Delhi,30711.32,4,10,122845.27,110560.74,UPI,3.9
ORD104635,2025-02-28,Beauty,South,Bengaluru,898.05,2,0,1796.11,1796.11,Cash on Delivery,3.9
ORD101782,2025-02-28,Clothing,West,Surat,3444.56,3,0,10333.67,10333.67,Net Banking,3.8
ORD102857,2025-02-28,Clothing,East,Kolkata,2578.23,2,0,5156.46,5156.46,UPI,5.0
ORD104522,2025-02-28,Electronics,South,Coimbatore,24166.49,1,15,24166.49,20541.52,Cash on Delivery,4.0
ORD102241,2025-02-28,Beauty,South,Coimbatore,1616.5,1,0,1616.5,1616.5,Cash on Delivery,4.1
ORD103099,2025-03-01,Books,South,Coimbatore,1104.12,4,10,4416.46,3974.82,Net Banking,5.0
ORD101623,2025-03-01,Toys,West,Pune,2779.8,4,10,11119.2,10007.28,Debit Card,3.7
ORD102777,2025-03-01,Toys,East,Patna,1556.47,3,15,4669.41,3969.0,Debit Card,3.8
ORD102840,2025-03-01,Books,North,Chandigarh,963.81,3,0,2891.44,2891.44,UPI,3.7
ORD101464,2025-03-01,Sports,West,Pune,3606.31,3,15,10818.94,9196.1,Credit Card,4.7
ORD104525,2025-03-01,Sports,North,Jaipur,10624.0,3,0,31871.99,31871.99,Cash on Delivery,3.7
ORD103369,2025-03-02,Clothing,West,Surat,3328.53,3,10,9985.59,8987.03,Net Banking,3.6
ORD102001,2025-03-02,Electronics,North,Chandigarh,56530.27,1,0,56530.27,56530.27,Credit Card,3.7
ORD102935,2025-03-02,Clothing,East,Patna,2241.45,3,0,6724.35,6724.35,Cash on Delivery,4.3
ORD102108,2025-03-02,Electronics,East,Bhubaneswar,40419.68,3,0,121259.05,121259.05,UPI,4.7
ORD103962,2025-03-02,Home & Kitchen,West,Surat,6265.98,4,0,25063.91,25063.91,UPI,4.1
ORD102025,2025-03-02,Home & Kitchen,South,Chennai,7456.49,1,15,7456.49,6338.02,Debit Card,5.0
ORD100502,2025-03-02,Toys,East,Bhubaneswar,2364.13,1,5,2364.13,2245.92,UPI,3.6
ORD101814,2025-03-03,Electronics,East,Patna,59843.19,2,20,119686.38,95749.11,Credit Card,4.6
ORD102003,2025-03-03,Sports,East,Kolkata,7117.33,1,0,7117.33,7117.33,Cash on Delivery,4.2
ORD104224,2025-03-03,Beauty,North,Delhi,1220.25,3,0,3660.75,3660.75,Credit Card,4.8
ORD103913,2025-03-03,Electronics,West,Surat,49454.8,4,15,197819.18,168146.3,Debit Card,4.7
ORD102246,2025-03-03,Home & Kitchen,South,Coimbatore,1994.36,1,10,1994.36,1794.92,Debit Card,3.3
ORD100061,2025-03-03,Electronics,West,Mumbai,30957.5,3,25,92872.5,69654.37,Credit Card,4.4
ORD103679,2025-03-03,Toys,East,Bhubaneswar,1265.57,1,0,1265.57,1265.57,UPI,2.8
ORD103333,2025-03-04,Beauty,West,Ahmedabad,821.62,5,0,4108.09,4108.09,UPI,3.9
ORD104644,2025-03-04,Clothing,South,Chennai,3853.66,2,0,7707.32,7707.32,UPI,3.9
ORD101198,2025-03-04,Electronics,East,Guwahati,21213.51,4,25,84854.05,63640.54,Credit Card,3.2
ORD104705,2025-03-04,Clothing,West,Mumbai,3014.51,3,0,9043.54,9043.54,UPI,4.5
ORD102339,2025-03-04,Sports,East,Kolkata,4635.7,5,15,23178.51,19701.73,UPI,3.9
ORD101493,2025-03-04,Clothing,East,Bhubaneswar,3066.14,5,5,15330.69,14564.15,Credit Card,3.7
ORD101735,2025-03-05,Beauty,North,Jaipur,1424.27,2,10,2848.54,2563.68,UPI,3.5
ORD101696,2025-03-05,Clothing,West,Mumbai,3869.7,3,25,11609.1,8706.82,Debit Card,5.0
ORD103394,2025-03-05,Books,East,Guwahati,917.68,1,0,917.68,917.68,Credit Card,4.0
ORD104903,2025-03-05,Clothing,North,Lucknow,377.82,2,0,755.64,755.64,Cash on Delivery,3.7
ORD103705,2025-03-06,Electronics,North,Delhi,13633.54,1,10,13633.54,12270.19,UPI,3.9
ORD103271,2025-03-06,Beauty,North,Delhi,942.71,3,5,2828.13,2686.72,Cash on Delivery,3.5
ORD101141,2025-03-06,Electronics,East,Bhubaneswar,42629.22,3,5,127887.65,121493.27,Cash on Delivery,4.4
ORD103417,2025-03-06,Toys,North,Delhi,910.18,5,5,4550.91,4323.36,Credit Card,4.1
ORD103165,2025-03-06,Electronics,West,Mumbai,38926.91,1,0,38926.91,38926.91,Credit Card,5.0
ORD102738,2025-03-07,Electronics,North,Jaipur,43241.21,3,0,129723.63,129723.63,UPI,3.4
ORD103141,2025-03-07,Sports,West,Surat,9086.34,4,0,36345.35,36345.35,Cash on Delivery,4.6
ORD101501,2025-03-07,Books,North,Jaipur,382.86,5,0,1914.32,1914.32,UPI,3.8
ORD102202,2025-03-07,Home & Kitchen,East,Bhubaneswar,1797.63,2,0,3595.27,3595.27,Net Banking,3.9
ORD103216,2025-03-07,Sports,North,Jaipur,7351.13,1,15,7351.13,6248.46,Cash on Delivery,4.1
ORD100473,2025-03-07,Home & Kitchen,West,Pune,4099.82,2,5,8199.65,7789.66,Credit Card,4.2
ORD104599,2025-03-08,Sports,North,Lucknow,1956.22,2,0,3912.44,3912.44,Net Banking,3.8
ORD104835,2025-03-08,Sports,West,Ahmedabad,9288.77,4,0,37155.07,37155.07,Credit Card,3.7
ORD104082,2025-03-08,Electronics,West,Pune,45294.96,2,15,90589.92,77001.43,Debit Card,4.3
ORD103385,2025-03-09,Toys,West,Mumbai,778.0,1,5,778.0,739.1,Debit Card,4.0
ORD103845,2025-03-09,Clothing,South,Chennai,2376.85,5,0,11884.23,11884.23,UPI,5.0
ORD104905,2025-03-09,Electronics,West,Ahmedabad,12288.87,5,5,61444.35,58372.14,Cash on Delivery,3.9
ORD104907,2025-03-09,Clothing,South,Coimbatore,2147.7,2,10,4295.39,3865.85,UPI,3.8
ORD103005,2025-03-09,Beauty,South,Coimbatore,1147.59,3,5,3442.76,3270.63,UPI,3.7
ORD101191,2025-03-10,Sports,East,Guwahati,9026.97,4,0,36107.87,36107.87,UPI,3.7
ORD102520,2025-03-10,Toys,West,Mumbai,246.15,1,10,246.15,221.54,Debit Card,4.7
ORD101389,2025-03-10,Home & Kitchen,South,Chennai,5188.7,4,0,20754.82,20754.82,Credit Card,4.7
ORD102891,2025-03-10,Sports,North,Jaipur,8816.06,5,15,44080.3,37468.25,Net Banking,4.5
ORD102591,2025-03-10,Books,West,Pune,777.09,1,5,777.09,738.23,UPI,4.4
ORD103451,2025-03-10,Electronics,North,Delhi,56084.87,5,0,280424.34,280424.34,UPI,4.6
ORD100791,2025-03-10,Beauty,East,Guwahati,188.32,1,10,188.32,169.48,Debit Card,4.5
ORD104651,2025-03-10,Electronics,West,Ahmedabad,26358.09,2,5,52716.18,50080.37,UPI,5.0
ORD100461,2025-03-10,Toys,North,Chandigarh,2136.51,4,0,8546.03,8546.03,Debit Card,4.1
ORD100966,2025-03-10,Books,West,Pune,635.1,4,0,2540.39,2540.39,Net Banking,3.3
ORD100784,2025-03-10,Sports,North,Jaipur,10270.03,2,15,20540.07,17459.06,Cash on Delivery,4.1
ORD102479,2025-03-11,Home & Kitchen,South,Bengaluru,4194.36,3,5,12583.07,11953.92,UPI,5.0
ORD100001,2025-03-11,Electronics,West,Pune,52711.23,5,0,263556.15,263556.15,Credit Card,4.8
ORD102366,2025-03-11,Toys,East,Bhubaneswar,2152.43,2,5,4304.86,4089.62,UPI,5.0
ORD102532,2025-03-11,Sports,West,Mumbai,5047.37,3,25,15142.1,11356.57,UPI,4.9
ORD104403,2025-03-11,Electronics,South,Coimbatore,41788.21,5,5,208941.03,198493.98,UPI,4.6
ORD102623,2025-03-11,Home & Kitchen,West,Pune,3015.29,2,5,6030.57,5729.04,UPI,4.1
ORD102931,2025-03-11,Home & Kitchen,North,Lucknow,1870.3,5,10,9351.49,8416.34,Cash on Delivery,3.3
ORD101145,2025-03-11,Home & Kitchen,West,Pune,2050.04,4,5,8200.16,7790.15,Debit Card,4.4
ORD104146,2025-03-11,Home & Kitchen,North,Chandigarh,7635.87,3,5,22907.6,21762.22,UPI,4.3
ORD102685,2025-03-12,Sports,West,Ahmedabad,2549.91,1,10,2549.91,2294.92,Net Banking,3.4
ORD100931,2025-03-12,Electronics,South,Hyderabad,5668.28,2,0,11336.56,11336.56,Credit Card,3.6
ORD103616,2025-03-12,Home & Kitchen,East,Kolkata,6669.15,5,10,33345.73,30011.15,UPI,4.2
ORD100744,2025-03-12,Clothing,North,Jaipur,991.08,2,15,1982.15,1684.83,UPI,4.2
ORD103114,2025-03-12,Home & Kitchen,South,Hyderabad,1739.64,2,10,3479.28,3131.36,UPI,3.0
ORD104772,2025-03-12,Electronics,North,Delhi,59792.58,5,15,298962.89,254118.45,Credit Card,4.3
ORD101627,2025-03-12,Electronics,North,Lucknow,49552.24,5,10,247761.2,222985.08,Credit Card,4.8
ORD103877,2025-03-13,Sports,East,Kolkata,4557.64,3,5,13672.91,12989.27,UPI,3.5
ORD103747,2025-03-13,Beauty,South,Bengaluru,2739.61,5,15,13698.06,11643.35,Debit Card,4.4
ORD100770,2025-03-13,Sports,South,Hyderabad,3789.61,4,5,15158.43,14400.51,Credit Card,3.8
ORD104924,2025-03-13,Home & Kitchen,North,Chandigarh,4842.7,5,10,24213.51,21792.16,Cash on Delivery,4.1
ORD103168,2025-03-13,Sports,East,Patna,8016.13,1,0,8016.13,8016.13,UPI,4.6
ORD103328,2025-03-13,Clothing,East,Kolkata,3751.21,5,10,18756.07,16880.46,Net Banking,4.7
ORD100325,2025-03-13,Toys,South,Chennai,202.37,1,0,202.37,202.37,UPI,4.6
ORD103994,2025-03-13,Beauty,West,Surat,1586.43,5,0,7932.14,7932.14,Net Banking,3.6
ORD104315,2025-03-14,Sports,East,Patna,1899.85,2,0,3799.71,3799.71,Net Banking,4.6
ORD104936,2025-03-14,Toys,West,Mumbai,818.49,4,5,3273.95,3110.26,UPI,5.0
ORD102190,2025-03-14,Clothing,East,Patna,1589.53,4,0,6358.1,6358.1,UPI,4.3
ORD100228,2025-03-14,Electronics,West,Mumbai,51714.61,3,20,155143.83,124115.06,UPI,5.0
ORD101511,2025-03-15,Clothing,South,Coimbatore,3530.78,4,0,14123.12,14123.12,Debit Card,3.6
ORD101483,2025-03-15,Books,South,Bengaluru,387.42,4,10,1549.68,1394.71,Cash on Delivery,5.0
ORD103356,2025-03-15,Home & Kitchen,East,Bhubaneswar,5552.98,4,15,22211.9,18880.12,Debit Card,4.4
ORD103379,2025-03-15,Clothing,East,Kolkata,2145.72,4,15,8582.87,7295.44,UPI,3.6
ORD101714,2025-03-15,Clothing,South,Chennai,3390.63,5,10,16953.13,15257.81,Credit Card,3.2
ORD101068,2025-03-16,Books,North,Chandigarh,654.85,2,0,1309.71,1309.71,Credit Card,3.6
ORD103659,2025-03-16,Sports,East,Guwahati,362.95,3,10,1088.84,979.96,UPI,4.6
ORD103857,2025-03-16,Sports,East,Bhubaneswar,834.27,4,20,3337.1,2669.68,Credit Card,4.9
ORD100673,2025-03-16,Sports,East,Bhubaneswar,10417.15,3,15,31251.46,26563.74,UPI,4.5
ORD102212,2025-03-16,Toys,South,Chennai,3039.13,5,0,15195.66,15195.66,Debit Card,3.3
ORD102826,2025-03-16,Electronics,East,Kolkata,36467.79,3,5,109403.38,103933.21,UPI,5.0
ORD103210,2025-03-16,Home & Kitchen,West,Pune,3797.38,4,5,15189.5,14430.03,Credit Card,3.9
ORD100961,2025-03-16,Electronics,West,Pune,14950.62,1,0,14950.62,14950.62,Cash on Delivery,4.0
ORD100200,2025-03-17,Sports,East,Bhubaneswar,8840.11,1,0,8840.11,8840.11,UPI,5.0
ORD102268,2025-03-17,Beauty,South,Bengaluru,1305.36,4,0,5221.43,5221.43,Debit Card,4.4
ORD101302,2025-03-17,Toys,East,Patna,1165.74,5,5,5828.72,5537.29,UPI,4.9
ORD102540,2025-03-17,Electronics,South,Coimbatore,33533.4,3,0,100600.2,100600.2,Debit Card,4.3
ORD104721,2025-03-17,Beauty,East,Guwahati,336.03,4,20,1344.12,1075.3,Debit Card,3.7
ORD104840,2025-03-17,Sports,West,Mumbai,10266.05,3,0,30798.14,30798.14,UPI,2.7
ORD103056,2025-03-17,Books,North,Delhi,583.54,1,5,583.54,554.36,UPI,4.1
ORD100486,2025-03-17,Electronics,West,Pune,31734.95,1,10,31734.95,28561.46,Credit Card,5.0
ORD103517,2025-03-18,Beauty,North,Lucknow,2336.86,4,10,9347.45,8412.7,UPI,4.4
ORD103076,2025-03-18,Electronics,South,Coimbatore,35945.46,1,0,35945.46,35945.46,Net Banking,3.8
ORD103388,2025-03-18,Clothing,West,Ahmedabad,2434.57,3,5,7303.71,6938.52,UPI,4.4
ORD100927,2025-03-18,Clothing,West,Surat,2313.72,1,5,2313.72,2198.04,Credit Card,3.9
ORD104339,2025-03-18,Beauty,North,Jaipur,1809.98,2,0,3619.95,3619.95,Credit Card,2.6
ORD104136,2025-03-18,Clothing,East,Guwahati,2812.42,1,5,2812.42,2671.79,UPI,4.5
ORD101229,2025-03-18,Sports,East,Bhubaneswar,9025.87,4,5,36103.49,34298.31,UPI,3.9
ORD101440,2025-03-18,Clothing,North,Jaipur,3107.27,1,20,3107.27,2485.81,Credit Card,3.8
ORD104426,2025-03-18,Clothing,South,Hyderabad,2824.09,4,15,11296.38,9601.92,Cash on Delivery,5.0
ORD104495,2025-03-19,Toys,East,Bhubaneswar,1234.55,2,5,2469.1,2345.64,Debit Card,3.4
ORD103367,2025-03-19,Electronics,East,Bhubaneswar,17123.66,4,15,68494.63,58220.44,UPI,4.2
ORD100414,2025-03-19,Books,South,Hyderabad,568.49,2,10,1136.99,1023.29,Debit Card,3.2
ORD102151,2025-03-20,Home & Kitchen,East,Kolkata,1806.45,2,0,3612.89,3612.89,UPI,5.0
ORD103155,2025-03-20,Sports,East,Guwahati,11115.06,3,0,33345.19,33345.19,Debit Card,3.8
ORD100630,2025-03-20,Home & Kitchen,West,Ahmedabad,279.82,3,25,839.47,629.6,Credit Card,3.6
ORD104448,2025-03-20,Books,South,Hyderabad,269.52,5,0,1347.61,1347.61,Cash on Delivery,3.7
ORD103259,2025-03-20,Beauty,West,Pune,1814.88,2,10,3629.76,3266.78,Credit Card,4.0
ORD104731,2025-03-20,Books,East,Patna,799.42,5,5,3997.1,3797.25,Credit Card,3.9
ORD100563,2025-03-20,Books,North,Chandigarh,310.53,2,0,621.06,621.06,UPI,4.2
ORD101872,2025-03-20,Home & Kitchen,North,Lucknow,1952.59,4,20,7810.38,6248.3,UPI,4.9
ORD102856,2025-03-20,Home & Kitchen,North,Chandigarh,6648.73,2,10,13297.47,11967.72,UPI,3.8
ORD103628,2025-03-21,Sports,West,Mumbai,9364.47,2,10,18728.94,16856.04,Credit Card,3.4
ORD103903,2025-03-21,Clothing,East,Guwahati,2698.17,1,5,2698.17,2563.27,Credit Card,3.4
ORD102277,2025-03-21,Beauty,North,Delhi,765.14,1,0,765.14,765.14,Credit Card,3.7
ORD100940,2025-03-21,Books,East,Bhubaneswar,1130.59,5,0,5652.94,5652.94,Cash on Delivery,5.0
ORD103934,2025-03-21,Electronics,West,Ahmedabad,46721.23,5,5,233606.15,221925.85,UPI,3.0
ORD100759,2025-03-21,Electronics,West,Surat,59448.06,1,0,59448.06,59448.06,Credit Card,3.2
ORD100455,2025-03-22,Sports,North,Delhi,10598.95,3,0,31796.84,31796.84,Debit Card,4.2
ORD100792,2025-03-22,Books,West,Mumbai,252.59,5,10,1262.95,1136.65,Credit Card,5.0
ORD102923,2025-03-22,Sports,North,Lucknow,1050.57,3,5,3151.72,2994.13,UPI,3.8
ORD102385,2025-03-22,Toys,South,Chennai,776.77,1,0,776.77,776.77,UPI,4.9
ORD101057,2025-03-23,Home & Kitchen,East,Kolkata,6585.29,1,20,6585.29,5268.24,UPI,4.4
ORD101647,2025-03-23,Electronics,West,Ahmedabad,24950.5,5,25,124752.5,93564.37,UPI,4.1
ORD103396,2025-03-23,Electronics,East,Guwahati,10793.0,1,10,10793.0,9713.7,Credit Card,3.6
ORD104359,2025-03-24,Beauty,West,Mumbai,2266.7,4,0,9066.8,9066.8,Credit Card,3.9
ORD101934,2025-03-24,Sports,West,Surat,4095.57,1,0,4095.57,4095.57,Credit Card,4.6
ORD102659,2025-03-24,Sports,East,Bhubaneswar,7451.34,3,5,22354.01,21236.31,Credit Card,3.6
ORD103209,2025-03-24,Home & Kitchen,South,Chennai,7055.25,4,5,28221.0,26809.95,Credit Card,2.9
ORD104591,2025-03-24,Sports,East,Bhubaneswar,4206.42,1,15,4206.42,3575.45,Credit Card,4.9
ORD100760,2025-03-24,Electronics,North,Lucknow,32336.75,4,10,129347.0,116412.3,Debit Card,4.8
ORD102510,2025-03-24,Electronics,West,Ahmedabad,8606.48,1,0,8606.48,8606.48,UPI,4.8
ORD102316,2025-03-24,Clothing,North,Lucknow,1864.27,4,5,7457.06,7084.21,Credit Card,4.0
ORD103952,2025-03-25,Sports,West,Mumbai,6181.74,3,20,18545.22,14836.17,Cash on Delivery,4.6
ORD103597,2025-03-25,Electronics,West,Mumbai,10264.27,3,10,30792.81,27713.53,UPI,5.0
ORD103011,2025-03-25,Books,East,Guwahati,1186.34,2,0,2372.68,2372.68,UPI,4.9
ORD104855,2025-03-25,Home & Kitchen,East,Bhubaneswar,1035.17,4,0,4140.69,4140.69,Credit Card,4.5
ORD104548,2025-03-25,Sports,East,Guwahati,2009.0,4,0,8036.0,8036.0,Credit Card,4.0
ORD103292,2025-03-25,Home & Kitchen,South,Chennai,7584.01,4,10,30336.04,27302.43,UPI,4.3
ORD101371,2025-03-25,Electronics,North,Delhi,8803.29,5,10,44016.43,39614.79,Cash on Delivery,3.1
ORD101466,2025-03-25,Toys,East,Patna,3241.33,1,10,3241.33,2917.19,Credit Card,3.7
ORD102092,2025-03-25,Home & Kitchen,North,Chandigarh,4683.6,3,5,14050.8,13348.26,Credit Card,3.0
ORD100811,2025-03-25,Beauty,East,Bhubaneswar,1972.26,4,0,7889.06,7889.06,Cash on Delivery,5.0
ORD100717,2025-03-25,Electronics,East,Kolkata,52447.1,4,0,209788.39,209788.39,UPI,4.1
ORD104262,2025-03-25,Home & Kitchen,West,Ahmedabad,7396.12,1,0,7396.12,7396.12,Credit Card,5.0
ORD103340,2025-03-26,Beauty,West,Ahmedabad,1256.3,4,5,5025.21,4773.95,UPI,4.7
ORD103605,2025-03-26,Clothing,East,Guwahati,3169.75,5,10,15848.74,14263.87,Credit Card,4.6
ORD104817,2025-03-26,Home & Kitchen,East,Patna,6598.64,5,10,32993.21,29693.88,UPI,4.8
ORD103989,2025-03-26,Electronics,North,Jaipur,49957.55,5,0,249787.73,249787.73,Cash on Delivery,3.3
ORD104610,2025-03-26,Electronics,South,Bengaluru,55664.38,5,5,278321.92,264405.83,UPI,2.9
ORD100638,2025-03-26,Sports,North,Lucknow,3120.46,1,0,3120.46,3120.46,UPI,4.4
ORD104233,2025-03-26,Sports,South,Coimbatore,6399.73,3,5,19199.2,18239.24,UPI,3.6
ORD103704,2025-03-27,Sports,East,Bhubaneswar,5162.15,1,20,5162.15,4129.72,Credit Card,3.9
ORD103680,2025-03-27,Clothing,West,Ahmedabad,2182.77,3,15,6548.31,5566.06,UPI,3.2
ORD101246,2025-03-27,Toys,North,Chandigarh,966.62,3,0,2899.86,2899.86,Cash on Delivery,5.0
ORD104345,2025-03-27,Books,West,Ahmedabad,424.51,2,10,849.02,764.12,Net Banking,2.6
ORD104223,2025-03-27,Toys,West,Surat,1464.09,2,10,2928.18,2635.36,Net Banking,5.0
ORD104265,2025-03-27,Electronics,East,Kolkata,29476.84,2,5,58953.68,56005.99,UPI,4.2
ORD102155,2025-03-27,Clothing,North,Delhi,2281.38,4,25,9125.51,6844.14,Credit Card,3.7
ORD104194,2025-03-27,Beauty,West,Mumbai,1953.0,2,10,3905.99,3515.39,UPI,4.8
ORD103898,2025-03-28,Books,South,Coimbatore,306.85,3,5,920.56,874.54,Debit Card,4.5
ORD101720,2025-03-28,Beauty,West,Surat,563.24,2,15,1126.48,957.5,Debit Card,5.0
ORD103265,2025-03-28,Books,East,Kolkata,859.56,4,25,3438.23,2578.67,UPI,3.4
ORD100272,2025-03-28,Clothing,South,Bengaluru,1045.18,2,5,2090.35,1985.84,Debit Card,3.9
ORD102270,2025-03-28,Books,South,Bengaluru,1193.67,1,20,1193.67,954.94,Credit Card,4.3
ORD100333,2025-03-28,Clothing,East,Guwahati,2087.14,1,0,2087.14,2087.14,UPI,3.6
ORD104208,2025-03-28,Home & Kitchen,East,Kolkata,780.43,5,0,3902.17,3902.17,UPI,5.0
ORD100469,2025-03-28,Clothing,South,Coimbatore,3796.31,3,5,11388.92,10819.47,Debit Card,3.7
ORD101580,2025-03-29,Toys,East,Patna,2959.64,1,5,2959.64,2811.66,Debit Card,4.5
ORD103047,2025-03-29,Electronics,North,Delhi,28419.68,1,5,28419.68,26998.7,UPI,4.3
ORD102093,2025-03-29,Sports,North,Jaipur,1247.78,3,15,3743.34,3181.84,Net Banking,4.1
ORD102063,2025-03-29,Clothing,South,Hyderabad,1484.37,1,0,1484.37,1484.37,Debit Card,4.6
ORD103302,2025-03-29,Beauty,South,Chennai,2179.67,4,10,8718.7,7846.83,Credit Card,2.9
ORD102956,2025-03-29,Toys,South,Chennai,2426.97,2,20,4853.94,3883.15,Debit Card,3.6
ORD104799,2025-03-30,Clothing,North,Delhi,1062.59,1,15,1062.59,903.2,UPI,2.8
ORD104486,2025-03-30,Clothing,South,Hyderabad,2106.47,2,0,4212.93,4212.93,UPI,4.8
ORD101329,2025-03-30,Electronics,North,Jaipur,59575.13,3,25,178725.4,134044.05,Credit Card,4.9
ORD102072,2025-03-30,Toys,East,Guwahati,1076.91,5,15,5384.57,4576.89,Cash on Delivery,5.0
ORD100060,2025-03-30,Clothing,East,Patna,2558.4,5,20,12791.98,10233.59,Credit Card,3.8
ORD103723,2025-03-30,Beauty,West,Pune,1576.32,4,0,6305.28,6305.28,UPI,4.1
ORD101754,2025-03-30,Home & Kitchen,North,Jaipur,5890.65,5,10,29453.27,26507.95,Credit Card,4.1
ORD102438,2025-03-30,Sports,South,Coimbatore,3982.23,3,0,11946.7,11946.7,Credit Card,3.5
ORD101653,2025-03-30,Books,North,Jaipur,858.38,3,10,2575.13,2317.62,UPI,4.3
ORD103184,2025-03-30,Beauty,South,Bengaluru,1447.1,3,20,4341.3,3473.04,Credit Card,3.9
ORD100567,2025-03-30,Clothing,South,Bengaluru,515.1,1,0,515.1,515.1,UPI,4.9
ORD102205,2025-03-30,Clothing,West,Pune,1701.66,1,10,1701.66,1531.49,Debit Card,3.4
ORD103256,2025-03-31,Electronics,East,Guwahati,2958.55,4,0,11834.21,11834.21,UPI,4.4
ORD100646,2025-03-31,Books,North,Delhi,708.77,5,5,3543.83,3366.64,UPI,3.9
ORD103632,2025-03-31,Home & Kitchen,West,Surat,3461.85,5,10,17309.24,15578.31,Debit Card,3.6
ORD103821,2025-03-31,Sports,South,Hyderabad,1840.86,4,10,7363.43,6627.08,Cash on Delivery,4.2
ORD100081,2025-03-31,Sports,North,Delhi,10868.0,2,0,21736.01,21736.01,Cash on Delivery,4.5
ORD100183,2025-03-31,Clothing,North,Jaipur,1167.0,2,10,2334.01,2100.6,Cash on Delivery,4.9
ORD102303,2025-03-31,Home & Kitchen,North,Delhi,3126.86,4,25,12507.44,9380.58,Cash on Delivery,4.7
ORD103867,2025-03-31,Electronics,West,Mumbai,11530.76,1,0,11530.76,11530.76,Credit Card,4.2
ORD103984,2025-03-31,Beauty,North,Lucknow,1969.87,3,0,5909.62,5909.62,UPI,3.5
ORD103815,2025-04-01,Electronics,East,Guwahati,35706.97,5,25,178534.87,133901.15,Credit Card,5.0
ORD100754,2025-04-01,Home & Kitchen,West,Mumbai,4497.72,4,5,17990.86,17091.32,UPI,2.9
ORD102404,2025-04-01,Clothing,West,Mumbai,2649.16,1,15,2649.16,2251.79,UPI,4.0
ORD104532,2025-04-01,Electronics,South,Coimbatore,13438.89,2,0,26877.78,26877.78,Debit Card,4.6
ORD103013,2025-04-01,Electronics,West,Surat,5586.32,1,0,5586.32,5586.32,UPI,3.8
ORD100537,2025-04-01,Beauty,West,Mumbai,2866.26,4,5,11465.03,10891.78,UPI,5.0
ORD100749,2025-04-02,Toys,East,Kolkata,1223.05,2,0,2446.11,2446.11,UPI,4.1
ORD104893,2025-04-02,Books,East,Kolkata,355.94,4,15,1423.75,1210.19,Cash on Delivery,4.2
ORD101218,2025-04-02,Home & Kitchen,North,Delhi,2396.51,4,0,9586.04,9586.04,UPI,3.7
ORD104816,2025-04-02,Sports,South,Bengaluru,4950.15,3,5,14850.44,14107.92,UPI,3.7
ORD104219,2025-04-02,Home & Kitchen,South,Hyderabad,7889.46,4,20,31557.85,25246.28,Credit Card,3.6
ORD101835,2025-04-03,Toys,South,Chennai,2926.09,1,5,2926.09,2779.78,UPI,3.7
ORD101692,2025-04-03,Home & Kitchen,West,Surat,431.19,5,5,2155.94,2048.15,Credit Card,4.3
ORD103888,2025-04-03,Clothing,North,Chandigarh,686.2,5,0,3431.02,3431.02,UPI,4.3
ORD103733,2025-04-03,Beauty,East,Bhubaneswar,2780.37,3,5,8341.12,7924.06,UPI,3.5
ORD101010,2025-04-03,Electronics,South,Hyderabad,27109.91,3,5,81329.74,77263.26,Credit Card,4.8
ORD102222,2025-04-03,Electronics,South,Coimbatore,59616.0,5,0,298080.02,298080.02,Credit Card,3.7
ORD101710,2025-04-03,Books,North,Chandigarh,1080.75,4,0,4323.02,4323.02,Debit Card,3.6
ORD100012,2025-04-03,Clothing,North,Jaipur,2657.25,5,20,13286.25,10629.0,UPI,3.5
ORD104824,2025-04-03,Toys,North,Lucknow,1150.11,2,0,2300.22,2300.22,Debit Card,4.7
ORD102141,2025-04-03,Electronics,East,Patna,20915.49,5,25,104577.43,78433.07,Net Banking,4.6
ORD101116,2025-04-04,Clothing,West,Surat,3981.31,1,5,3981.31,3782.25,Cash on Delivery,3.6
ORD100316,2025-04-04,Books,South,Hyderabad,688.24,1,25,688.24,516.18,Debit Card,4.1
ORD103065,2025-04-04,Beauty,East,Bhubaneswar,1413.99,3,0,4241.98,4241.98,UPI,4.4
ORD102305,2025-04-04,Clothing,West,Ahmedabad,2271.15,3,15,6813.44,5791.42,Cash on Delivery,5.0
ORD101936,2025-04-04,Books,West,Mumbai,1109.32,4,0,4437.29,4437.29,UPI,3.5
ORD100027,2025-04-04,Electronics,South,Chennai,24796.33,4,5,99185.3,94226.04,Net Banking,3.9
ORD101686,2025-04-04,Sports,North,Jaipur,1169.65,1,10,1169.65,1052.68,Net Banking,4.5
ORD100140,2025-04-05,Clothing,East,Patna,1550.53,4,5,6202.13,5892.02,Cash on Delivery,4.8
ORD100709,2025-04-05,Clothing,North,Jaipur,505.32,3,5,1515.95,1440.15,Debit Card,2.7
ORD100733,2025-04-05,Sports,East,Kolkata,4912.68,2,10,9825.37,8842.83,UPI,4.2
ORD102631,2025-04-05,Clothing,East,Kolkata,2440.5,4,10,9762.0,8785.8,UPI,4.0
ORD103865,2025-04-05,Electronics,West,Mumbai,40324.28,1,0,40324.28,40324.28,UPI,4.4
ORD102343,2025-04-06,Home & Kitchen,East,Bhubaneswar,808.75,2,5,1617.51,1536.63,UPI,4.5
ORD104053,2025-04-06,Toys,South,Bengaluru,757.94,5,5,3789.7,3600.21,UPI,3.2
ORD100082,2025-04-06,Books,East,Kolkata,1142.28,1,0,1142.28,1142.28,UPI,3.3
ORD100130,2025-04-06,Sports,West,Mumbai,4816.8,2,15,9633.59,8188.55,Credit Card,3.6
ORD104833,2025-04-06,Electronics,East,Kolkata,42969.28,4,25,171877.1,128907.83,UPI,3.5
ORD101126,2025-04-06,Beauty,South,Chennai,820.33,2,10,1640.67,1476.6,Debit Card,3.9
ORD102403,2025-04-07,Sports,East,Bhubaneswar,4201.58,5,10,21007.91,18907.12,Credit Card,4.7
ORD101792,2025-04-07,Clothing,West,Surat,1146.1,1,20,1146.1,916.88,UPI,4.1
ORD102622,2025-04-07,Home & Kitchen,North,Jaipur,1292.59,1,25,1292.59,969.44,UPI,4.0
ORD101568,2025-04-07,Home & Kitchen,West,Pune,7070.02,4,0,28280.09,28280.09,Debit Card,2.9
ORD102627,2025-04-07,Electronics,East,Kolkata,37377.08,4,0,149508.31,149508.31,Credit Card,2.2
ORD102556,2025-04-07,Home & Kitchen,West,Surat,980.97,2,10,1961.94,1765.75,Debit Card,4.0
ORD100244,2025-04-08,Clothing,South,Bengaluru,895.64,1,15,895.64,761.3,Cash on Delivery,4.5
ORD104239,2025-04-08,Home & Kitchen,West,Surat,3865.85,5,0,19329.26,19329.26,Credit Card,4.3
ORD102464,2025-04-09,Books,West,Mumbai,217.42,1,15,217.42,184.81,Debit Card,4.1
ORD103501,2025-04-09,Sports,West,Surat,10681.34,3,0,32044.03,32044.03,UPI,5.0
ORD103786,2025-04-09,Clothing,East,Guwahati,969.75,4,0,3879.0,3879.0,Debit Card,3.9
ORD104527,2025-04-09,Electronics,East,Bhubaneswar,17123.09,5,5,85615.47,81334.7,UPI,4.1
ORD103116,2025-04-09,Sports,North,Lucknow,6770.95,2,0,13541.91,13541.91,Debit Card,4.4
ORD104951,2025-04-09,Toys,West,Ahmedabad,230.18,2,5,460.37,437.35,UPI,5.0
ORD103649,2025-04-10,Clothing,East,Guwahati,3443.54,1,0,3443.54,3443.54,Cash on Delivery,4.7
ORD100834,2025-04-10,Clothing,North,Jaipur,838.6,3,25,2515.8,1886.85,Credit Card,4.4
ORD102322,2025-04-10,Electronics,South,Hyderabad,29355.11,1,15,29355.11,24951.85,UPI,4.6
ORD101413,2025-04-10,Clothing,North,Lucknow,3045.28,4,15,12181.11,10353.94,Net Banking,2.8
ORD102619,2025-04-10,Beauty,East,Kolkata,2851.18,5,25,14255.9,10691.93,Debit Card,2.5
ORD102354,2025-04-10,Clothing,North,Chandigarh,572.42,5,0,2862.11,2862.11,UPI,3.8
ORD102393,2025-04-11,Sports,West,Pune,9793.73,4,5,39174.92,37216.17,Cash on Delivery,4.4
ORD102507,2025-04-11,Electronics,South,Bengaluru,52615.59,4,5,210462.36,199939.25,Cash on Delivery,4.1
ORD100009,2025-04-11,Toys,North,Lucknow,730.24,3,15,2190.73,1862.12,UPI,2.6
ORD102396,2025-04-11,Home & Kitchen,East,Patna,224.16,3,0,672.49,672.49,UPI,4.1
ORD101363,2025-04-11,Books,East,Patna,306.46,5,0,1532.29,1532.29,UPI,4.4
ORD101651,2025-04-11,Toys,South,Bengaluru,3339.61,2,5,6679.22,6345.26,UPI,3.9
ORD103206,2025-04-11,Home & Kitchen,North,Delhi,1878.53,1,10,1878.53,1690.68,UPI,3.4
ORD104299,2025-04-12,Sports,North,Jaipur,2354.29,4,20,9417.15,7533.72,Cash on Delivery,4.1
ORD100953,2025-04-12,Electronics,East,Patna,6243.43,1,5,6243.43,5931.26,Net Banking,3.5
ORD104874,2025-04-12,Clothing,East,Kolkata,2851.11,3,0,8553.34,8553.34,UPI,3.2
ORD102955,2025-04-12,Clothing,West,Surat,557.41,3,0,1672.24,1672.24,UPI,4.3
ORD101175,2025-04-13,Toys,South,Chennai,1734.79,1,25,1734.79,1301.09,Debit Card,3.9
ORD101250,2025-04-13,Electronics,South,Hyderabad,46266.73,3,20,138800.2,111040.16,UPI,4.2
ORD103148,2025-04-13,Clothing,West,Surat,3912.34,1,5,3912.34,3716.73,UPI,5.0
ORD102701,2025-04-13,Clothing,South,Coimbatore,2051.96,5,10,10259.8,9233.82,Cash on Delivery,4.7
ORD100578,2025-04-13,Home & Kitchen,South,Hyderabad,6201.61,4,0,24806.42,24806.42,UPI,3.8
ORD100915,2025-04-14,Beauty,West,Mumbai,449.59,1,0,449.59,449.59,UPI,4.3
ORD102120,2025-04-14,Clothing,South,Bengaluru,2224.38,3,5,6673.14,6339.48,Debit Card,5.0
ORD104728,2025-04-14,Electronics,South,Coimbatore,31971.8,5,0,159858.99,159858.99,UPI,5.0
ORD100317,2025-04-14,Home & Kitchen,South,Bengaluru,2631.29,3,20,7893.86,6315.09,Debit Card,4.6
ORD104884,2025-04-15,Clothing,East,Patna,2370.7,1,5,2370.7,2252.16,Debit Card,3.3
ORD103692,2025-04-15,Beauty,East,Kolkata,1895.26,3,15,5685.79,4832.92,Cash on Delivery,4.0
ORD104083,2025-04-15,Clothing,East,Kolkata,2427.09,5,0,12135.43,12135.43,Net Banking,3.6
ORD100395,2025-04-15,Beauty,North,Delhi,2611.11,4,0,10444.43,10444.43,Debit Card,2.5
ORD103836,2025-04-15,Electronics,East,Guwahati,57009.72,5,10,285048.62,256543.76,UPI,3.9
ORD101268,2025-04-15,Home & Kitchen,West,Surat,7635.09,5,5,38175.43,36266.65,Net Banking,4.5
ORD102451,2025-04-15,Electronics,West,Mumbai,12952.53,5,10,64762.66,58286.4,Cash on Delivery,5.0
ORD103648,2025-04-15,Sports,North,Lucknow,11814.39,3,0,35443.16,35443.16,Cash on Delivery,4.2
ORD102264,2025-04-15,Sports,North,Lucknow,7586.14,3,0,22758.41,22758.41,Net Banking,2.6
ORD104529,2025-04-15,Beauty,West,Mumbai,1962.13,1,10,1962.13,1765.92,UPI,4.9
ORD100686,2025-04-15,Clothing,East,Patna,3839.23,5,5,19196.15,18236.35,UPI,4.7
ORD100195,2025-04-16,Sports,South,Bengaluru,8294.92,3,20,24884.76,19907.8,UPI,3.0
ORD102837,2025-04-16,Electronics,East,Patna,39725.64,1,5,39725.64,37739.36,Debit Card,3.6
ORD100103,2025-04-16,Electronics,West,Pune,18931.67,1,0,18931.67,18931.67,Debit Card,4.5
ORD102664,2025-04-17,Toys,East,Kolkata,560.8,1,0,560.8,560.8,Credit Card,3.8
ORD102081,2025-04-17,Toys,West,Pune,1660.36,5,15,8301.82,7056.55,UPI,3.7
ORD100171,2025-04-17,Toys,East,Guwahati,3222.19,4,15,12888.75,10955.44,Debit Card,4.3
ORD100258,2025-04-17,Toys,South,Hyderabad,3057.88,3,0,9173.63,9173.63,UPI,5.0
ORD100296,2025-04-17,Home & Kitchen,North,Jaipur,870.1,5,0,4350.51,4350.51,Debit Card,5.0
ORD103598,2025-04-18,Clothing,East,Guwahati,2023.54,3,10,6070.63,5463.57,UPI,4.7
ORD100899,2025-04-18,Clothing,West,Mumbai,3863.79,5,10,19318.93,17387.04,UPI,3.9
ORD100872,2025-04-18,Clothing,West,Surat,1044.01,5,5,5220.04,4959.04,UPI,4.5
ORD104190,2025-04-18,Books,East,Guwahati,613.86,1,5,613.86,583.17,Cash on Delivery,4.5
ORD104298,2025-04-18,Electronics,North,Jaipur,44326.52,1,10,44326.52,39893.87,Net Banking,4.6
ORD100437,2025-04-18,Home & Kitchen,South,Coimbatore,5649.36,5,0,28246.79,28246.79,UPI,4.1
ORD101674,2025-04-18,Toys,North,Lucknow,924.95,4,5,3699.81,3514.82,Credit Card,3.9
ORD100472,2025-04-18,Electronics,East,Kolkata,20165.89,1,0,20165.89,20165.89,Net Banking,5.0
ORD104068,2025-04-19,Electronics,East,Patna,52845.53,5,25,264227.66,198170.75,UPI,3.9
ORD101156,2025-04-19,Clothing,North,Delhi,3174.46,3,20,9523.38,7618.7,UPI,4.6
ORD103371,2025-04-19,Home & Kitchen,East,Guwahati,4317.27,1,15,4317.27,3669.68,Debit Card,4.2
ORD100495,2025-04-19,Electronics,East,Patna,41011.16,1,15,41011.16,34859.49,Cash on Delivery,4.0
ORD100032,2025-04-19,Electronics,West,Pune,52301.96,5,10,261509.79,235358.81,Debit Card,3.3
ORD100741,2025-04-20,Clothing,West,Surat,704.89,2,5,1409.78,1339.3,Debit Card,4.2
ORD102748,2025-04-20,Clothing,South,Chennai,316.07,3,5,948.2,900.79,Debit Card,4.5
ORD103019,2025-04-20,Home & Kitchen,South,Chennai,7654.64,3,15,22963.91,19519.32,Debit Card,4.3
ORD100036,2025-04-20,Electronics,North,Lucknow,35713.06,4,0,142852.24,142852.24,Cash on Delivery,4.3
ORD101183,2025-04-20,Sports,East,Bhubaneswar,1205.84,2,10,2411.68,2170.51,Credit Card,5.0
ORD101332,2025-04-20,Electronics,South,Hyderabad,58556.95,1,5,58556.95,55629.1,UPI,3.9
ORD100645,2025-04-20,Books,South,Coimbatore,863.16,1,10,863.16,776.84,UPI,4.1
ORD102943,2025-04-20,Books,West,Mumbai,1008.15,4,15,4032.59,3427.71,Cash on Delivery,4.4
ORD103477,2025-04-20,Electronics,South,Hyderabad,23915.04,3,5,71745.13,68157.88,UPI,4.3
ORD101223,2025-04-20,Sports,South,Coimbatore,7844.72,1,15,7844.72,6668.01,UPI,3.7
ORD103000,2025-04-20,Electronics,West,Mumbai,41772.09,5,10,208860.46,187974.41,Cash on Delivery,4.8
ORD101199,2025-04-21,Electronics,South,Coimbatore,22437.04,4,0,89748.15,89748.15,Credit Card,4.6
ORD100344,2025-04-21,Sports,North,Jaipur,11762.89,3,5,35288.68,33524.24,UPI,4.3
ORD103001,2025-04-21,Electronics,East,Patna,40743.55,5,15,203717.73,173160.07,Credit Card,4.3
ORD100382,2025-04-21,Beauty,North,Jaipur,2242.21,3,10,6726.63,6053.97,Cash on Delivery,4.8
ORD100072,2025-04-21,Sports,East,Kolkata,1826.9,5,0,9134.52,9134.52,UPI,3.5
ORD104277,2025-04-21,Electronics,South,Bengaluru,18326.49,4,5,73305.94,69640.65,UPI,4.4
ORD103139,2025-04-21,Toys,South,Coimbatore,2963.07,2,0,5926.13,5926.13,Credit Card,3.0
ORD102271,2025-04-21,Electronics,West,Surat,13086.8,3,5,39260.41,37297.39,UPI,5.0
ORD101478,2025-04-21,Books,West,Pune,788.95,3,0,2366.84,2366.84,UPI,5.0
ORD101435,2025-04-21,Home & Kitchen,West,Surat,3725.7,4,10,14902.8,13412.52,Cash on Delivery,4.8
ORD104172,2025-04-21,Toys,West,Pune,1373.47,4,25,5493.87,4120.4,Credit Card,2.8
ORD103958,2025-04-22,Electronics,West,Mumbai,34712.36,3,5,104137.08,98930.23,Credit Card,3.6
ORD101910,2025-04-22,Books,North,Delhi,437.12,2,5,874.23,830.52,Credit Card,4.0
ORD101390,2025-04-22,Electronics,North,Delhi,31761.85,5,0,158809.23,158809.23,UPI,4.4
ORD101063,2025-04-22,Home & Kitchen,West,Surat,7485.8,2,15,14971.6,12725.86,Debit Card,4.2
ORD103370,2025-04-23,Beauty,South,Hyderabad,1172.68,5,20,5863.39,4690.71,UPI,3.9
ORD104683,2025-04-23,Electronics,East,Bhubaneswar,44708.67,1,15,44708.67,38002.37,UPI,5.0
ORD104141,2025-04-24,Home & Kitchen,North,Jaipur,1573.83,2,0,3147.66,3147.66,UPI,3.9
ORD103160,2025-04-24,Electronics,East,Kolkata,4882.6,2,15,9765.2,8300.42,Cash on Delivery,4.2
ORD104814,2025-04-24,Clothing,West,Mumbai,421.82,2,0,843.64,843.64,UPI,3.5
ORD104402,2025-04-24,Sports,South,Bengaluru,3376.89,2,5,6753.79,6416.1,UPI,3.9
ORD104706,2025-04-24,Clothing,South,Coimbatore,1944.6,3,5,5833.81,5542.12,UPI,3.9
ORD104775,2025-04-24,Sports,East,Bhubaneswar,1018.98,3,15,3056.93,2598.39,UPI,3.5
ORD103524,2025-04-24,Electronics,West,Ahmedabad,18424.28,5,0,92121.4,92121.4,Debit Card,4.3
ORD100332,2025-04-25,Beauty,West,Pune,2680.28,3,20,8040.84,6432.67,Cash on Delivery,5.0
ORD102310,2025-04-25,Clothing,South,Bengaluru,2008.79,4,15,8035.15,6829.88,Debit Card,4.4
ORD104586,2025-04-25,Sports,East,Bhubaneswar,8639.74,5,10,43198.69,38878.82,UPI,3.6
ORD104335,2025-04-25,Books,South,Bengaluru,779.05,2,0,1558.09,1558.09,UPI,3.5
ORD100796,2025-04-25,Clothing,North,Delhi,1881.44,5,10,9407.18,8466.46,Credit Card,3.5
ORD102744,2025-04-25,Clothing,North,Lucknow,3916.15,4,0,15664.59,15664.59,Debit Card,3.6
ORD102064,2025-04-26,Sports,North,Chandigarh,8646.87,2,15,17293.75,14699.69,Cash on Delivery,5.0
ORD102371,2025-04-26,Beauty,North,Lucknow,2274.02,2,5,4548.03,4320.63,Debit Card,3.6
ORD103158,2025-04-26,Electronics,South,Bengaluru,9123.95,2,0,18247.91,18247.91,UPI,5.0
ORD104694,2025-04-26,Toys,South,Hyderabad,2695.93,1,0,2695.93,2695.93,Cash on Delivery,3.7
ORD101368,2025-04-26,Clothing,South,Bengaluru,367.89,5,5,1839.47,1747.5,Cash on Delivery,3.3
ORD101695,2025-04-26,Books,East,Kolkata,309.45,4,0,1237.79,1237.79,UPI,4.7
ORD102433,2025-04-27,Home & Kitchen,West,Surat,7319.78,2,5,14639.56,13907.58,UPI,4.3
ORD102367,2025-04-27,Electronics,North,Jaipur,34946.92,5,10,174734.58,157261.12,Credit Card,3.8
ORD104327,2025-04-27,Toys,East,Patna,534.6,3,0,1603.8,1603.8,UPI,2.6
ORD102522,2025-04-27,Books,South,Chennai,560.66,2,10,1121.32,1009.19,UPI,4.1
ORD102661,2025-04-27,Toys,East,Bhubaneswar,329.07,5,20,1645.36,1316.28,UPI,4.1
ORD102195,2025-04-27,Beauty,East,Guwahati,2776.46,4,0,11105.84,11105.84,Debit Card,5.0
ORD103043,2025-04-27,Clothing,East,Guwahati,1092.48,3,0,3277.45,3277.45,Cash on Delivery,4.4
ORD104214,2025-04-27,Home & Kitchen,North,Chandigarh,6372.98,1,10,6372.98,5735.69,Cash on Delivery,4.2
ORD103448,2025-04-27,Electronics,North,Jaipur,59094.11,3,0,177282.34,177282.34,UPI,3.5
ORD103810,2025-04-28,Home & Kitchen,South,Coimbatore,7916.47,4,0,31665.88,31665.88,Credit Card,5.0
ORD103631,2025-04-28,Electronics,East,Kolkata,48730.72,3,25,146192.16,109644.12,Credit Card,4.7
ORD100579,2025-04-28,Sports,West,Mumbai,9269.49,5,15,46347.43,39395.31,Credit Card,2.7
ORD101664,2025-04-28,Sports,West,Mumbai,10487.8,4,0,41951.21,41951.21,Debit Card,3.8
ORD104549,2025-04-29,Toys,North,Chandigarh,1744.39,5,0,8721.93,8721.93,Net Banking,4.4
ORD103281,2025-04-29,Electronics,North,Delhi,25341.64,2,0,50683.28,50683.28,Cash on Delivery,4.1
ORD100146,2025-04-29,Electronics,North,Lucknow,52487.77,1,15,52487.77,44614.61,Credit Card,4.2
ORD103403,2025-04-29,Toys,West,Mumbai,1823.37,3,5,5470.1,5196.6,UPI,4.3
ORD102429,2025-04-29,Books,South,Hyderabad,354.43,2,25,708.86,531.65,Debit Card,4.8
ORD104727,2025-04-29,Electronics,East,Patna,13323.17,5,25,66615.84,49961.88,Debit Card,4.9
ORD100892,2025-04-29,Clothing,West,Mumbai,3981.85,1,0,3981.85,3981.85,Cash on Delivery,5.0
ORD100045,2025-04-29,Electronics,West,Surat,54308.27,4,10,217233.09,195509.78,UPI,3.8
ORD101408,2025-04-29,Toys,East,Bhubaneswar,892.76,1,0,892.76,892.76,Credit Card,5.0
ORD104976,2025-04-29,Home & Kitchen,South,Bengaluru,7265.29,5,20,36326.45,29061.16,UPI,3.3
ORD101981,2025-04-29,Toys,North,Jaipur,1352.47,3,15,4057.4,3448.79,Debit Card,3.6
ORD104711,2025-04-29,Sports,West,Surat,8100.21,4,5,32400.84,30780.79,UPI,3.8
ORD102946,2025-04-29,Beauty,North,Chandigarh,2343.95,2,25,4687.89,3515.92,UPI,2.7
ORD103381,2025-04-30,Electronics,East,Bhubaneswar,18200.65,3,0,54601.94,54601.94,UPI,4.7
ORD102964,2025-04-30,Clothing,East,Bhubaneswar,811.87,2,0,1623.75,1623.75,Debit Card,3.2
ORD103004,2025-04-30,Home & Kitchen,South,Chennai,7134.28,4,0,28537.13,28537.13,UPI,4.6
ORD103476,2025-05-01,Clothing,East,Patna,3665.9,3,0,10997.69,10997.69,Debit Card,2.4
ORD100450,2025-05-02,Clothing,South,Bengaluru,1399.26,1,0,1399.26,1399.26,Debit Card,3.6
ORD103547,2025-05-02,Books,West,Ahmedabad,595.7,4,10,2382.8,2144.52,Credit Card,3.0
ORD103746,2025-05-02,Clothing,South,Hyderabad,3476.13,2,15,6952.26,5909.42,Debit Card,3.3
ORD102584,2025-05-02,Toys,West,Surat,1727.08,1,25,1727.08,1295.31,Net Banking,3.7
ORD100761,2025-05-02,Electronics,North,Chandigarh,6982.9,5,10,34914.52,31423.07,Debit Card,4.0
ORD104198,2025-05-02,Toys,South,Chennai,3074.52,2,0,6149.04,6149.04,Net Banking,4.3
ORD102570,2025-05-02,Beauty,East,Guwahati,649.84,5,10,3249.18,2924.26,Credit Card,5.0
ORD103425,2025-05-03,Clothing,West,Surat,1144.38,3,10,3433.15,3089.84,Cash on Delivery,4.0
ORD102054,2025-05-03,Electronics,East,Kolkata,37141.67,5,0,185708.36,185708.36,UPI,3.5
ORD103828,2025-05-03,Electronics,West,Pune,55555.49,5,5,277777.45,263888.58,Net Banking,4.8
ORD103882,2025-05-03,Home & Kitchen,West,Surat,3219.39,4,0,12877.58,12877.58,Cash on Delivery,4.6
ORD100253,2025-05-03,Electronics,North,Jaipur,55992.19,3,10,167976.56,151178.91,UPI,2.6
ORD101418,2025-05-03,Home & Kitchen,South,Bengaluru,1941.58,5,0,9707.89,9707.89,UPI,4.6
ORD101701,2025-05-03,Electronics,South,Bengaluru,36789.62,1,0,36789.62,36789.62,UPI,4.6
ORD104155,2025-05-03,Toys,North,Lucknow,702.9,3,20,2108.71,1686.97,Cash on Delivery,4.2
ORD104258,2025-05-03,Beauty,West,Surat,2213.41,4,10,8853.65,7968.29,Debit Card,5.0
ORD101441,2025-05-04,Electronics,East,Patna,20982.75,3,0,62948.24,62948.24,Cash on Delivery,4.3
ORD102862,2025-05-04,Toys,North,Delhi,1766.7,5,5,8833.49,8391.82,Credit Card,4.1
ORD104726,2025-05-04,Clothing,South,Hyderabad,3015.7,2,25,6031.41,4523.56,Debit Card,3.8
ORD101987,2025-05-04,Electronics,West,Ahmedabad,56613.44,5,0,283067.19,283067.19,Credit Card,4.7
ORD101544,2025-05-04,Sports,North,Delhi,11309.69,1,25,11309.69,8482.27,UPI,2.9
ORD104435,2025-05-04,Sports,West,Ahmedabad,3415.13,5,10,17075.66,15368.1,UPI,4.7
ORD100375,2025-05-04,Sports,South,Chennai,11824.01,2,10,23648.02,21283.21,UPI,4.9
ORD100113,2025-05-04,Toys,West,Ahmedabad,2062.57,4,0,8250.3,8250.3,Debit Card,4.0
ORD102332,2025-05-04,Home & Kitchen,East,Kolkata,3456.36,2,10,6912.71,6221.44,Debit Card,2.5
ORD103871,2025-05-05,Clothing,East,Bhubaneswar,2998.11,3,25,8994.34,6745.76,Cash on Delivery,4.9
ORD101245,2025-05-05,Clothing,East,Bhubaneswar,1627.67,4,5,6510.66,6185.13,Debit Card,4.5
ORD101365,2025-05-05,Electronics,North,Jaipur,38888.24,4,10,155552.94,139997.65,Credit Card,4.2
ORD102539,2025-05-05,Clothing,West,Pune,3243.03,1,5,3243.03,3080.88,Debit Card,3.0
ORD102663,2025-05-05,Electronics,North,Delhi,47391.43,1,20,47391.43,37913.14,Credit Card,3.4
ORD103924,2025-05-06,Sports,North,Chandigarh,3950.88,4,5,15803.5,15013.33,Net Banking,4.1
ORD103854,2025-05-06,Books,North,Lucknow,648.06,4,0,2592.22,2592.22,UPI,4.2
ORD103190,2025-05-06,Clothing,North,Jaipur,2252.14,5,15,11260.69,9571.59,Debit Card,4.2
ORD101730,2025-05-06,Sports,South,Bengaluru,3591.63,5,0,17958.14,17958.14,Credit Card,2.9
ORD102842,2025-05-06,Home & Kitchen,West,Mumbai,345.66,2,5,691.33,656.76,Net Banking,4.8
ORD100021,2025-05-06,Clothing,East,Kolkata,2437.24,1,0,2437.24,2437.24,UPI,3.9
ORD100600,2025-05-06,Home & Kitchen,West,Surat,7087.21,2,10,14174.42,12756.98,Credit Card,3.3
ORD104396,2025-05-07,Clothing,East,Patna,887.91,2,10,1775.82,1598.24,UPI,3.2
ORD101463,2025-05-07,Clothing,East,Patna,1656.09,5,15,8280.47,7038.4,UPI,4.5
ORD101527,2025-05-07,Beauty,North,Lucknow,1034.2,2,10,2068.4,1861.56,Debit Card,4.5
ORD100094,2025-05-07,Clothing,East,Patna,3361.84,3,5,10085.51,9581.24,Net Banking,3.5
ORD100528,2025-05-07,Home & Kitchen,North,Chandigarh,2899.67,3,0,8699.0,8699.0,Net Banking,3.8
ORD103914,2025-05-07,Home & Kitchen,South,Hyderabad,2684.36,1,25,2684.36,2013.27,Debit Card,5.0
ORD102457,2025-05-07,Electronics,South,Hyderabad,19859.43,5,0,99297.15,99297.15,Cash on Delivery,5.0
ORD104965,2025-05-08,Toys,West,Surat,3287.9,3,10,9863.71,8877.34,UPI,5.0
ORD104066,2025-05-08,Toys,West,Mumbai,1215.75,2,10,2431.49,2188.34,Credit Card,3.8
ORD102124,2025-05-08,Books,South,Hyderabad,860.81,4,5,3443.26,3271.09,UPI,3.0
ORD102411,2025-05-08,Electronics,North,Delhi,40752.29,1,5,40752.29,38714.67,Credit Card,3.7
ORD104434,2025-05-08,Clothing,North,Delhi,1204.75,5,0,6023.77,6023.77,Net Banking,5.0
ORD103519,2025-05-08,Clothing,North,Delhi,2726.46,4,0,10905.84,10905.84,Cash on Delivery,3.9
ORD102879,2025-05-08,Books,South,Hyderabad,327.82,4,25,1311.29,983.47,Credit Card,5.0
ORD103244,2025-05-08,Clothing,North,Chandigarh,2283.45,4,25,9133.8,6850.35,UPI,3.8
ORD102059,2025-05-08,Sports,South,Hyderabad,9920.63,2,5,19841.26,18849.19,UPI,3.5
ORD103146,2025-05-08,Electronics,North,Delhi,52775.22,1,0,52775.22,52775.22,Debit Card,4.6
ORD101299,2025-05-08,Toys,South,Hyderabad,620.49,3,10,1861.48,1675.33,Credit Card,4.3
ORD103960,2025-05-09,Beauty,North,Delhi,1998.07,3,5,5994.21,5694.5,Credit Card,3.8
ORD102000,2025-05-09,Electronics,South,Chennai,59821.64,1,20,59821.64,47857.31,Credit Card,4.4
ORD101774,2025-05-09,Beauty,South,Hyderabad,787.05,2,0,1574.11,1574.11,Credit Card,4.2
ORD102018,2025-05-09,Electronics,West,Ahmedabad,59984.33,5,25,299921.63,224941.23,Debit Card,3.7
ORD104319,2025-05-09,Books,West,Mumbai,428.37,2,0,856.74,856.74,Debit Card,4.2
ORD104541,2025-05-09,Toys,North,Delhi,236.24,3,0,708.72,708.72,Cash on Delivery,3.5
ORD104122,2025-05-10,Electronics,South,Bengaluru,59974.32,1,15,59974.32,50978.17,Cash on Delivery,4.4
ORD100617,2025-05-10,Toys,North,Lucknow,1050.27,5,5,5251.33,4988.76,Cash on Delivery,4.9
ORD103719,2025-05-10,Electronics,South,Coimbatore,30817.38,5,5,154086.88,146382.54,Credit Card,4.2
ORD102084,2025-05-11,Electronics,East,Bhubaneswar,18910.06,4,15,75640.25,64294.21,Credit Card,3.8
ORD101456,2025-05-11,Home & Kitchen,South,Coimbatore,5759.88,4,0,23039.53,23039.53,Debit Card,4.4
ORD100493,2025-05-11,Toys,North,Delhi,785.99,5,0,3929.94,3929.94,Credit Card,4.5
ORD101963,2025-05-11,Home & Kitchen,North,Delhi,2120.52,4,15,8482.08,7209.76,UPI,5.0
ORD102465,2025-05-11,Home & Kitchen,South,Hyderabad,7453.14,4,5,29812.55,28321.93,UPI,4.8
ORD103436,2025-05-11,Sports,North,Delhi,1024.65,2,25,2049.29,1536.97,Credit Card,3.4
ORD102599,2025-05-11,Beauty,South,Chennai,1847.15,2,0,3694.3,3694.3,UPI,4.9
ORD100352,2025-05-11,Clothing,North,Delhi,2685.97,1,0,2685.97,2685.97,Cash on Delivery,3.4
ORD101399,2025-05-11,Clothing,East,Patna,2549.25,1,10,2549.25,2294.32,Cash on Delivery,3.7
ORD100199,2025-05-11,Electronics,North,Jaipur,7072.06,4,10,28288.25,25459.43,UPI,4.1
ORD102106,2025-05-12,Beauty,South,Bengaluru,1973.31,2,5,3946.62,3749.29,Debit Card,4.5
ORD101385,2025-05-12,Sports,North,Delhi,2152.22,2,20,4304.44,3443.55,UPI,4.1
ORD101433,2025-05-12,Toys,South,Coimbatore,3421.4,4,0,13685.59,13685.59,UPI,2.8
ORD103443,2025-05-13,Home & Kitchen,West,Pune,1983.87,1,10,1983.87,1785.48,Credit Card,4.2
ORD100106,2025-05-13,Clothing,South,Bengaluru,1004.25,3,5,3012.74,2862.1,Cash on Delivery,3.8
ORD104593,2025-05-13,Home & Kitchen,South,Chennai,7527.2,4,20,30108.79,24087.03,UPI,3.7
ORD103500,2025-05-13,Home & Kitchen,East,Bhubaneswar,6848.9,2,0,13697.8,13697.8,UPI,4.1
ORD103998,2025-05-13,Clothing,South,Chennai,333.31,3,5,999.94,949.94,Debit Card,2.6
ORD104826,2025-05-13,Home & Kitchen,North,Chandigarh,4969.86,1,5,4969.86,4721.36,UPI,3.3
ORD104636,2025-05-13,Beauty,North,Lucknow,2076.56,1,10,2076.56,1868.91,Credit Card,4.1
ORD104561,2025-05-13,Clothing,South,Coimbatore,3738.96,1,10,3738.96,3365.06,Net Banking,3.8
ORD100516,2025-05-13,Electronics,West,Pune,49068.89,1,15,49068.89,41708.56,Credit Card,3.4
ORD102536,2025-05-13,Sports,East,Kolkata,8495.99,5,10,42479.95,38231.96,Cash on Delivery,2.7
ORD100620,2025-05-14,Toys,North,Lucknow,1789.61,1,0,1789.61,1789.61,Cash on Delivery,4.1
ORD104708,2025-05-14,Books,West,Pune,1172.52,5,0,5862.62,5862.62,Credit Card,3.3
ORD101276,2025-05-14,Toys,West,Surat,431.12,3,0,1293.35,1293.35,Cash on Delivery,3.1
ORD101058,2025-05-14,Sports,West,Mumbai,2684.69,2,15,5369.38,4563.97,Net Banking,3.9
ORD102674,2025-05-14,Electronics,West,Pune,34132.08,4,5,136528.32,129701.91,Net Banking,5.0
ORD103419,2025-05-14,Toys,South,Coimbatore,264.1,1,0,264.1,264.1,UPI,5.0
ORD102767,2025-05-14,Clothing,East,Bhubaneswar,1692.87,4,15,6771.48,5755.76,UPI,4.2
ORD102719,2025-05-14,Electronics,South,Coimbatore,46451.33,2,20,92902.66,74322.13,Credit Card,3.1
ORD102307,2025-05-14,Electronics,South,Chennai,11480.02,3,15,34440.07,29274.06,Debit Card,5.0
ORD101247,2025-05-14,Clothing,South,Chennai,1133.72,5,5,5668.58,5385.15,UPI,3.2
ORD104238,2025-05-14,Home & Kitchen,North,Lucknow,690.93,4,0,2763.71,2763.71,Debit Card,3.9
ORD101760,2025-05-15,Toys,South,Hyderabad,516.37,2,0,1032.74,1032.74,Cash on Delivery,4.9
ORD101372,2025-05-15,Beauty,South,Bengaluru,2227.28,3,25,6681.84,5011.38,Net Banking,3.2
ORD103083,2025-05-15,Home & Kitchen,East,Guwahati,5700.03,2,15,11400.06,9690.05,UPI,4.2
ORD101167,2025-05-15,Electronics,West,Pune,41977.99,2,10,83955.98,75560.38,Debit Card,4.7
ORD104829,2025-05-15,Home & Kitchen,South,Chennai,3751.79,2,5,7503.58,7128.4,Credit Card,5.0
ORD100526,2025-05-15,Clothing,West,Surat,1361.14,2,0,2722.29,2722.29,UPI,5.0
ORD103799,2025-05-15,Sports,East,Bhubaneswar,9814.96,3,5,29444.89,27972.64,Cash on Delivery,3.3
ORD101209,2025-05-16,Toys,East,Kolkata,3159.7,5,0,15798.49,15798.49,UPI,3.2
ORD100705,2025-05-16,Books,West,Pune,949.76,4,0,3799.03,3799.03,UPI,4.4
ORD101920,2025-05-16,Clothing,South,Coimbatore,1869.23,4,0,7476.9,7476.9,Credit Card,4.3
ORD103790,2025-05-16,Home & Kitchen,South,Hyderabad,4115.46,3,10,12346.38,11111.74,Debit Card,3.9
ORD103713,2025-05-16,Beauty,West,Surat,1667.09,3,20,5001.28,4001.02,Cash on Delivery,3.6
ORD100936,2025-05-17,Beauty,West,Mumbai,2884.07,3,10,8652.22,7787.0,Cash on Delivery,4.5
ORD100121,2025-05-17,Beauty,North,Chandigarh,1743.77,4,5,6975.09,6626.33,Cash on Delivery,3.6
ORD100134,2025-05-17,Electronics,North,Jaipur,25742.89,5,15,128714.46,109407.29,Cash on Delivery,4.7
ORD101047,2025-05-17,Electronics,North,Chandigarh,11464.4,5,10,57322.0,51589.8,Cash on Delivery,3.5
ORD104419,2025-05-17,Toys,East,Patna,1311.89,5,10,6559.43,5903.49,Credit Card,2.9
ORD100308,2025-05-18,Electronics,North,Lucknow,3705.3,3,20,11115.89,8892.71,Debit Card,5.0
ORD104429,2025-05-18,Beauty,South,Coimbatore,1266.23,4,15,5064.93,4305.19,UPI,4.1
ORD102938,2025-05-18,Home & Kitchen,West,Ahmedabad,5137.63,5,15,25688.17,21834.95,UPI,3.7
ORD104127,2025-05-18,Electronics,South,Hyderabad,46532.73,3,5,139598.18,132618.27,UPI,5.0
ORD103820,2025-05-18,Beauty,North,Lucknow,2452.94,3,0,7358.83,7358.83,Credit Card,3.8
ORD104798,2025-05-18,Toys,East,Kolkata,2963.89,4,20,11855.58,9484.46,UPI,4.9
ORD101924,2025-05-18,Electronics,West,Ahmedabad,8641.66,2,5,17283.32,16419.16,UPI,3.5
ORD100959,2025-05-18,Clothing,South,Chennai,3396.68,3,0,10190.03,10190.03,Debit Card,3.6
ORD104696,2025-05-18,Home & Kitchen,North,Delhi,684.04,2,10,1368.07,1231.27,Debit Card,3.8
ORD104144,2025-05-19,Electronics,North,Jaipur,54963.07,3,15,164889.21,140155.83,UPI,4.6
ORD102766,2025-05-19,Beauty,East,Patna,1808.28,2,0,3616.55,3616.55,Cash on Delivery,4.3
ORD102515,2025-05-19,Sports,West,Ahmedabad,8076.93,4,0,32307.73,32307.73,Cash on Delivery,3.1
ORD104067,2025-05-19,Beauty,South,Bengaluru,2444.63,3,15,7333.88,6233.8,Debit Card,5.0
ORD100652,2025-05-19,Home & Kitchen,West,Mumbai,4684.3,1,5,4684.3,4450.09,Credit Card,3.8
ORD104632,2025-05-19,Sports,West,Mumbai,11690.35,5,0,58451.74,58451.74,UPI,3.6
ORD100043,2025-05-19,Beauty,West,Mumbai,2543.49,4,25,10173.95,7630.46,Debit Card,5.0
ORD104760,2025-05-19,Beauty,East,Guwahati,912.47,3,15,2737.41,2326.8,Credit Card,3.3
ORD103180,2025-05-19,Sports,East,Bhubaneswar,1807.25,4,15,7229.0,6144.65,UPI,3.8
ORD103325,2025-05-19,Clothing,North,Delhi,2843.69,1,10,2843.69,2559.32,Debit Card,3.2
ORD100387,2025-05-20,Home & Kitchen,East,Bhubaneswar,6917.61,1,5,6917.61,6571.73,UPI,5.0
ORD101277,2025-05-20,Books,North,Jaipur,552.2,2,20,1104.39,883.51,Cash on Delivery,3.7
ORD100571,2025-05-20,Home & Kitchen,South,Hyderabad,5649.52,2,5,11299.05,10734.1,UPI,5.0
ORD101533,2025-05-20,Home & Kitchen,South,Bengaluru,7901.41,2,0,15802.82,15802.82,Credit Card,3.7
ORD102987,2025-05-20,Home & Kitchen,West,Ahmedabad,7853.16,1,25,7853.16,5889.87,Credit Card,3.8
ORD100888,2025-05-20,Clothing,South,Bengaluru,2694.84,5,25,13474.21,10105.66,Debit Card,3.3
ORD100169,2025-05-20,Sports,North,Lucknow,3258.2,1,0,3258.2,3258.2,UPI,2.7
ORD101366,2025-05-21,Clothing,East,Kolkata,2224.66,1,20,2224.66,1779.73,UPI,4.1
ORD104680,2025-05-21,Clothing,West,Mumbai,1965.52,2,5,3931.04,3734.49,UPI,4.6
ORD103861,2025-05-21,Beauty,East,Bhubaneswar,757.14,3,10,2271.41,2044.27,Credit Card,3.8
ORD103088,2025-05-21,Beauty,East,Kolkata,1426.07,1,5,1426.07,1354.76,UPI,3.4
ORD104380,2025-05-21,Beauty,South,Bengaluru,503.87,2,25,1007.74,755.81,UPI,3.2
ORD101722,2025-05-21,Sports,West,Mumbai,11759.72,3,10,35279.15,31751.24,UPI,5.0
ORD100886,2025-05-22,Home & Kitchen,East,Guwahati,1941.86,1,25,1941.86,1456.39,UPI,3.8
ORD102942,2025-05-22,Electronics,South,Coimbatore,13526.32,5,10,67631.61,60868.45,Credit Card,3.2
ORD104342,2025-05-22,Clothing,South,Chennai,529.44,2,5,1058.87,1005.93,Debit Card,3.6
ORD100654,2025-05-22,Clothing,West,Pune,499.29,3,0,1497.87,1497.87,UPI,4.3
ORD103602,2025-05-22,Books,West,Mumbai,222.73,5,10,1113.67,1002.3,Credit Card,4.3
ORD103111,2025-05-22,Beauty,East,Bhubaneswar,806.23,3,0,2418.68,2418.68,Net Banking,5.0
ORD104827,2025-05-22,Electronics,West,Mumbai,36432.91,5,0,182164.57,182164.57,Credit Card,4.5
ORD100807,2025-05-22,Home & Kitchen,East,Guwahati,3592.58,2,15,7185.15,6107.38,UPI,4.5
ORD104166,2025-05-23,Home & Kitchen,North,Delhi,3525.26,2,10,7050.53,6345.48,UPI,4.1
ORD102211,2025-05-23,Books,South,Hyderabad,1007.91,5,0,5039.53,5039.53,Debit Card,4.2
ORD104438,2025-05-23,Sports,East,Bhubaneswar,1376.81,3,0,4130.43,4130.43,Credit Card,4.6
ORD102308,2025-05-23,Books,North,Chandigarh,333.56,4,20,1334.25,1067.4,Cash on Delivery,4.9
ORD100062,2025-05-23,Beauty,West,Ahmedabad,319.82,2,5,639.65,607.66,UPI,5.0
ORD103452,2025-05-23,Books,South,Chennai,846.71,1,5,846.71,804.37,UPI,3.0
ORD104582,2025-05-23,Books,East,Bhubaneswar,864.14,3,0,2592.43,2592.43,UPI,5.0
ORD104092,2025-05-23,Electronics,West,Pune,11836.43,5,20,59182.15,47345.72,Cash on Delivery,5.0
ORD102441,2025-05-24,Home & Kitchen,East,Kolkata,6253.49,1,0,6253.49,6253.49,Debit Card,4.0
ORD102472,2025-05-24,Beauty,East,Patna,2564.76,3,0,7694.27,7694.27,UPI,3.4
ORD100203,2025-05-24,Sports,North,Lucknow,10698.4,4,15,42793.62,36374.57,Cash on Delivery,4.8
ORD100295,2025-05-24,Home & Kitchen,North,Delhi,4066.39,5,0,20331.94,20331.94,Cash on Delivery,3.1
ORD103510,2025-05-25,Beauty,North,Lucknow,195.55,2,0,391.1,391.1,UPI,4.3
ORD104946,2025-05-25,Home & Kitchen,South,Chennai,5676.27,3,10,17028.82,15325.94,Debit Card,4.5
ORD104891,2025-05-25,Sports,South,Chennai,11672.37,1,15,11672.37,9921.52,Cash on Delivery,4.2
ORD100985,2025-05-25,Toys,South,Chennai,2991.47,1,0,2991.47,2991.47,Debit Card,5.0
ORD100737,2025-05-25,Electronics,West,Pune,45812.72,2,20,91625.43,73300.35,UPI,3.3
ORD100237,2025-05-25,Books,East,Bhubaneswar,243.21,4,5,972.85,924.21,Credit Card,4.6
ORD101973,2025-05-25,Clothing,North,Jaipur,2345.11,4,10,9380.43,8442.39,Credit Card,3.5
ORD100034,2025-05-25,Books,South,Chennai,504.33,2,10,1008.65,907.79,Debit Card,4.4
ORD104109,2025-05-25,Electronics,East,Bhubaneswar,20842.58,5,5,104212.92,99002.27,Cash on Delivery,3.8
ORD100249,2025-05-25,Toys,West,Mumbai,1629.73,1,10,1629.73,1466.76,Credit Card,2.7
ORD100622,2025-05-25,Electronics,South,Bengaluru,28171.58,4,5,112686.32,107052.0,Debit Card,4.9
ORD104464,2025-05-26,Beauty,North,Chandigarh,1817.85,3,10,5453.55,4908.2,UPI,5.0
ORD101347,2025-05-26,Clothing,West,Ahmedabad,1303.05,4,10,5212.21,4690.98,UPI,5.0
ORD100392,2025-05-26,Home & Kitchen,East,Kolkata,4558.96,4,0,18235.84,18235.84,UPI,5.0
ORD101893,2025-05-26,Home & Kitchen,East,Bhubaneswar,7139.74,5,25,35698.7,26774.03,UPI,2.9
ORD103976,2025-05-26,Books,West,Mumbai,617.05,1,15,617.05,524.49,UPI,3.3
ORD100339,2025-05-26,Electronics,South,Bengaluru,2607.27,5,0,13036.33,13036.33,Debit Card,4.2
ORD101014,2025-05-27,Beauty,East,Patna,1594.03,4,5,6376.12,6057.31,UPI,3.8
ORD100444,2025-05-27,Books,North,Chandigarh,294.65,5,10,1473.26,1325.93,Credit Card,5.0
ORD100681,2025-05-27,Clothing,North,Lucknow,3679.01,2,5,7358.02,6990.12,Cash on Delivery,4.0
ORD100839,2025-05-27,Beauty,South,Chennai,1273.39,5,20,6366.93,5093.54,UPI,4.7
ORD101953,2025-05-27,Sports,North,Chandigarh,4293.36,4,0,17173.43,17173.43,UPI,3.2
ORD102884,2025-05-28,Books,East,Bhubaneswar,295.46,1,15,295.46,251.14,Net Banking,3.8
ORD104309,2025-05-28,Toys,North,Jaipur,1294.23,5,15,6471.17,5500.5,Cash on Delivery,4.6
ORD104226,2025-05-28,Books,South,Coimbatore,671.83,2,10,1343.66,1209.29,Debit Card,4.5
ORD104751,2025-05-28,Home & Kitchen,West,Pune,4465.62,5,5,22328.1,21211.7,UPI,4.5
ORD103130,2025-05-28,Beauty,East,Patna,1467.99,4,25,5871.94,4403.96,Net Banking,3.8
ORD103305,2025-05-28,Sports,East,Patna,6847.09,3,15,20541.28,17460.09,UPI,3.9
ORD101263,2025-05-28,Electronics,West,Surat,34989.68,5,10,174948.42,157453.58,UPI,3.1
ORD104842,2025-05-29,Books,East,Guwahati,926.91,2,5,1853.82,1761.13,Credit Card,3.1
ORD101842,2025-05-29,Electronics,East,Bhubaneswar,57711.15,3,10,173133.45,155820.1,Credit Card,3.3
ORD104104,2025-05-29,Books,West,Surat,971.12,4,5,3884.48,3690.25,Net Banking,4.6
ORD102285,2025-05-29,Toys,North,Delhi,3377.4,3,0,10132.21,10132.21,Debit Card,3.9
ORD102714,2025-05-29,Clothing,West,Surat,1610.93,2,0,3221.87,3221.87,UPI,4.3
ORD104180,2025-05-29,Toys,East,Patna,1335.32,2,0,2670.64,2670.64,Credit Card,5.0
ORD102658,2025-05-29,Clothing,North,Delhi,1050.66,5,0,5253.3,5253.3,Cash on Delivery,4.5
ORD102638,2025-05-29,Electronics,South,Chennai,14714.53,2,5,29429.07,27957.61,Debit Card,2.4
ORD103838,2025-05-30,Sports,West,Surat,1626.59,2,10,3253.19,2927.87,UPI,4.1
ORD100335,2025-05-30,Home & Kitchen,South,Hyderabad,3602.71,3,15,10808.12,9186.9,Cash on Delivery,5.0
ORD100489,2025-05-30,Electronics,West,Surat,20696.61,1,5,20696.61,19661.78,Net Banking,3.9
ORD104999,2025-05-30,Beauty,North,Jaipur,253.94,3,10,761.83,685.65,UPI,4.7
ORD103055,2025-05-30,Clothing,East,Kolkata,3179.98,3,0,9539.93,9539.93,Debit Card,4.6
ORD101457,2025-05-30,Clothing,South,Chennai,3807.79,2,0,7615.59,7615.59,Cash on Delivery,5.0
ORD102711,2025-05-30,Home & Kitchen,North,Lucknow,6288.49,4,10,25153.95,22638.55,Credit Card,4.2
ORD100938,2025-05-30,Clothing,West,Mumbai,2550.7,3,0,7652.1,7652.1,Debit Card,3.7
ORD101881,2025-05-30,Electronics,South,Hyderabad,24140.23,2,5,48280.45,45866.43,Debit Card,3.1
ORD101698,2025-05-30,Electronics,West,Pune,19729.15,1,5,19729.15,18742.69,Credit Card,4.6
ORD101535,2025-05-31,Sports,South,Coimbatore,10790.23,2,0,21580.46,21580.46,UPI,4.1
ORD100611,2025-05-31,Books,East,Kolkata,1047.29,5,5,5236.47,4974.64,Cash on Delivery,4.0
ORD101076,2025-05-31,Clothing,South,Chennai,3949.17,2,10,7898.35,7108.51,Credit Card,3.3
ORD102245,2025-05-31,Sports,North,Chandigarh,11815.69,5,20,59078.44,47262.75,Credit Card,4.4
ORD103461,2025-05-31,Electronics,West,Ahmedabad,17313.81,4,20,69255.24,55404.19,Net Banking,4.0
ORD102294,2025-05-31,Electronics,South,Bengaluru,3180.0,3,5,9540.01,9063.01,Credit Card,2.4
ORD102017,2025-05-31,Sports,East,Patna,2003.05,1,15,2003.05,1702.6,Credit Card,3.7
ORD103478,2025-05-31,Sports,East,Kolkata,8059.03,4,0,32236.13,32236.13,Net Banking,3.1
ORD102883,2025-05-31,Clothing,West,Pune,2064.5,3,0,6193.5,6193.5,Credit Card,4.0
ORD102395,2025-05-31,Clothing,East,Guwahati,1120.15,4,0,4480.61,4480.61,Credit Card,3.7
ORD104790,2025-05-31,Electronics,East,Patna,50250.85,5,0,251254.23,251254.23,UPI,4.0
ORD104250,2025-05-31,Home & Kitchen,East,Guwahati,5518.58,2,25,11037.16,8277.87,Debit Card,3.8
ORD100923,2025-06-01,Clothing,North,Chandigarh,2321.35,2,5,4642.69,4410.56,Cash on Delivery,4.4
ORD104291,2025-06-01,Clothing,West,Mumbai,952.06,1,15,952.06,809.25,Credit Card,4.5
ORD100347,2025-06-01,Sports,East,Kolkata,5986.87,1,10,5986.87,5388.19,Cash on Delivery,3.1
ORD103910,2025-06-01,Clothing,North,Delhi,3943.81,2,10,7887.63,7098.86,Cash on Delivery,3.3
ORD104657,2025-06-01,Toys,North,Delhi,2513.45,2,20,5026.89,4021.51,Credit Card,4.4
ORD100740,2025-06-01,Books,West,Surat,949.62,5,25,4748.09,3561.07,Credit Card,4.3
ORD100603,2025-06-02,Electronics,South,Chennai,25831.12,2,0,51662.23,51662.23,Credit Card,3.9
ORD102434,2025-06-02,Clothing,West,Mumbai,1078.6,5,0,5393.01,5393.01,Debit Card,4.8
ORD102830,2025-06-02,Beauty,North,Chandigarh,312.43,3,5,937.3,890.44,UPI,5.0
ORD103803,2025-06-02,Books,East,Guwahati,1080.86,1,5,1080.86,1026.82,Credit Card,4.8
ORD104230,2025-06-02,Sports,South,Bengaluru,5686.43,5,0,28432.14,28432.14,UPI,4.9
ORD101430,2025-06-02,Clothing,East,Patna,3727.54,4,10,14910.17,13419.15,Cash on Delivery,5.0
ORD104938,2025-06-02,Home & Kitchen,North,Jaipur,1492.6,3,20,4477.8,3582.24,Credit Card,4.0
ORD102967,2025-06-03,Home & Kitchen,North,Chandigarh,762.65,5,5,3813.23,3622.57,UPI,4.0
ORD103266,2025-06-03,Beauty,West,Ahmedabad,1509.11,3,0,4527.32,4527.32,Credit Card,4.2
ORD102544,2025-06-03,Electronics,South,Coimbatore,37663.21,4,10,150652.84,135587.55,Debit Card,3.7
ORD103459,2025-06-03,Electronics,West,Surat,50390.37,4,5,201561.47,191483.39,UPI,4.6
ORD103954,2025-06-03,Electronics,West,Ahmedabad,30230.7,3,0,90692.09,90692.09,Credit Card,5.0
ORD101908,2025-06-03,Sports,West,Surat,10512.69,1,0,10512.69,10512.69,UPI,2.3
ORD104736,2025-06-03,Sports,North,Lucknow,8688.1,5,0,43440.49,43440.49,Cash on Delivery,5.0
ORD103912,2025-06-03,Home & Kitchen,North,Delhi,7299.61,5,0,36498.04,36498.04,Credit Card,5.0
ORD101739,2025-06-03,Toys,East,Guwahati,2011.86,1,0,2011.86,2011.86,Credit Card,4.6
ORD100820,2025-06-03,Electronics,South,Chennai,26749.51,3,5,80248.52,76236.1,Credit Card,3.8
ORD101540,2025-06-04,Toys,North,Lucknow,1713.82,3,5,5141.46,4884.39,Credit Card,3.7
ORD102168,2025-06-04,Sports,North,Jaipur,1465.84,3,25,4397.51,3298.14,Cash on Delivery,3.8
ORD101567,2025-06-04,Electronics,West,Pune,39823.61,5,0,199118.03,199118.03,UPI,4.6
ORD104139,2025-06-04,Electronics,East,Kolkata,25141.75,5,0,125708.73,125708.73,UPI,2.4
ORD101757,2025-06-04,Clothing,North,Chandigarh,1928.64,2,5,3857.29,3664.42,Debit Card,4.0
ORD100099,2025-06-04,Electronics,West,Ahmedabad,56945.11,2,15,113890.22,96806.69,Debit Card,4.4
ORD101291,2025-06-04,Electronics,North,Lucknow,56967.52,3,5,170902.57,162357.44,Credit Card,5.0
ORD100481,2025-06-05,Beauty,West,Pune,867.78,4,0,3471.13,3471.13,Credit Card,4.3
ORD101075,2025-06-05,Electronics,East,Kolkata,42911.68,1,0,42911.68,42911.68,Cash on Delivery,3.6
ORD102579,2025-06-05,Beauty,South,Hyderabad,1139.42,3,10,3418.27,3076.44,Debit Card,4.9
ORD102207,2025-06-06,Electronics,East,Patna,11209.84,3,5,33629.53,31948.06,Credit Card,3.7
ORD103922,2025-06-06,Toys,North,Chandigarh,1835.14,1,5,1835.14,1743.38,UPI,4.0
ORD101265,2025-06-06,Clothing,North,Delhi,3235.0,2,5,6470.0,6146.5,Debit Card,3.6
ORD102578,2025-06-06,Beauty,South,Hyderabad,1177.04,4,0,4708.17,4708.17,UPI,3.6
ORD103703,2025-06-06,Electronics,West,Pune,23071.64,5,10,115358.22,103822.39,UPI,3.1
ORD104966,2025-06-06,Electronics,West,Ahmedabad,14277.8,4,15,57111.2,48544.52,Credit Card,4.1
ORD100842,2025-06-07,Beauty,West,Ahmedabad,2574.72,1,5,2574.72,2445.99,Debit Card,4.4
ORD101848,2025-06-07,Beauty,South,Hyderabad,1108.9,5,5,5544.48,5267.26,UPI,3.4
ORD102976,2025-06-07,Books,South,Hyderabad,811.83,4,0,3247.32,3247.32,UPI,3.0
ORD101728,2025-06-07,Books,East,Bhubaneswar,1004.1,3,0,3012.29,3012.29,Net Banking,4.4
ORD101670,2025-06-07,Electronics,East,Patna,19357.85,3,15,58073.56,49362.52,Credit Card,4.7
ORD101635,2025-06-07,Toys,West,Surat,2077.58,2,5,4155.16,3947.4,Debit Card,3.9
ORD103482,2025-06-07,Electronics,East,Bhubaneswar,48490.83,2,20,96981.65,77585.32,Cash on Delivery,4.1
ORD101392,2025-06-07,Home & Kitchen,East,Bhubaneswar,6194.15,1,5,6194.15,5884.45,UPI,4.8
ORD100549,2025-06-08,Electronics,South,Hyderabad,38148.14,2,20,76296.27,61037.02,UPI,4.0
ORD100153,2025-06-08,Electronics,East,Patna,54115.63,3,10,162346.9,146112.21,UPI,4.8
ORD103754,2025-06-08,Beauty,West,Ahmedabad,813.16,1,0,813.16,813.16,UPI,3.6
ORD100903,2025-06-08,Beauty,East,Bhubaneswar,1985.99,1,0,1985.99,1985.99,Debit Card,4.5
ORD104212,2025-06-08,Home & Kitchen,South,Bengaluru,5498.2,2,0,10996.41,10996.41,Cash on Delivery,4.1
ORD103765,2025-06-08,Toys,East,Kolkata,2024.58,2,15,4049.16,3441.78,Net Banking,3.2
ORD101638,2025-06-08,Home & Kitchen,South,Coimbatore,2072.75,1,15,2072.75,1761.84,Credit Card,4.6
ORD100386,2025-06-08,Home & Kitchen,East,Bhubaneswar,4202.0,5,10,21010.01,18909.01,UPI,5.0
ORD101913,2025-06-09,Clothing,East,Guwahati,1378.57,2,20,2757.14,2205.71,Debit Card,4.4
ORD102347,2025-06-09,Electronics,West,Ahmedabad,10940.01,1,15,10940.01,9299.01,UPI,4.3
ORD101290,2025-06-09,Sports,North,Delhi,1623.24,1,10,1623.24,1460.91,Debit Card,4.1
ORD102713,2025-06-09,Home & Kitchen,North,Delhi,7587.06,4,15,30348.25,25796.01,UPI,4.3
ORD100871,2025-06-09,Clothing,North,Chandigarh,2281.76,2,15,4563.51,3878.98,Cash on Delivery,3.0
ORD100879,2025-06-09,Toys,East,Bhubaneswar,1569.0,2,0,3138.0,3138.0,Debit Card,4.0
ORD104273,2025-06-09,Clothing,South,Hyderabad,2069.68,1,5,2069.68,1966.19,UPI,3.6
ORD101444,2025-06-09,Electronics,West,Mumbai,32979.18,1,0,32979.18,32979.18,Net Banking,4.1
ORD101037,2025-06-09,Home & Kitchen,South,Hyderabad,4099.33,4,5,16397.33,15577.46,UPI,4.5
ORD100678,2025-06-09,Home & Kitchen,South,Hyderabad,4416.13,5,0,22080.64,22080.64,Credit Card,2.9
ORD102437,2025-06-09,Clothing,West,Surat,706.06,5,5,3530.32,3353.8,Cash on Delivery,4.3
ORD101725,2025-06-10,Sports,West,Ahmedabad,626.54,3,0,1879.63,1879.63,Net Banking,4.1
ORD101751,2025-06-10,Electronics,West,Surat,3466.14,3,0,10398.42,10398.42,UPI,4.9
ORD101455,2025-06-10,Sports,West,Surat,9753.15,5,10,48765.76,43889.19,Credit Card,4.8
ORD103172,2025-06-10,Electronics,West,Ahmedabad,43399.58,5,15,216997.92,184448.24,UPI,2.5
ORD103729,2025-06-11,Home & Kitchen,South,Coimbatore,3265.69,1,5,3265.69,3102.4,Credit Card,4.6
ORD104415,2025-06-11,Electronics,North,Jaipur,5599.85,2,15,11199.7,9519.74,Credit Card,3.7
ORD103587,2025-06-11,Home & Kitchen,North,Lucknow,4974.24,4,15,19896.96,16912.42,Debit Card,4.4
ORD103806,2025-06-11,Sports,East,Bhubaneswar,11242.88,1,5,11242.88,10680.73,UPI,4.3
ORD104735,2025-06-11,Beauty,North,Lucknow,2983.79,4,15,11935.14,10144.87,Cash on Delivery,4.4
ORD104126,2025-06-11,Beauty,West,Surat,2954.07,4,20,11816.28,9453.03,UPI,5.0
ORD104616,2025-06-12,Clothing,South,Bengaluru,1845.39,1,10,1845.39,1660.85,UPI,4.2
ORD103484,2025-06-12,Sports,West,Pune,7455.61,4,5,29822.44,28331.31,UPI,3.8
ORD103237,2025-06-12,Books,North,Chandigarh,1003.25,5,20,5016.24,4012.99,Debit Card,2.6
ORD102877,2025-06-12,Toys,South,Bengaluru,737.4,3,0,2212.21,2212.21,Net Banking,2.9
ORD101159,2025-06-12,Beauty,East,Bhubaneswar,1283.77,2,10,2567.55,2310.79,Credit Card,3.3
ORD103851,2025-06-12,Books,South,Bengaluru,757.08,5,10,3785.39,3406.85,Cash on Delivery,4.4
ORD104461,2025-06-13,Home & Kitchen,North,Jaipur,6589.18,4,20,26356.71,21085.37,UPI,3.4
ORD101905,2025-06-13,Electronics,North,Lucknow,42061.26,5,5,210306.29,199790.98,UPI,3.7
ORD102601,2025-06-13,Clothing,North,Jaipur,865.18,4,15,3460.74,2941.63,Credit Card,4.5
ORD100635,2025-06-14,Books,East,Patna,1064.26,2,0,2128.53,2128.53,UPI,3.7
ORD102226,2025-06-14,Electronics,South,Bengaluru,20962.4,5,15,104812.02,89090.22,Cash on Delivery,5.0
ORD102183,2025-06-14,Clothing,East,Guwahati,3659.76,4,10,14639.04,13175.14,Credit Card,3.9
ORD102907,2025-06-15,Toys,West,Ahmedabad,1935.57,1,20,1935.57,1548.46,Credit Card,3.6
ORD101271,2025-06-15,Home & Kitchen,South,Hyderabad,4985.76,4,10,19943.05,17948.75,Credit Card,4.6
ORD102383,2025-06-15,Home & Kitchen,West,Surat,2752.76,4,0,11011.02,11011.02,Credit Card,4.0
ORD100975,2025-06-15,Sports,West,Surat,8057.37,2,5,16114.75,15309.01,UPI,4.4
ORD100672,2025-06-15,Electronics,West,Ahmedabad,13256.98,4,0,53027.92,53027.92,Credit Card,4.7
ORD104915,2025-06-15,Toys,North,Jaipur,2712.65,1,15,2712.65,2305.75,Debit Card,5.0
ORD101884,2025-06-15,Beauty,West,Pune,1547.16,1,20,1547.16,1237.72,Net Banking,3.8
ORD104669,2025-06-15,Home & Kitchen,South,Coimbatore,2398.31,1,5,2398.31,2278.39,Net Banking,4.6
ORD103708,2025-06-16,Clothing,West,Surat,3521.46,5,5,17607.32,16726.96,Net Banking,4.8
ORD102827,2025-06-16,Sports,North,Chandigarh,7916.42,3,0,23749.25,23749.25,Debit Card,4.9
ORD103178,2025-06-16,Home & Kitchen,South,Coimbatore,1364.82,3,0,4094.45,4094.45,Cash on Delivery,3.1
ORD103750,2025-06-16,Home & Kitchen,West,Ahmedabad,5201.08,3,5,15603.24,14823.08,UPI,4.8
ORD103439,2025-06-16,Clothing,West,Ahmedabad,1172.6,2,5,2345.19,2227.93,UPI,4.7
ORD103059,2025-06-16,Sports,West,Ahmedabad,5392.83,4,15,21571.33,18335.63,Credit Card,5.0
ORD103617,2025-06-16,Books,East,Guwahati,1111.4,4,25,4445.58,3334.19,Debit Card,4.8
ORD102981,2025-06-16,Electronics,South,Bengaluru,29667.58,3,0,89002.73,89002.73,Credit Card,4.0
ORD100837,2025-06-17,Electronics,East,Kolkata,3836.03,3,10,11508.1,10357.29,UPI,4.1
ORD102618,2025-06-17,Beauty,West,Pune,1041.71,5,0,5208.53,5208.53,Debit Card,5.0
ORD104784,2025-06-17,Beauty,East,Bhubaneswar,876.16,4,0,3504.63,3504.63,Cash on Delivery,5.0
ORD104656,2025-06-17,Sports,South,Chennai,3579.89,4,10,14319.56,12887.6,Cash on Delivery,4.1
ORD101622,2025-06-18,Home & Kitchen,North,Delhi,7469.44,1,5,7469.44,7095.97,Debit Card,4.1
ORD103570,2025-06-18,Electronics,South,Bengaluru,45857.35,5,0,229286.73,229286.73,Credit Card,4.1
ORD104498,2025-06-18,Sports,North,Chandigarh,606.04,4,0,2424.18,2424.18,Cash on Delivery,4.5
ORD104078,2025-06-19,Beauty,West,Ahmedabad,680.58,1,10,680.58,612.52,UPI,4.7
ORD103702,2025-06-19,Books,South,Hyderabad,880.67,4,0,3522.67,3522.67,Cash on Delivery,4.6
ORD104079,2025-06-19,Electronics,North,Delhi,23967.95,2,0,47935.9,47935.9,Debit Card,4.6
ORD103776,2025-06-19,Toys,West,Ahmedabad,228.4,2,0,456.8,456.8,Debit Card,3.7
ORD101748,2025-06-19,Home & Kitchen,North,Jaipur,6085.27,4,5,24341.08,23124.02,UPI,4.2
ORD102698,2025-06-19,Electronics,West,Ahmedabad,43709.42,1,5,43709.42,41523.94,UPI,2.1
ORD102720,2025-06-19,Toys,East,Guwahati,2906.18,1,10,2906.18,2615.57,UPI,4.1
ORD101151,2025-06-20,Electronics,East,Patna,17179.93,5,15,85899.64,73014.7,Debit Card,4.7
ORD104618,2025-06-20,Sports,North,Lucknow,7845.14,2,5,15690.29,14905.77,Cash on Delivery,4.3
ORD101412,2025-06-20,Toys,West,Ahmedabad,2120.71,3,10,6362.14,5725.93,UPI,3.2
ORD104116,2025-06-20,Sports,West,Mumbai,4458.25,1,25,4458.25,3343.69,Net Banking,5.0
ORD101570,2025-06-20,Beauty,North,Delhi,1366.37,3,0,4099.11,4099.11,Net Banking,4.7
ORD104848,2025-06-20,Books,North,Lucknow,1195.19,3,5,3585.57,3406.29,Credit Card,5.0
ORD102991,2025-06-20,Electronics,North,Delhi,43922.61,1,20,43922.61,35138.09,UPI,4.1
ORD101849,2025-06-20,Sports,South,Hyderabad,11219.62,1,10,11219.62,10097.66,Debit Card,3.5
ORD100901,2025-06-20,Home & Kitchen,South,Coimbatore,7102.01,2,5,14204.02,13493.82,UPI,3.9
ORD102357,2025-06-20,Electronics,North,Delhi,35749.65,3,0,107248.95,107248.95,Debit Card,5.0
ORD102373,2025-06-20,Home & Kitchen,North,Lucknow,4864.84,5,10,24324.18,21891.76,UPI,4.6
ORD100384,2025-06-21,Books,South,Coimbatore,1114.99,3,0,3344.97,3344.97,UPI,4.0
ORD102029,2025-06-21,Sports,West,Pune,2348.8,5,10,11743.98,10569.58,Net Banking,4.5
ORD101419,2025-06-21,Beauty,North,Delhi,394.45,4,5,1577.81,1498.92,UPI,4.3
ORD101694,2025-06-21,Home & Kitchen,South,Bengaluru,4130.59,3,0,12391.77,12391.77,UPI,3.6
ORD104925,2025-06-21,Electronics,West,Surat,9670.6,4,5,38682.41,36748.29,Credit Card,4.0
ORD102247,2025-06-22,Electronics,East,Guwahati,15691.43,3,25,47074.28,35305.71,UPI,3.0
ORD101711,2025-06-22,Clothing,North,Jaipur,3311.16,2,0,6622.33,6622.33,UPI,5.0
ORD102125,2025-06-22,Home & Kitchen,East,Bhubaneswar,6737.75,5,15,33688.73,28635.42,UPI,3.9
ORD101732,2025-06-22,Home & Kitchen,East,Guwahati,2469.72,3,10,7409.15,6668.24,Debit Card,4.3
ORD103300,2025-06-23,Books,West,Mumbai,632.4,2,0,1264.8,1264.8,Cash on Delivery,3.8
ORD104568,2025-06-23,Toys,West,Ahmedabad,265.37,4,10,1061.46,955.32,Net Banking,4.3
ORD103848,2025-06-23,Toys,East,Kolkata,3066.25,1,0,3066.25,3066.25,UPI,3.9
ORD104991,2025-06-23,Electronics,North,Jaipur,2619.36,3,5,7858.09,7465.19,UPI,3.6
ORD103715,2025-06-23,Electronics,South,Coimbatore,41339.22,3,5,124017.65,117816.77,UPI,4.2
ORD104865,2025-06-23,Sports,North,Delhi,6347.08,1,0,6347.08,6347.08,UPI,4.0
ORD103745,2025-06-23,Toys,West,Pune,2897.43,3,10,8692.3,7823.07,UPI,3.7
ORD102537,2025-06-23,Home & Kitchen,East,Kolkata,7920.42,4,0,31681.68,31681.68,Credit Card,4.2
ORD103186,2025-06-23,Home & Kitchen,East,Patna,4196.62,3,0,12589.86,12589.86,Debit Card,4.0
ORD100702,2025-06-23,Toys,East,Bhubaneswar,268.45,1,10,268.45,241.6,UPI,4.3
ORD104780,2025-06-23,Toys,East,Kolkata,1163.23,3,0,3489.68,3489.68,Credit Card,3.9
ORD103777,2025-06-24,Beauty,East,Patna,2495.19,5,10,12475.95,11228.35,UPI,3.8
ORD101562,2025-06-24,Electronics,South,Bengaluru,35037.9,4,20,140151.58,112121.27,Credit Card,5.0
ORD104715,2025-06-24,Sports,East,Guwahati,5723.23,5,0,28616.15,28616.15,Cash on Delivery,4.3
ORD102620,2025-06-24,Electronics,West,Surat,28889.88,1,0,28889.88,28889.88,UPI,3.4
ORD104851,2025-06-24,Clothing,West,Mumbai,1682.73,2,0,3365.46,3365.46,Debit Card,3.6
ORD100151,2025-06-24,Clothing,North,Jaipur,3347.86,3,10,10043.58,9039.23,Cash on Delivery,3.7
ORD104622,2025-06-24,Sports,West,Surat,9075.82,3,10,27227.47,24504.72,UPI,4.5
ORD104114,2025-06-25,Beauty,East,Patna,1554.29,2,0,3108.59,3108.59,Debit Card,4.1
ORD102287,2025-06-25,Electronics,West,Pune,35360.2,2,15,70720.41,60112.35,UPI,3.8
ORD103549,2025-06-25,Clothing,West,Surat,1199.64,2,20,2399.27,1919.42,UPI,5.0
ORD102733,2025-06-25,Electronics,East,Bhubaneswar,15275.66,4,5,61102.62,58047.49,Debit Card,4.5
ORD103402,2025-06-25,Clothing,West,Ahmedabad,436.25,5,25,2181.23,1635.92,Credit Card,3.9
ORD103087,2025-06-25,Toys,East,Bhubaneswar,1150.22,3,10,3450.66,3105.6,Credit Card,4.1
ORD100798,2025-06-25,Home & Kitchen,North,Jaipur,1723.08,2,5,3446.16,3273.86,Debit Card,5.0
ORD104647,2025-06-25,Clothing,West,Ahmedabad,505.53,3,10,1516.58,1364.92,Debit Card,3.7
ORD102382,2025-06-26,Electronics,East,Bhubaneswar,9482.46,1,10,9482.46,8534.21,Credit Card,4.9
ORD102800,2025-06-26,Sports,South,Hyderabad,438.83,3,5,1316.49,1250.67,Debit Card,5.0
ORD100946,2025-06-26,Home & Kitchen,South,Coimbatore,2762.83,5,20,13814.13,11051.3,UPI,3.8
ORD102595,2025-06-27,Beauty,East,Patna,230.59,1,15,230.59,196.0,UPI,4.0
ORD103627,2025-06-27,Electronics,West,Ahmedabad,43441.49,1,0,43441.49,43441.49,UPI,5.0
ORD104506,2025-06-27,Books,North,Lucknow,1092.05,2,25,2184.11,1638.08,UPI,3.9
ORD102974,2025-06-27,Clothing,North,Lucknow,1371.39,5,10,6856.94,6171.25,Credit Card,5.0
ORD104192,2025-06-27,Toys,South,Bengaluru,718.13,3,20,2154.4,1723.52,Net Banking,3.5
ORD101777,2025-06-27,Clothing,West,Mumbai,1695.36,2,0,3390.73,3390.73,Credit Card,3.5
ORD100500,2025-06-28,Electronics,West,Ahmedabad,59134.63,5,0,295673.14,295673.14,UPI,5.0
ORD102474,2025-06-29,Books,West,Ahmedabad,1191.97,4,0,4767.88,4767.88,Credit Card,4.2
ORD103997,2025-06-29,Electronics,South,Chennai,21762.13,1,15,21762.13,18497.81,Credit Card,3.4
ORD103027,2025-06-29,Clothing,South,Coimbatore,2390.73,2,5,4781.46,4542.39,Net Banking,3.6
ORD100809,2025-06-29,Electronics,East,Guwahati,27988.02,5,0,139940.09,139940.09,UPI,3.6
ORD101469,2025-06-29,Sports,West,Mumbai,9608.49,2,5,19216.98,18256.13,UPI,5.0
ORD100845,2025-06-29,Toys,North,Jaipur,3470.03,3,0,10410.08,10410.08,Cash on Delivery,4.2
ORD101013,2025-06-30,Electronics,North,Lucknow,18541.49,5,5,92707.43,88072.06,UPI,3.2
ORD100711,2025-06-30,Beauty,East,Patna,2583.9,1,25,2583.9,1937.93,UPI,2.8
ORD103537,2025-06-30,Electronics,North,Lucknow,43122.64,4,5,172490.57,163866.04,Debit Card,3.4
ORD103566,2025-06-30,Books,South,Chennai,944.99,4,0,3779.95,3779.95,UPI,3.7
ORD103085,2025-06-30,Home & Kitchen,West,Pune,7060.75,3,20,21182.24,16945.79,Credit Card,4.6
ORD100336,2025-06-30,Sports,South,Coimbatore,3371.35,5,25,16856.75,12642.57,UPI,5.0
ORD104519,2025-06-30,Clothing,South,Chennai,1638.48,3,20,4915.45,3932.36,Cash on Delivery,4.4
ORD100128,2025-06-30,Sports,North,Lucknow,4451.13,3,10,13353.38,12018.05,UPI,4.9
ORD102778,2025-06-30,Sports,East,Guwahati,5982.51,3,10,17947.52,16152.77,Credit Card,4.0
ORD100541,2025-07-01,Sports,West,Pune,2738.09,2,5,5476.18,5202.37,Net Banking,3.7
ORD101361,2025-07-01,Beauty,West,Surat,243.92,4,0,975.68,975.68,Debit Card,4.3
ORD102269,2025-07-01,Electronics,West,Surat,55945.0,2,15,111889.99,95106.49,Credit Card,5.0
ORD104509,2025-07-01,Books,South,Coimbatore,448.03,3,0,1344.08,1344.08,UPI,3.6
ORD101259,2025-07-01,Sports,West,Mumbai,11546.13,5,0,57730.66,57730.66,Debit Card,2.8
ORD103974,2025-07-01,Toys,South,Chennai,1171.71,4,0,4686.85,4686.85,Cash on Delivery,3.1
ORD102803,2025-07-01,Clothing,North,Lucknow,3018.91,3,10,9056.74,8151.07,Net Banking,4.1
ORD100949,2025-07-01,Toys,North,Chandigarh,827.59,5,10,4137.94,3724.15,Credit Card,3.6
ORD101865,2025-07-02,Electronics,North,Chandigarh,19010.23,5,0,95051.13,95051.13,UPI,3.8
ORD104458,2025-07-02,Sports,West,Pune,2756.9,5,5,13784.49,13095.27,UPI,2.9
ORD103406,2025-07-02,Clothing,North,Chandigarh,2785.59,5,0,13927.96,13927.96,Credit Card,5.0
ORD103555,2025-07-02,Beauty,North,Jaipur,2090.97,4,0,8363.87,8363.87,Debit Card,3.9
ORD103235,2025-07-02,Toys,East,Patna,2580.57,4,15,10322.29,8773.95,Credit Card,3.6
ORD104444,2025-07-02,Electronics,North,Delhi,35359.84,2,0,70719.68,70719.68,Debit Card,5.0
ORD103557,2025-07-02,Clothing,North,Jaipur,3252.32,2,5,6504.65,6179.41,Debit Card,5.0
ORD104807,2025-07-03,Beauty,East,Guwahati,2176.81,2,5,4353.62,4135.94,Credit Card,4.7
ORD103179,2025-07-03,Beauty,South,Bengaluru,1919.01,1,10,1919.01,1727.11,UPI,4.5
ORD102547,2025-07-03,Books,South,Hyderabad,1086.65,1,10,1086.65,977.99,Debit Card,3.8
ORD104422,2025-07-03,Clothing,West,Surat,1176.27,1,0,1176.27,1176.27,UPI,4.9
ORD101101,2025-07-03,Electronics,West,Ahmedabad,47537.14,5,0,237685.71,237685.71,Cash on Delivery,5.0
ORD103080,2025-07-03,Clothing,South,Bengaluru,2133.82,5,0,10669.08,10669.08,Credit Card,4.0
ORD101067,2025-07-03,Electronics,North,Lucknow,6514.04,3,5,19542.12,18565.02,Cash on Delivery,2.8
ORD100983,2025-07-03,Home & Kitchen,West,Pune,7617.55,3,15,22852.66,19424.76,Credit Card,4.4
ORD102306,2025-07-03,Toys,North,Chandigarh,1437.27,5,0,7186.36,7186.36,Net Banking,4.2
ORD101001,2025-07-03,Sports,West,Surat,1422.92,1,0,1422.92,1422.92,Cash on Delivery,3.7
ORD104125,2025-07-04,Toys,West,Mumbai,3392.54,5,15,16962.7,14418.3,UPI,5.0
ORD103241,2025-07-04,Clothing,South,Coimbatore,533.69,4,0,2134.74,2134.74,Cash on Delivery,3.8
ORD103299,2025-07-04,Home & Kitchen,West,Ahmedabad,2013.23,4,15,8052.92,6844.98,Cash on Delivery,3.9
ORD100766,2025-07-04,Clothing,South,Coimbatore,1100.84,2,0,2201.68,2201.68,Credit Card,4.9
ORD100475,2025-07-04,Home & Kitchen,East,Bhubaneswar,6741.9,3,10,20225.69,18203.12,UPI,5.0
ORD103067,2025-07-04,Beauty,West,Surat,1304.08,2,20,2608.17,2086.54,Credit Card,4.1
ORD101629,2025-07-04,Beauty,East,Patna,1800.36,4,5,7201.45,6841.38,UPI,3.3
ORD100255,2025-07-04,Clothing,West,Pune,2096.83,2,0,4193.67,4193.67,Net Banking,5.0
ORD101906,2025-07-05,Books,West,Ahmedabad,874.89,2,5,1749.79,1662.3,UPI,4.4
ORD104050,2025-07-05,Electronics,West,Pune,6006.38,3,5,18019.13,17118.18,UPI,3.3
ORD102418,2025-07-05,Beauty,South,Chennai,245.04,3,10,735.12,661.6,Debit Card,4.2
ORD101292,2025-07-05,Electronics,West,Pune,1934.09,2,5,3868.18,3674.77,Credit Card,4.8
ORD101787,2025-07-06,Beauty,East,Bhubaneswar,1959.02,2,5,3918.04,3722.14,UPI,5.0
ORD103716,2025-07-06,Home & Kitchen,North,Jaipur,3922.47,4,0,15689.87,15689.87,UPI,4.5
ORD101918,2025-07-06,Clothing,West,Pune,3589.56,2,0,7179.12,7179.12,UPI,4.4
ORD103236,2025-07-06,Sports,South,Coimbatore,5357.93,1,5,5357.93,5090.04,UPI,3.2
ORD101823,2025-07-06,Books,South,Bengaluru,558.63,5,10,2793.15,2513.84,Debit Card,3.3
ORD104322,2025-07-06,Books,West,Mumbai,1159.54,1,0,1159.54,1159.54,Credit Card,4.0
ORD104060,2025-07-06,Sports,West,Pune,4399.08,1,10,4399.08,3959.17,Cash on Delivery,3.4
ORD102928,2025-07-07,Clothing,North,Jaipur,1644.71,2,10,3289.42,2960.47,UPI,3.8
ORD101056,2025-07-07,Electronics,South,Chennai,42065.41,1,5,42065.41,39962.14,Credit Card,3.3
ORD103431,2025-07-07,Electronics,South,Hyderabad,16976.83,4,5,67907.32,64511.95,Credit Card,3.2
ORD102481,2025-07-07,Electronics,North,Lucknow,34748.57,4,0,138994.27,138994.27,Debit Card,4.9
ORD100920,2025-07-07,Toys,West,Surat,2291.78,5,0,11458.9,11458.9,Credit Card,3.5
ORD102230,2025-07-07,Beauty,South,Hyderabad,2074.13,3,10,6222.38,5600.14,Credit Card,3.9
ORD102218,2025-07-07,Electronics,East,Patna,5360.77,1,15,5360.77,4556.65,UPI,3.6
ORD102954,2025-07-07,Sports,East,Bhubaneswar,7062.82,3,10,21188.46,19069.62,UPI,3.1
ORD100139,2025-07-07,Home & Kitchen,North,Delhi,4968.46,4,0,19873.86,19873.86,UPI,4.1
ORD102483,2025-07-07,Electronics,North,Delhi,2688.66,4,10,10754.66,9679.19,Net Banking,3.4
ORD104218,2025-07-08,Home & Kitchen,North,Jaipur,5340.51,3,0,16021.52,16021.52,Credit Card,4.8
ORD103224,2025-07-08,Electronics,North,Jaipur,56717.61,1,10,56717.61,51045.85,UPI,3.4
ORD103808,2025-07-08,Beauty,West,Surat,2744.41,3,0,8233.24,8233.24,Debit Card,3.4
ORD100509,2025-07-09,Home & Kitchen,North,Chandigarh,6148.69,2,5,12297.38,11682.51,Credit Card,2.1
ORD100076,2025-07-09,Electronics,North,Delhi,14018.69,1,0,14018.69,14018.69,Credit Card,3.5
ORD101965,2025-07-09,Electronics,West,Ahmedabad,42835.52,2,0,85671.04,85671.04,Credit Card,3.8
ORD100165,2025-07-09,Clothing,North,Delhi,2729.28,4,5,10917.13,10371.27,Credit Card,4.4
ORD102820,2025-07-09,Electronics,West,Surat,27047.87,3,5,81143.62,77086.44,UPI,4.4
ORD100660,2025-07-09,Home & Kitchen,West,Pune,6914.67,1,10,6914.67,6223.2,Debit Card,4.0
ORD103249,2025-07-10,Sports,South,Chennai,1350.08,4,0,5400.33,5400.33,Credit Card,3.7
ORD101609,2025-07-10,Home & Kitchen,North,Delhi,3435.57,3,0,10306.72,10306.72,Cash on Delivery,4.6
ORD101620,2025-07-10,Beauty,West,Ahmedabad,2514.08,1,5,2514.08,2388.38,Credit Card,4.9
ORD100160,2025-07-10,Electronics,North,Jaipur,49440.5,3,15,148321.49,126073.27,Cash on Delivery,4.8
ORD103391,2025-07-10,Books,North,Jaipur,978.39,5,5,4891.94,4647.34,UPI,3.2
ORD104667,2025-07-10,Home & Kitchen,South,Bengaluru,2310.58,3,0,6931.74,6931.74,UPI,3.8
ORD103764,2025-07-11,Sports,East,Guwahati,9459.14,4,20,37836.55,30269.24,Debit Card,2.9
ORD103481,2025-07-11,Home & Kitchen,West,Ahmedabad,2376.75,4,0,9506.98,9506.98,UPI,3.1
ORD101750,2025-07-11,Beauty,West,Ahmedabad,259.54,5,10,1297.7,1167.93,Debit Card,5.0
ORD103897,2025-07-11,Books,South,Coimbatore,1139.96,5,15,5699.81,4844.84,Debit Card,5.0
ORD101335,2025-07-11,Clothing,North,Chandigarh,2233.51,5,15,11167.54,9492.41,Credit Card,3.5
ORD103079,2025-07-11,Sports,West,Ahmedabad,5930.76,1,10,5930.76,5337.69,UPI,4.1
ORD104539,2025-07-11,Beauty,North,Delhi,1263.42,5,10,6317.11,5685.4,UPI,3.1
ORD103248,2025-07-11,Electronics,East,Guwahati,10754.25,5,20,53771.26,43017.01,UPI,3.2
ORD100710,2025-07-11,Electronics,North,Lucknow,51490.97,4,0,205963.88,205963.88,UPI,3.3
ORD104065,2025-07-11,Toys,East,Guwahati,1754.33,1,10,1754.33,1578.89,Credit Card,5.0
ORD103471,2025-07-12,Sports,South,Coimbatore,2248.35,2,5,4496.69,4271.86,Debit Card,2.7
ORD100978,2025-07-12,Toys,North,Jaipur,1354.76,5,5,6773.82,6435.13,UPI,3.2
ORD102950,2025-07-12,Electronics,East,Bhubaneswar,54819.81,4,0,219279.26,219279.26,Debit Card,5.0
ORD103880,2025-07-12,Sports,West,Surat,8439.07,2,0,16878.15,16878.15,Credit Card,4.3
ORD102161,2025-07-12,Electronics,South,Hyderabad,55654.56,3,10,166963.67,150267.31,Credit Card,3.9
ORD102759,2025-07-12,Toys,South,Chennai,1464.41,2,5,2928.83,2782.39,Cash on Delivery,4.5
ORD104573,2025-07-12,Sports,West,Surat,4953.43,2,0,9906.85,9906.85,Cash on Delivery,4.0
ORD103171,2025-07-12,Clothing,West,Ahmedabad,3469.03,1,5,3469.03,3295.58,UPI,3.4
ORD103363,2025-07-12,Beauty,South,Bengaluru,639.59,5,10,3197.94,2878.15,Credit Card,3.1
ORD104263,2025-07-12,Home & Kitchen,West,Mumbai,5794.4,5,5,28972.0,27523.4,UPI,4.1
ORD104353,2025-07-13,Electronics,West,Surat,1674.65,3,10,5023.95,4521.55,UPI,4.7
ORD104653,2025-07-13,Clothing,North,Lucknow,1085.87,1,0,1085.87,1085.87,UPI,3.6
ORD104145,2025-07-13,Sports,South,Coimbatore,7012.06,2,0,14024.12,14024.12,Debit Card,4.9
ORD104337,2025-07-13,Clothing,North,Jaipur,2567.46,2,10,5134.92,4621.43,Debit Card,5.0
ORD104598,2025-07-13,Electronics,East,Patna,33538.86,5,10,167694.31,150924.88,Cash on Delivery,4.6
ORD100448,2025-07-13,Electronics,East,Kolkata,11928.31,5,5,59641.57,56659.49,Net Banking,4.5
ORD102495,2025-07-13,Clothing,North,Chandigarh,1787.98,3,5,5363.95,5095.75,Cash on Delivery,4.6
ORD103349,2025-07-13,Home & Kitchen,West,Ahmedabad,4795.29,3,0,14385.86,14385.86,Net Banking,4.3
ORD103930,2025-07-13,Electronics,West,Mumbai,50715.88,2,15,101431.76,86216.99,Credit Card,4.8
ORD102335,2025-07-14,Electronics,West,Surat,59752.96,3,0,179258.88,179258.88,Debit Card,3.6
ORD101187,2025-07-14,Electronics,North,Jaipur,39919.87,4,0,159679.48,159679.48,UPI,4.7
ORD100031,2025-07-14,Sports,North,Chandigarh,4226.79,5,15,21133.96,17963.87,Net Banking,5.0
ORD104183,2025-07-14,Sports,South,Hyderabad,7679.75,1,0,7679.75,7679.75,Net Banking,3.4
ORD104690,2025-07-14,Books,East,Bhubaneswar,541.5,5,5,2707.51,2572.13,Debit Card,2.0
ORD103657,2025-07-14,Electronics,East,Guwahati,35300.69,3,5,105902.07,100606.97,Debit Card,4.4
ORD102194,2025-07-14,Toys,West,Ahmedabad,2157.18,1,0,2157.18,2157.18,Cash on Delivery,4.7
ORD102557,2025-07-14,Sports,East,Bhubaneswar,2172.61,3,0,6517.84,6517.84,Cash on Delivery,3.5
ORD102243,2025-07-14,Clothing,West,Mumbai,1582.57,2,0,3165.14,3165.14,UPI,4.0
ORD102903,2025-07-14,Beauty,South,Hyderabad,2700.38,1,15,2700.38,2295.32,Net Banking,5.0
ORD102625,2025-07-15,Sports,West,Ahmedabad,10890.33,2,0,21780.66,21780.66,Net Banking,3.7
ORD101886,2025-07-15,Clothing,North,Lucknow,846.99,4,0,3387.94,3387.94,Cash on Delivery,3.3
ORD101743,2025-07-15,Clothing,West,Surat,1015.45,5,10,5077.27,4569.54,Debit Card,3.9
ORD102252,2025-07-15,Home & Kitchen,South,Chennai,7104.92,3,5,21314.75,20249.01,Cash on Delivery,4.3
ORD103147,2025-07-15,Beauty,West,Pune,177.12,5,10,885.58,797.02,UPI,3.3
ORD100066,2025-07-15,Sports,South,Bengaluru,2287.51,1,5,2287.51,2173.13,Debit Card,4.2
ORD104871,2025-07-15,Clothing,South,Hyderabad,1848.51,3,15,5545.52,4713.7,Cash on Delivery,5.0
ORD100800,2025-07-16,Clothing,West,Surat,631.07,5,5,3155.35,2997.58,Cash on Delivery,4.0
ORD104869,2025-07-16,Clothing,West,Pune,2112.84,1,5,2112.84,2007.2,Credit Card,4.3
ORD100324,2025-07-16,Toys,East,Bhubaneswar,1151.38,4,0,4605.5,4605.5,UPI,4.1
ORD103435,2025-07-16,Clothing,South,Coimbatore,3218.73,3,10,9656.2,8690.58,UPI,3.9
ORD103295,2025-07-16,Clothing,East,Kolkata,3800.22,5,0,19001.12,19001.12,UPI,3.9
ORD102776,2025-07-16,Beauty,North,Delhi,2596.69,2,15,5193.38,4414.37,Debit Card,4.4
ORD104153,2025-07-16,Sports,North,Chandigarh,8856.92,1,0,8856.92,8856.92,UPI,3.7
ORD100040,2025-07-16,Toys,South,Hyderabad,3431.2,3,25,10293.6,7720.2,UPI,4.6
ORD103398,2025-07-16,Sports,South,Coimbatore,4208.2,2,0,8416.41,8416.41,UPI,3.7
ORD102538,2025-07-16,Electronics,South,Chennai,54082.19,4,0,216328.77,216328.77,UPI,4.1
ORD102475,2025-07-17,Beauty,South,Coimbatore,2231.87,1,5,2231.87,2120.28,UPI,5.0
ORD101520,2025-07-17,Books,West,Ahmedabad,1164.99,1,0,1164.99,1164.99,Debit Card,3.6
ORD103634,2025-07-17,Sports,West,Mumbai,3949.0,2,0,7897.99,7897.99,UPI,4.1
ORD100201,2025-07-17,Home & Kitchen,South,Coimbatore,7107.36,5,0,35536.82,35536.82,UPI,4.7
ORD100144,2025-07-17,Electronics,East,Patna,5249.54,2,0,10499.08,10499.08,UPI,4.2
ORD103874,2025-07-17,Home & Kitchen,East,Patna,7965.19,1,10,7965.19,7168.67,Cash on Delivery,3.6
ORD100570,2025-07-17,Clothing,North,Delhi,1410.83,1,10,1410.83,1269.75,Cash on Delivery,4.9
ORD104975,2025-07-17,Sports,North,Jaipur,7074.88,4,25,28299.51,21224.63,Credit Card,4.3
ORD102123,2025-07-17,Clothing,South,Bengaluru,3293.06,3,5,9879.19,9385.23,UPI,4.0
ORD100056,2025-07-18,Clothing,West,Mumbai,440.92,5,10,2204.6,1984.14,Credit Card,4.9
ORD104244,2025-07-18,Electronics,West,Ahmedabad,53082.57,2,0,106165.15,106165.15,Net Banking,4.9
ORD103612,2025-07-18,Toys,North,Lucknow,1467.92,1,10,1467.92,1321.12,Debit Card,5.0
ORD100580,2025-07-18,Clothing,South,Coimbatore,1075.1,5,5,5375.5,5106.72,Credit Card,3.5
ORD100746,2025-07-18,Toys,East,Guwahati,1233.43,2,5,2466.86,2343.52,Cash on Delivery,4.2
ORD103760,2025-07-18,Electronics,East,Patna,22824.99,2,5,45649.98,43367.48,UPI,3.8
ORD100070,2025-07-19,Sports,West,Mumbai,10912.39,3,10,32737.17,29463.46,Credit Card,2.3
ORD103529,2025-07-19,Sports,West,Surat,5185.0,3,0,15554.99,15554.99,UPI,3.4
ORD103633,2025-07-19,Sports,West,Surat,4078.48,5,5,20392.38,19372.76,Credit Card,1.9
ORD103890,2025-07-19,Clothing,West,Mumbai,1089.62,1,5,1089.62,1035.14,Net Banking,4.6
ORD104094,2025-07-19,Clothing,West,Ahmedabad,3951.04,4,0,15804.18,15804.18,Net Banking,5.0
ORD100366,2025-07-19,Home & Kitchen,North,Delhi,7244.16,5,5,36220.8,34409.76,Net Banking,4.0
ORD100215,2025-07-19,Electronics,West,Surat,15554.33,4,20,62217.33,49773.87,Debit Card,4.1
ORD102679,2025-07-19,Books,West,Surat,946.46,4,0,3785.84,3785.84,Credit Card,3.6
ORD100683,2025-07-19,Electronics,West,Surat,36915.92,1,5,36915.92,35070.13,UPI,3.5
ORD102949,2025-07-20,Sports,West,Mumbai,8915.76,4,20,35663.02,28530.42,Debit Card,3.5
ORD104881,2025-07-20,Sports,South,Bengaluru,10399.3,3,0,31197.89,31197.89,UPI,3.9
ORD101854,2025-07-20,Clothing,North,Jaipur,3200.52,5,15,16002.62,13602.23,Net Banking,5.0
ORD103983,2025-07-20,Sports,East,Kolkata,5119.92,2,0,10239.84,10239.84,Credit Card,4.0
ORD101138,2025-07-20,Books,West,Surat,952.15,5,10,4760.77,4284.69,Credit Card,3.4
ORD100041,2025-07-20,Beauty,North,Chandigarh,497.72,2,10,995.44,895.9,Credit Card,4.1
ORD103608,2025-07-20,Sports,North,Lucknow,8506.14,5,5,42530.71,40404.17,UPI,4.9
ORD104507,2025-07-20,Electronics,West,Ahmedabad,41250.01,2,10,82500.01,74250.01,Debit Card,5.0
ORD103687,2025-07-21,Books,East,Guwahati,670.46,2,10,1340.91,1206.82,Debit Card,4.3
ORD103361,2025-07-21,Home & Kitchen,West,Ahmedabad,558.91,1,0,558.91,558.91,Cash on Delivery,4.8
ORD104446,2025-07-21,Toys,South,Bengaluru,1862.56,5,15,9312.8,7915.88,Credit Card,4.6
ORD104987,2025-07-21,Clothing,West,Ahmedabad,1497.76,5,10,7488.82,6739.94,Cash on Delivery,4.7
ORD101594,2025-07-21,Electronics,North,Chandigarh,35227.3,1,0,35227.3,35227.3,Cash on Delivery,4.7
ORD101398,2025-07-22,Beauty,South,Chennai,2319.57,2,0,4639.14,4639.14,UPI,3.8
ORD104251,2025-07-22,Clothing,East,Patna,539.73,3,15,1619.19,1376.31,UPI,2.4
ORD102799,2025-07-22,Electronics,North,Delhi,21016.37,3,5,63049.1,59896.64,Debit Card,4.4
ORD100583,2025-07-22,Sports,South,Chennai,7570.2,2,10,15140.4,13626.36,Debit Card,4.0
ORD103879,2025-07-22,Electronics,East,Bhubaneswar,3294.28,3,5,9882.83,9388.69,Cash on Delivery,3.9
ORD104283,2025-07-22,Sports,West,Surat,4744.44,2,0,9488.88,9488.88,UPI,5.0
ORD104449,2025-07-23,Toys,South,Chennai,872.67,2,0,1745.34,1745.34,Credit Card,5.0
ORD101724,2025-07-23,Electronics,North,Lucknow,46839.07,1,10,46839.07,42155.17,Credit Card,4.4
ORD104292,2025-07-23,Beauty,East,Patna,401.68,3,5,1205.03,1144.78,UPI,2.8
ORD101693,2025-07-23,Home & Kitchen,North,Jaipur,5432.73,5,10,27163.67,24447.3,Credit Card,3.9
ORD104970,2025-07-23,Home & Kitchen,North,Jaipur,6916.97,2,5,13833.94,13142.24,Debit Card,3.2
ORD100408,2025-07-23,Home & Kitchen,East,Guwahati,7353.37,3,0,22060.11,22060.11,Net Banking,4.4
ORD100367,2025-07-23,Home & Kitchen,North,Delhi,4525.02,4,20,18100.06,14480.05,UPI,5.0
ORD102988,2025-07-24,Electronics,South,Coimbatore,53600.25,2,20,107200.51,85760.41,Credit Card,4.6
ORD104133,2025-07-24,Home & Kitchen,South,Hyderabad,5235.32,1,0,5235.32,5235.32,Credit Card,3.5
ORD101417,2025-07-24,Clothing,East,Patna,1143.2,5,0,5716.02,5716.02,Net Banking,3.8
ORD103946,2025-07-24,Sports,North,Lucknow,5304.25,1,5,5304.25,5039.04,Cash on Delivery,4.4
ORD101605,2025-07-24,Electronics,North,Delhi,48803.79,3,25,146411.37,109808.53,UPI,4.3
ORD104890,2025-07-24,Home & Kitchen,North,Delhi,7175.53,3,10,21526.6,19373.94,UPI,3.3
ORD101521,2025-07-24,Books,North,Jaipur,625.09,2,5,1250.19,1187.68,Cash on Delivery,4.7
ORD103852,2025-07-24,Beauty,South,Coimbatore,2640.51,4,15,10562.04,8977.74,Debit Card,3.9
ORD104716,2025-07-24,Toys,South,Bengaluru,2950.81,2,10,5901.61,5311.45,UPI,3.5
ORD103238,2025-07-24,Beauty,West,Pune,2183.61,4,5,8734.42,8297.7,Net Banking,3.8
ORD102898,2025-07-24,Clothing,West,Pune,2349.46,2,10,4698.92,4229.03,Net Banking,4.8
ORD101606,2025-07-24,Electronics,West,Pune,52168.37,1,10,52168.37,46951.54,UPI,4.9
ORD102494,2025-07-25,Clothing,East,Bhubaneswar,2507.86,2,5,5015.72,4764.93,Debit Card,4.2
ORD100267,2025-07-25,Books,North,Chandigarh,681.06,2,20,1362.12,1089.7,Credit Card,3.2
ORD101017,2025-07-25,Books,South,Chennai,175.95,2,10,351.9,316.71,Debit Card,3.9
ORD103008,2025-07-25,Clothing,North,Chandigarh,2044.3,3,5,6132.9,5826.26,UPI,5.0
ORD104681,2025-07-25,Electronics,South,Bengaluru,17070.7,2,0,34141.4,34141.4,UPI,3.3
ORD100418,2025-07-25,Beauty,East,Guwahati,1754.02,1,5,1754.02,1666.32,UPI,3.1
ORD101658,2025-07-25,Electronics,West,Ahmedabad,17291.55,2,15,34583.1,29395.64,Debit Card,1.8
ORD101543,2025-07-26,Sports,South,Hyderabad,6125.39,1,10,6125.39,5512.85,Credit Card,4.4
ORD102868,2025-07-26,Beauty,South,Hyderabad,879.96,1,0,879.96,879.96,Net Banking,5.0
ORD103201,2025-07-26,Beauty,West,Surat,608.68,3,20,1826.04,1460.83,UPI,3.4
ORD104815,2025-07-26,Clothing,West,Pune,2648.36,2,0,5296.72,5296.72,Credit Card,4.6
ORD102768,2025-07-26,Clothing,North,Lucknow,2639.21,3,15,7917.63,6729.99,UPI,5.0
ORD103583,2025-07-26,Electronics,West,Surat,19439.23,2,0,38878.46,38878.46,UPI,4.1
ORD100858,2025-07-26,Electronics,South,Coimbatore,46046.91,3,5,138140.74,131233.7,UPI,4.4
ORD104472,2025-07-26,Sports,North,Delhi,11074.34,1,10,11074.34,9966.91,Cash on Delivery,4.9
ORD102869,2025-07-26,Toys,South,Chennai,3249.23,2,10,6498.46,5848.61,Credit Card,4.1
ORD104850,2025-07-26,Sports,South,Coimbatore,1632.43,1,15,1632.43,1387.57,Cash on Delivery,5.0
ORD103894,2025-07-26,Home & Kitchen,West,Surat,7800.48,4,0,31201.91,31201.91,Net Banking,5.0
ORD104857,2025-07-26,Toys,North,Chandigarh,2443.96,5,10,12219.78,10997.81,Net Banking,3.4
ORD100161,2025-07-27,Sports,South,Hyderabad,1205.72,5,15,6028.58,5124.29,Debit Card,4.9
ORD104615,2025-07-27,Home & Kitchen,North,Jaipur,1865.17,5,20,9325.85,7460.68,UPI,4.2
ORD104678,2025-07-27,Books,West,Mumbai,469.81,2,5,939.62,892.64,Credit Card,4.3
ORD104729,2025-07-27,Electronics,South,Bengaluru,47317.29,5,0,236586.45,236586.45,UPI,3.7
ORD100123,2025-07-27,Clothing,North,Lucknow,3113.48,3,10,9340.44,8406.4,Net Banking,4.7
ORD101028,2025-07-27,Clothing,East,Patna,2727.8,4,0,10911.19,10911.19,Debit Card,3.8
ORD104286,2025-07-27,Sports,South,Coimbatore,5505.44,4,5,22021.76,20920.67,UPI,3.7
ORD100960,2025-07-27,Home & Kitchen,East,Bhubaneswar,4835.18,5,0,24175.89,24175.89,UPI,5.0
ORD102432,2025-07-27,Electronics,East,Patna,15745.16,2,5,31490.32,29915.8,Cash on Delivery,4.8
ORD103901,2025-07-27,Home & Kitchen,West,Surat,4354.61,4,10,17418.44,15676.6,Cash on Delivery,4.8
ORD103319,2025-07-27,Toys,East,Patna,2445.94,3,5,7337.82,6970.93,Cash on Delivery,5.0
ORD102444,2025-07-27,Beauty,North,Lucknow,2971.23,4,20,11884.93,9507.94,Net Banking,3.9
ORD100403,2025-07-28,Electronics,North,Chandigarh,45539.8,3,0,136619.39,136619.39,Debit Card,5.0
ORD104182,2025-07-28,Home & Kitchen,South,Bengaluru,4035.5,3,5,12106.49,11501.17,UPI,3.3
ORD103515,2025-07-28,Home & Kitchen,North,Chandigarh,6327.63,5,10,31638.14,28474.33,UPI,4.3
ORD102979,2025-07-28,Electronics,West,Mumbai,44171.81,3,10,132515.43,119263.89,UPI,4.6
ORD101042,2025-07-28,Beauty,East,Patna,1828.92,2,10,3657.84,3292.06,Credit Card,5.0
ORD104783,2025-07-28,Electronics,West,Surat,58985.99,3,10,176957.97,159262.17,UPI,4.6
ORD102045,2025-07-28,Electronics,East,Guwahati,57501.21,5,0,287506.04,287506.04,Credit Card,3.8
ORD100142,2025-07-28,Clothing,West,Ahmedabad,1940.72,4,15,7762.9,6598.46,UPI,4.4
ORD104405,2025-07-28,Toys,North,Delhi,789.06,3,5,2367.19,2248.83,Cash on Delivery,2.5
ORD101524,2025-07-28,Toys,North,Chandigarh,413.01,3,0,1239.02,1239.02,UPI,3.0
ORD101149,2025-07-28,Clothing,West,Mumbai,3039.93,5,10,15199.64,13679.68,Credit Card,4.4
ORD103374,2025-07-29,Sports,South,Coimbatore,8223.14,2,0,16446.27,16446.27,Cash on Delivery,4.5
ORD104725,2025-07-29,Electronics,West,Surat,5635.03,2,20,11270.06,9016.05,UPI,3.7
ORD101336,2025-07-29,Sports,West,Surat,2214.5,4,10,8858.02,7972.22,UPI,4.9
ORD101955,2025-07-29,Clothing,North,Delhi,2035.97,3,5,6107.92,5802.52,Net Banking,3.9
ORD103145,2025-07-29,Beauty,West,Pune,2110.38,4,0,8441.51,8441.51,UPI,2.8
ORD101490,2025-07-30,Toys,North,Delhi,1586.78,4,0,6347.11,6347.11,Net Banking,4.0
ORD100505,2025-07-30,Toys,South,Coimbatore,680.12,2,15,1360.24,1156.21,Debit Card,3.3
ORD103674,2025-07-30,Clothing,East,Bhubaneswar,2623.84,5,15,13119.21,11151.33,Cash on Delivery,4.0
ORD102882,2025-07-30,Toys,South,Bengaluru,780.22,1,0,780.22,780.22,UPI,4.8
ORD100158,2025-07-31,Books,North,Chandigarh,352.12,3,10,1056.35,950.72,Debit Card,5.0
ORD102352,2025-07-31,Sports,East,Bhubaneswar,8275.04,3,20,24825.13,19860.1,UPI,3.8
ORD100782,2025-07-31,Sports,North,Jaipur,6948.04,4,0,27792.15,27792.15,UPI,3.5
ORD102313,2025-07-31,Electronics,East,Guwahati,39115.04,5,25,195575.19,146681.39,UPI,4.6
ORD101894,2025-07-31,Beauty,East,Guwahati,1928.96,4,10,7715.84,6944.25,Credit Card,3.1
ORD103054,2025-08-01,Books,South,Chennai,716.85,1,0,716.85,716.85,Net Banking,3.9
ORD103551,2025-08-01,Home & Kitchen,North,Delhi,3071.18,2,0,6142.36,6142.36,Credit Card,4.5
ORD101234,2025-08-01,Clothing,North,Chandigarh,803.34,4,25,3213.37,2410.03,Debit Card,3.8
ORD101053,2025-08-01,Home & Kitchen,West,Ahmedabad,2503.9,5,10,12519.48,11267.53,Cash on Delivery,4.2
ORD103189,2025-08-01,Sports,South,Coimbatore,3149.67,2,25,6299.33,4724.5,Cash on Delivery,3.3
ORD103389,2025-08-01,Sports,North,Delhi,10356.43,2,20,20712.85,16570.28,Net Banking,4.8
ORD100906,2025-08-02,Beauty,North,Jaipur,1214.53,2,10,2429.07,2186.16,Credit Card,3.4
ORD102375,2025-08-02,Home & Kitchen,West,Surat,1865.26,5,20,9326.32,7461.06,Credit Card,4.1
ORD100305,2025-08-02,Clothing,South,Hyderabad,849.94,5,5,4249.71,4037.23,UPI,3.8
ORD102227,2025-08-02,Sports,South,Hyderabad,4987.72,3,0,14963.17,14963.17,Credit Card,3.4
ORD102180,2025-08-02,Home & Kitchen,South,Bengaluru,5108.93,2,10,10217.87,9196.08,UPI,4.5
ORD101555,2025-08-02,Sports,East,Guwahati,9994.31,3,0,29982.92,29982.92,Debit Card,2.9
ORD104035,2025-08-02,Sports,South,Coimbatore,11332.13,5,10,56660.65,50994.59,UPI,2.9
ORD103928,2025-08-02,Electronics,South,Chennai,51355.63,1,0,51355.63,51355.63,Credit Card,4.9
ORD102192,2025-08-03,Beauty,North,Jaipur,1817.49,3,10,5452.48,4907.23,Credit Card,4.4
ORD101005,2025-08-03,Beauty,West,Ahmedabad,996.71,2,10,1993.42,1794.08,UPI,3.8
ORD102508,2025-08-03,Sports,South,Chennai,9104.43,5,10,45522.15,40969.93,Net Banking,3.6
ORD102780,2025-08-03,Toys,East,Kolkata,995.6,1,15,995.6,846.26,Cash on Delivery,5.0
ORD102849,2025-08-03,Home & Kitchen,West,Mumbai,549.17,2,10,1098.34,988.5,UPI,5.0
ORD104088,2025-08-03,Sports,East,Kolkata,1118.31,1,0,1118.31,1118.31,Cash on Delivery,5.0
ORD100456,2025-08-03,Books,East,Patna,676.42,5,0,3382.09,3382.09,Debit Card,4.3
ORD102787,2025-08-04,Clothing,North,Lucknow,1726.5,2,25,3453.0,2589.75,Net Banking,5.0
ORD103483,2025-08-04,Clothing,South,Hyderabad,3009.81,3,0,9029.44,9029.44,UPI,2.5
ORD103489,2025-08-04,Books,North,Delhi,750.59,1,5,750.59,713.06,Debit Card,3.9
ORD104175,2025-08-04,Books,North,Lucknow,752.78,1,0,752.78,752.78,UPI,3.5
ORD100935,2025-08-04,Clothing,East,Patna,2696.34,2,0,5392.68,5392.68,Credit Card,3.2
ORD103925,2025-08-04,Beauty,West,Surat,2753.88,1,0,2753.88,2753.88,Cash on Delivery,3.3
ORD102819,2025-08-04,Sports,East,Bhubaneswar,1520.01,4,5,6080.02,5776.02,Cash on Delivery,3.7
ORD102148,2025-08-05,Toys,North,Lucknow,1576.03,5,0,7880.17,7880.17,UPI,2.8
ORD102710,2025-08-05,Electronics,West,Surat,43245.58,2,0,86491.15,86491.15,Debit Card,4.5
ORD104304,2025-08-05,Electronics,North,Chandigarh,18893.81,1,10,18893.81,17004.43,Debit Card,4.4
ORD104717,2025-08-05,Clothing,East,Kolkata,1828.52,2,20,3657.05,2925.64,Debit Card,4.7
ORD103578,2025-08-06,Beauty,East,Guwahati,1970.48,5,15,9852.4,8374.54,Credit Card,4.0
ORD103195,2025-08-06,Beauty,South,Hyderabad,1727.82,4,15,6911.28,5874.59,Debit Card,3.5
ORD103255,2025-08-06,Books,South,Chennai,342.76,1,0,342.76,342.76,Credit Card,4.4
ORD101764,2025-08-06,Clothing,North,Chandigarh,3024.93,4,10,12099.72,10889.75,UPI,5.0
ORD102655,2025-08-06,Beauty,South,Coimbatore,1613.24,4,0,6452.95,6452.95,Net Banking,3.8
ORD101733,2025-08-06,Beauty,North,Delhi,927.07,3,10,2781.2,2503.08,Debit Card,3.2
ORD104979,2025-08-06,Beauty,West,Mumbai,2580.29,3,0,7740.87,7740.87,Debit Card,3.4
ORD101522,2025-08-06,Electronics,West,Surat,37690.53,2,15,75381.06,64073.9,Debit Card,5.0
ORD104580,2025-08-06,Books,West,Mumbai,518.85,5,5,2594.24,2464.52,Cash on Delivery,4.6
ORD102174,2025-08-06,Clothing,East,Bhubaneswar,1791.06,1,25,1791.06,1343.3,UPI,4.0
ORD101503,2025-08-07,Toys,East,Kolkata,2768.97,5,25,13844.87,10383.65,Debit Card,4.7
ORD102051,2025-08-07,Sports,South,Chennai,3273.02,1,15,3273.02,2782.07,Credit Card,3.4
ORD102046,2025-08-07,Sports,East,Kolkata,11903.04,3,25,35709.13,26781.85,Debit Card,4.0
ORD104771,2025-08-08,Electronics,North,Delhi,45497.1,3,0,136491.29,136491.29,UPI,5.0
ORD103763,2025-08-08,Sports,South,Chennai,6497.66,1,10,6497.66,5847.89,Credit Card,4.8
ORD102145,2025-08-08,Books,South,Bengaluru,1179.5,3,10,3538.5,3184.65,UPI,5.0
ORD104311,2025-08-08,Beauty,East,Guwahati,906.45,3,0,2719.36,2719.36,UPI,4.1
ORD102940,2025-08-08,Sports,East,Guwahati,2000.02,5,15,10000.09,8500.07,UPI,4.3
ORD101654,2025-08-08,Toys,West,Mumbai,1947.92,5,0,9739.61,9739.61,Credit Card,4.1
ORD103493,2025-08-09,Home & Kitchen,West,Pune,1945.37,2,0,3890.75,3890.75,UPI,4.6
ORD102688,2025-08-09,Home & Kitchen,South,Chennai,4583.51,1,10,4583.51,4125.16,Cash on Delivery,3.1
ORD104926,2025-08-09,Books,East,Guwahati,426.37,4,15,1705.49,1449.67,Debit Card,4.8
ORD100287,2025-08-09,Beauty,East,Kolkata,984.84,2,15,1969.67,1674.22,UPI,5.0
ORD102032,2025-08-10,Electronics,South,Coimbatore,5044.92,3,10,15134.76,13621.28,Cash on Delivery,4.2
ORD102895,2025-08-10,Beauty,West,Mumbai,2975.2,4,5,11900.81,11305.77,Debit Card,4.2
ORD103169,2025-08-10,Sports,West,Pune,11004.51,2,5,22009.02,20908.57,Cash on Delivery,3.5
ORD104041,2025-08-10,Clothing,East,Bhubaneswar,685.06,5,10,3425.28,3082.76,UPI,5.0
ORD101318,2025-08-10,Electronics,South,Coimbatore,49810.77,2,15,99621.55,84678.32,Net Banking,5.0
ORD101789,2025-08-10,Clothing,North,Lucknow,1753.92,5,15,8769.61,7454.16,Credit Card,3.6
ORD101012,2025-08-10,Beauty,East,Patna,2916.05,4,25,11664.18,8748.14,Debit Card,2.9
ORD103018,2025-08-10,Sports,South,Bengaluru,8430.63,2,5,16861.26,16018.2,Credit Card,4.1
ORD100597,2025-08-10,Clothing,West,Pune,883.16,4,15,3532.65,3002.75,Credit Card,3.3
ORD102052,2025-08-11,Toys,West,Pune,2897.09,1,0,2897.09,2897.09,Credit Card,3.9
ORD104428,2025-08-11,Electronics,West,Pune,4579.37,2,5,9158.73,8700.8,Credit Card,4.5
ORD102136,2025-08-11,Electronics,West,Mumbai,43555.9,4,0,174223.6,174223.6,UPI,3.6
ORD101634,2025-08-11,Clothing,East,Bhubaneswar,1147.07,4,15,4588.27,3900.03,UPI,3.9
ORD101803,2025-08-11,Sports,South,Bengaluru,10415.32,3,10,31245.97,28121.37,Debit Card,4.1
ORD102559,2025-08-12,Sports,East,Kolkata,479.5,5,15,2397.52,2037.89,UPI,4.2
ORD103905,2025-08-12,Beauty,South,Coimbatore,342.38,1,20,342.38,273.9,UPI,3.8
ORD101205,2025-08-12,Beauty,East,Patna,1330.29,4,0,5321.14,5321.14,Cash on Delivery,4.1
ORD102209,2025-08-12,Electronics,South,Hyderabad,37768.47,1,5,37768.47,35880.05,UPI,3.0
ORD101740,2025-08-13,Electronics,West,Ahmedabad,5536.78,4,5,22147.13,21039.78,Credit Card,4.3
ORD104271,2025-08-13,Electronics,West,Ahmedabad,47711.95,5,20,238559.77,190847.82,Debit Card,4.3
ORD104789,2025-08-13,Sports,South,Bengaluru,4949.33,1,5,4949.33,4701.86,Net Banking,4.1
ORD102448,2025-08-13,Clothing,East,Patna,722.94,5,0,3614.69,3614.69,Cash on Delivery,5.0
ORD103658,2025-08-13,Electronics,South,Chennai,56750.85,3,15,170252.54,144714.66,Credit Card,3.7
ORD104217,2025-08-14,Clothing,East,Patna,562.14,4,5,2248.58,2136.15,Cash on Delivery,4.7
ORD101946,2025-08-14,Electronics,East,Kolkata,33494.9,3,15,100484.69,85411.98,Cash on Delivery,3.7
ORD101793,2025-08-14,Sports,North,Chandigarh,2084.21,2,10,4168.42,3751.58,Debit Card,4.6
ORD101402,2025-08-14,Toys,West,Pune,2316.43,2,0,4632.85,4632.85,UPI,4.7
ORD100107,2025-08-15,Toys,East,Patna,2423.4,2,10,4846.79,4362.11,Credit Card,4.8
ORD102866,2025-08-15,Sports,West,Surat,1248.18,4,10,4992.71,4493.44,Debit Card,2.8
ORD103964,2025-08-15,Toys,South,Hyderabad,1524.48,4,15,6097.92,5183.23,UPI,2.6
ORD101280,2025-08-15,Clothing,East,Guwahati,916.12,3,0,2748.36,2748.36,Debit Card,4.3
ORD104749,2025-08-15,Clothing,West,Mumbai,1483.84,3,0,4451.52,4451.52,Debit Card,5.0
ORD104169,2025-08-15,Electronics,North,Jaipur,7030.18,1,15,7030.18,5975.66,UPI,4.4
ORD101584,2025-08-15,Toys,South,Coimbatore,2457.6,4,0,9830.39,9830.39,UPI,3.8
ORD102065,2025-08-16,Clothing,South,Coimbatore,1695.57,3,0,5086.7,5086.7,UPI,2.6
ORD103280,2025-08-16,Home & Kitchen,South,Hyderabad,1027.2,5,10,5135.99,4622.39,Debit Card,5.0
ORD100714,2025-08-16,Electronics,West,Ahmedabad,26948.2,1,15,26948.2,22905.97,Cash on Delivery,3.8
ORD101862,2025-08-16,Sports,West,Surat,9698.76,1,0,9698.76,9698.76,Net Banking,3.8
ORD102338,2025-08-16,Clothing,North,Chandigarh,1717.74,3,10,5153.22,4637.89,UPI,3.0
ORD102723,2025-08-16,Books,South,Chennai,874.6,4,15,3498.39,2973.63,UPI,4.7
ORD102477,2025-08-16,Clothing,North,Lucknow,3340.81,4,15,13363.25,11358.76,UPI,3.6
ORD101436,2025-08-16,Clothing,West,Surat,2143.22,2,0,4286.45,4286.45,UPI,4.0
ORD104347,2025-08-17,Sports,West,Ahmedabad,7025.14,3,25,21075.42,15806.57,Credit Card,2.7
ORD104490,2025-08-17,Electronics,West,Mumbai,20706.84,2,10,41413.69,37272.32,Credit Card,4.0
ORD100919,2025-08-17,Sports,North,Delhi,2103.63,5,5,10518.13,9992.22,Debit Card,4.7
ORD104235,2025-08-17,Sports,West,Ahmedabad,5021.15,5,0,25105.74,25105.74,Debit Card,4.6
ORD104489,2025-08-18,Clothing,East,Bhubaneswar,3158.34,4,15,12633.35,10738.35,Debit Card,4.4
ORD104326,2025-08-18,Home & Kitchen,East,Kolkata,3877.0,3,5,11631.0,11049.45,Credit Card,3.4
ORD102801,2025-08-18,Sports,North,Chandigarh,11648.12,3,5,34944.36,33197.14,Credit Card,4.6
ORD103886,2025-08-18,Home & Kitchen,West,Pune,1939.79,3,5,5819.37,5528.4,Debit Card,3.7
ORD100554,2025-08-18,Electronics,North,Chandigarh,14651.55,5,10,73257.77,65932.0,Net Banking,3.7
ORD103966,2025-08-18,Home & Kitchen,West,Pune,1381.21,2,0,2762.43,2762.43,Debit Card,5.0
ORD103089,2025-08-18,Clothing,East,Bhubaneswar,3469.5,2,5,6939.0,6592.05,UPI,2.4
ORD100996,2025-08-18,Electronics,East,Patna,10592.85,1,20,10592.85,8474.28,Net Banking,3.8
ORD102824,2025-08-18,Sports,North,Jaipur,3462.33,3,10,10387.0,9348.3,UPI,4.2
ORD102947,2025-08-19,Toys,North,Lucknow,1584.12,3,10,4752.37,4277.13,Credit Card,4.8
ORD102216,2025-08-19,Electronics,East,Patna,51056.59,4,10,204226.37,183803.73,UPI,4.3
ORD104547,2025-08-19,Sports,South,Coimbatore,9833.15,3,0,29499.46,29499.46,Credit Card,5.0
ORD102439,2025-08-20,Home & Kitchen,West,Pune,556.67,2,5,1113.34,1057.67,Debit Card,3.8
ORD102614,2025-08-20,Electronics,South,Hyderabad,6349.76,2,0,12699.53,12699.53,Cash on Delivery,3.1
ORD104633,2025-08-20,Electronics,East,Guwahati,8471.79,3,25,25415.37,19061.53,Net Banking,3.6
ORD101074,2025-08-20,Beauty,North,Jaipur,1903.13,1,10,1903.13,1712.81,UPI,4.7
ORD102875,2025-08-20,Toys,East,Kolkata,550.95,1,0,550.95,550.95,Credit Card,5.0
ORD103902,2025-08-20,Electronics,East,Kolkata,47252.23,3,5,141756.7,134668.86,Cash on Delivery,5.0
ORD104830,2025-08-20,Beauty,South,Bengaluru,2309.69,4,0,9238.77,9238.77,Cash on Delivery,4.2
ORD103133,2025-08-20,Home & Kitchen,East,Guwahati,5071.68,1,20,5071.68,4057.34,UPI,4.3
ORD102864,2025-08-20,Sports,South,Hyderabad,3251.59,1,5,3251.59,3089.01,Cash on Delivery,3.7
ORD102675,2025-08-20,Home & Kitchen,East,Bhubaneswar,1873.94,3,10,5621.83,5059.64,Net Banking,4.8
ORD101911,2025-08-21,Home & Kitchen,North,Chandigarh,1075.9,5,0,5379.49,5379.49,Credit Card,3.2
ORD101319,2025-08-21,Books,East,Bhubaneswar,969.86,5,0,4849.28,4849.28,UPI,3.8
ORD102851,2025-08-21,Books,North,Delhi,1091.11,3,10,3273.32,2945.99,Net Banking,4.2
ORD104536,2025-08-21,Electronics,South,Bengaluru,34210.82,1,0,34210.82,34210.82,UPI,4.0
ORD103967,2025-08-22,Books,East,Patna,630.82,5,0,3154.08,3154.08,Credit Card,4.4
ORD103938,2025-08-23,Sports,North,Delhi,7158.45,4,5,28633.82,27202.13,Net Banking,4.1
ORD101030,2025-08-23,Sports,West,Mumbai,4759.38,1,5,4759.38,4521.41,Debit Card,5.0
ORD100449,2025-08-23,Clothing,East,Guwahati,330.0,3,15,990.0,841.5,UPI,4.1
ORD104001,2025-08-23,Home & Kitchen,South,Hyderabad,2474.72,4,5,9898.88,9403.93,Debit Card,3.0
ORD102932,2025-08-23,Electronics,East,Guwahati,20051.11,2,20,40102.21,32081.77,Cash on Delivery,4.3
ORD102073,2025-08-23,Clothing,North,Lucknow,3680.75,3,5,11042.26,10490.15,UPI,4.0
ORD100051,2025-08-23,Electronics,North,Jaipur,56053.86,3,15,168161.58,142937.34,Debit Card,4.4
ORD102788,2025-08-24,Electronics,East,Patna,30069.86,5,10,150349.3,135314.37,Net Banking,4.1
ORD103262,2025-08-24,Books,East,Kolkata,409.81,4,10,1639.24,1475.32,UPI,4.0
ORD101579,2025-08-24,Electronics,South,Bengaluru,46036.63,5,0,230183.15,230183.15,Cash on Delivery,3.5
ORD103226,2025-08-24,Home & Kitchen,North,Lucknow,5229.43,5,10,26147.16,23532.44,Cash on Delivery,3.2
ORD101152,2025-08-24,Toys,South,Chennai,2320.89,5,5,11604.46,11024.23,Debit Card,5.0
ORD102764,2025-08-24,Clothing,West,Surat,3739.12,4,0,14956.48,14956.48,Credit Card,3.2
ORD103839,2025-08-24,Clothing,South,Chennai,1723.75,3,0,5171.24,5171.24,Credit Card,3.9
ORD100521,2025-08-24,Electronics,North,Jaipur,11235.24,1,0,11235.24,11235.24,Debit Card,4.6
ORD102042,2025-08-24,Home & Kitchen,South,Bengaluru,7296.86,1,0,7296.86,7296.86,Debit Card,3.2
ORD102677,2025-08-24,Electronics,South,Chennai,32436.11,5,10,162180.54,145962.48,UPI,3.6
ORD104011,2025-08-25,Clothing,West,Surat,2036.12,1,10,2036.12,1832.51,Debit Card,3.5
ORD103985,2025-08-25,Toys,North,Lucknow,2829.49,3,20,8488.46,6790.77,UPI,5.0
ORD103077,2025-08-25,Toys,West,Surat,3249.82,1,5,3249.82,3087.33,UPI,4.5
ORD104432,2025-08-25,Clothing,North,Delhi,1206.43,3,5,3619.28,3438.32,UPI,4.2
ORD103445,2025-08-26,Electronics,North,Delhi,44861.42,4,0,179445.67,179445.67,Debit Card,2.3
ORD100434,2025-08-26,Home & Kitchen,North,Jaipur,7026.64,3,5,21079.91,20025.91,Cash on Delivery,4.3
ORD101237,2025-08-26,Beauty,South,Bengaluru,2970.19,2,0,5940.39,5940.39,Credit Card,3.3
ORD101715,2025-08-26,Home & Kitchen,West,Ahmedabad,7132.46,4,10,28529.84,25676.86,Debit Card,4.2
ORD103505,2025-08-26,Clothing,North,Jaipur,3240.17,1,15,3240.17,2754.15,Credit Card,2.7
ORD102918,2025-08-26,Electronics,North,Lucknow,17802.38,5,5,89011.9,84561.3,Credit Card,4.4
ORD101122,2025-08-26,Electronics,South,Chennai,14051.42,4,0,56205.68,56205.68,Credit Card,4.3
ORD100835,2025-08-26,Clothing,North,Delhi,3039.13,3,15,9117.38,7749.78,Cash on Delivery,4.1
ORD103788,2025-08-26,Electronics,East,Patna,7900.47,5,10,39502.33,35552.09,Net Banking,3.9
ORD101737,2025-08-27,Beauty,North,Jaipur,181.2,4,20,724.8,579.84,UPI,4.2
ORD104387,2025-08-27,Home & Kitchen,East,Bhubaneswar,5425.55,4,25,21702.21,16276.66,Net Banking,2.9
ORD100520,2025-08-27,Sports,South,Bengaluru,11694.37,1,5,11694.37,11109.65,Debit Card,4.4
ORD102080,2025-08-27,Sports,South,Hyderabad,8719.09,2,0,17438.18,17438.18,Cash on Delivery,4.2
ORD101947,2025-08-27,Clothing,South,Coimbatore,2965.63,4,15,11862.52,10083.14,Cash on Delivery,4.2
ORD104002,2025-08-27,Home & Kitchen,North,Lucknow,6338.78,2,5,12677.57,12043.69,UPI,4.8
ORD103175,2025-08-27,Clothing,East,Guwahati,2998.47,2,5,5996.94,5697.09,UPI,3.0
ORD103306,2025-08-27,Clothing,West,Surat,1570.91,4,0,6283.64,6283.64,Net Banking,4.0
ORD104553,2025-08-28,Electronics,South,Hyderabad,44080.18,3,5,132240.54,125628.51,Credit Card,5.0
ORD103706,2025-08-28,Clothing,North,Chandigarh,1704.39,5,0,8521.93,8521.93,Cash on Delivery,4.8
ORD101003,2025-08-28,Beauty,East,Patna,236.4,3,5,709.21,673.75,Debit Card,5.0
ORD104742,2025-08-28,Clothing,West,Pune,2240.63,3,0,6721.9,6721.9,UPI,4.9
ORD100958,2025-08-28,Beauty,East,Guwahati,2663.94,1,15,2663.94,2264.35,UPI,4.2
ORD103961,2025-08-28,Clothing,North,Lucknow,2341.35,1,5,2341.35,2224.28,Cash on Delivery,2.9
ORD104006,2025-08-28,Electronics,West,Mumbai,53605.22,4,10,214420.9,192978.81,UPI,3.3
ORD104417,2025-08-28,Electronics,West,Pune,17599.05,4,5,70396.2,66876.39,Debit Card,5.0
ORD102626,2025-08-29,Sports,East,Bhubaneswar,8456.31,2,0,16912.62,16912.62,Debit Card,5.0
ORD100942,2025-08-29,Electronics,North,Lucknow,35904.53,3,0,107713.58,107713.58,Credit Card,4.2
ORD100355,2025-08-29,Clothing,North,Lucknow,2237.1,2,0,4474.21,4474.21,UPI,4.6
ORD101775,2025-08-29,Sports,West,Mumbai,9759.92,5,5,48799.58,46359.6,Net Banking,5.0
ORD100513,2025-08-29,Sports,South,Chennai,5842.99,3,0,17528.98,17528.98,Credit Card,3.8
ORD104956,2025-08-29,Electronics,South,Bengaluru,25805.43,2,5,51610.86,49030.32,Credit Card,3.6
ORD100487,2025-08-30,Toys,West,Surat,861.16,2,15,1722.32,1463.97,Debit Card,4.3
ORD103844,2025-08-30,Clothing,West,Ahmedabad,1454.0,3,20,4362.01,3489.61,Credit Card,4.7
ORD101888,2025-08-30,Beauty,South,Chennai,1629.85,1,5,1629.85,1548.36,Credit Card,4.1
ORD104787,2025-08-30,Electronics,East,Patna,58490.38,1,15,58490.38,49716.82,UPI,3.6
ORD102379,2025-08-30,Toys,North,Delhi,753.07,2,10,1506.14,1355.53,Net Banking,3.2
ORD100194,2025-08-30,Clothing,South,Chennai,1696.19,4,10,6784.76,6106.28,UPI,4.1
ORD101475,2025-08-30,Clothing,West,Ahmedabad,3758.74,3,20,11276.22,9020.98,UPI,3.2
ORD100239,2025-08-31,Electronics,North,Chandigarh,21719.18,2,0,43438.36,43438.36,UPI,4.9
ORD102415,2025-08-31,Sports,South,Chennai,3345.96,1,0,3345.96,3345.96,Credit Card,3.1
ORD101236,2025-08-31,Electronics,West,Ahmedabad,41694.68,5,5,208473.38,198049.71,Cash on Delivery,4.4
ORD100330,2025-08-31,Clothing,East,Kolkata,1818.93,5,10,9094.67,8185.2,UPI,2.9
ORD101327,2025-09-01,Books,North,Lucknow,855.25,4,0,3421.0,3421.0,UPI,4.6
ORD100734,2025-09-01,Clothing,South,Bengaluru,1607.47,3,0,4822.4,4822.4,Debit Card,4.2
ORD101305,2025-09-01,Toys,West,Mumbai,682.31,5,5,3411.55,3240.97,Credit Card,2.3
ORD101557,2025-09-01,Clothing,South,Coimbatore,636.59,3,0,1909.77,1909.77,UPI,4.4
ORD104355,2025-09-01,Electronics,North,Delhi,56939.3,5,10,284696.48,256226.83,UPI,3.1
ORD102881,2025-09-01,Home & Kitchen,North,Lucknow,4885.33,5,5,24426.67,23205.33,UPI,4.5
ORD103830,2025-09-01,Clothing,West,Surat,386.45,1,5,386.45,367.13,Credit Card,4.0
ORD100235,2025-09-01,Home & Kitchen,East,Guwahati,3983.57,3,0,11950.71,11950.71,Debit Card,4.5
ORD102056,2025-09-01,Home & Kitchen,West,Mumbai,269.8,2,25,539.59,404.69,Net Banking,4.8
ORD102878,2025-09-01,Clothing,West,Pune,619.97,2,0,1239.94,1239.94,Debit Card,3.7
ORD100262,2025-09-02,Electronics,North,Chandigarh,22687.62,4,5,90750.5,86212.97,Cash on Delivery,4.6
ORD102900,2025-09-02,Electronics,South,Bengaluru,25143.33,4,0,100573.34,100573.34,Net Banking,4.8
ORD103332,2025-09-02,Clothing,North,Jaipur,3512.28,2,0,7024.57,7024.57,Debit Card,3.5
ORD104008,2025-09-02,Clothing,West,Ahmedabad,1931.36,4,15,7725.43,6566.61,UPI,3.5
ORD103681,2025-09-03,Clothing,North,Jaipur,1161.63,3,5,3484.9,3310.66,Debit Card,3.1
ORD103082,2025-09-03,Electronics,South,Chennai,11563.94,4,0,46255.76,46255.76,Debit Card,4.4
ORD102794,2025-09-03,Electronics,South,Bengaluru,26842.81,2,15,53685.62,45632.77,Net Banking,4.3
ORD103352,2025-09-03,Toys,East,Kolkata,3398.88,3,5,10196.64,9686.81,UPI,4.0
ORD100561,2025-09-03,Electronics,South,Bengaluru,6519.93,1,25,6519.93,4889.95,Debit Card,4.2
ORD102184,2025-09-03,Electronics,East,Guwahati,47588.79,1,5,47588.79,45209.35,Debit Card,3.5
ORD100476,2025-09-03,Electronics,West,Ahmedabad,41515.45,5,10,207577.27,186819.54,Debit Card,4.9
ORD100415,2025-09-04,Books,North,Chandigarh,734.65,5,5,3673.26,3489.6,UPI,3.3
ORD100129,2025-09-04,Clothing,West,Ahmedabad,3755.72,3,5,11267.16,10703.8,Net Banking,3.7
ORD102971,2025-09-04,Sports,North,Delhi,2193.39,4,15,8773.58,7457.54,UPI,4.4
ORD102968,2025-09-04,Clothing,East,Bhubaneswar,1712.91,1,0,1712.91,1712.91,Credit Card,5.0
ORD100922,2025-09-04,Home & Kitchen,East,Patna,545.11,3,10,1635.32,1471.78,UPI,5.0
ORD100999,2025-09-04,Sports,West,Pune,11984.18,1,5,11984.18,11384.97,Debit Card,4.5
ORD101131,2025-09-04,Electronics,West,Ahmedabad,53419.29,1,5,53419.29,50748.33,Net Banking,3.5
ORD100503,2025-09-04,Electronics,West,Surat,51050.2,4,10,204200.82,183780.73,Credit Card,4.6
ORD100207,2025-09-04,Books,South,Coimbatore,675.92,3,0,2027.76,2027.76,Cash on Delivery,4.7
ORD101394,2025-09-04,Home & Kitchen,East,Bhubaneswar,4564.17,1,20,4564.17,3651.33,Credit Card,3.6
ORD103986,2025-09-04,Beauty,East,Patna,599.63,3,15,1798.9,1529.07,UPI,3.9
ORD103463,2025-09-04,Electronics,West,Pune,30193.38,3,0,90580.14,90580.14,UPI,4.9
ORD103975,2025-09-04,Electronics,North,Chandigarh,12754.64,5,0,63773.2,63773.2,UPI,2.9
ORD104479,2025-09-05,Clothing,North,Lucknow,3881.42,5,0,19407.1,19407.1,Debit Card,3.3
ORD103773,2025-09-05,Sports,East,Kolkata,663.67,5,15,3318.37,2820.61,UPI,3.9
ORD103094,2025-09-05,Sports,East,Patna,6727.11,2,0,13454.22,13454.22,UPI,4.8
ORD102261,2025-09-05,Clothing,West,Pune,2558.9,1,0,2558.9,2558.9,UPI,4.2
ORD102061,2025-09-05,Clothing,East,Guwahati,2782.63,2,10,5565.27,5008.74,UPI,4.5
ORD101442,2025-09-06,Home & Kitchen,South,Bengaluru,6975.0,5,0,34874.98,34874.98,Debit Card,3.2
ORD104064,2025-09-06,Electronics,East,Patna,18388.41,3,10,55165.22,49648.7,UPI,4.7
ORD102417,2025-09-06,Electronics,East,Kolkata,40616.64,3,5,121849.92,115757.43,UPI,4.6
ORD100007,2025-09-06,Home & Kitchen,East,Kolkata,7381.77,3,10,22145.31,19930.78,UPI,4.6
ORD104100,2025-09-06,Home & Kitchen,East,Bhubaneswar,2597.36,3,5,7792.08,7402.47,Credit Card,3.7
ORD101380,2025-09-07,Clothing,South,Hyderabad,1410.62,5,5,7053.12,6700.47,UPI,5.0
ORD101036,2025-09-07,Home & Kitchen,South,Bengaluru,4635.11,5,0,23175.56,23175.56,UPI,4.0
ORD101111,2025-09-07,Electronics,South,Bengaluru,52347.2,1,25,52347.2,39260.4,Debit Card,3.0
ORD101048,2025-09-07,Sports,East,Kolkata,1223.68,2,10,2447.36,2202.62,Credit Card,4.7
ORD104898,2025-09-07,Home & Kitchen,West,Mumbai,560.9,4,10,2243.6,2019.24,Credit Card,4.2
ORD104546,2025-09-07,Clothing,South,Hyderabad,1275.79,2,0,2551.59,2551.59,Credit Card,2.7
ORD103826,2025-09-07,Electronics,South,Hyderabad,46946.7,4,10,187786.8,169008.12,Debit Card,3.8
ORD101114,2025-09-07,Toys,South,Hyderabad,2255.11,2,5,4510.22,4284.71,UPI,3.6
ORD104737,2025-09-07,Home & Kitchen,West,Ahmedabad,6788.2,3,25,20364.59,15273.44,UPI,3.6
ORD101889,2025-09-08,Books,South,Chennai,897.27,2,0,1794.53,1794.53,UPI,4.6
ORD101559,2025-09-08,Books,South,Bengaluru,839.79,5,10,4198.97,3779.07,Net Banking,3.4
ORD102560,2025-09-08,Sports,North,Jaipur,3008.64,5,0,15043.21,15043.21,UPI,3.5
ORD100524,2025-09-08,Beauty,East,Bhubaneswar,301.12,3,10,903.37,813.03,Cash on Delivery,4.5
ORD102816,2025-09-09,Sports,North,Chandigarh,8353.29,4,20,33413.14,26730.51,UPI,3.7
ORD103230,2025-09-09,Electronics,South,Chennai,32807.35,5,5,164036.73,155834.89,UPI,4.6
ORD102806,2025-09-09,Clothing,South,Hyderabad,585.98,1,15,585.98,498.09,Net Banking,3.5
ORD102276,2025-09-09,Electronics,East,Guwahati,7188.42,1,5,7188.42,6829.0,Credit Card,4.9
ORD104371,2025-09-09,Home & Kitchen,West,Pune,1626.07,5,20,8130.37,6504.3,Net Banking,3.2
ORD103675,2025-09-10,Books,South,Bengaluru,906.39,1,5,906.39,861.07,Credit Card,3.6
ORD102111,2025-09-10,Beauty,North,Jaipur,1223.49,2,5,2446.98,2324.63,Net Banking,3.7
ORD102771,2025-09-10,Sports,East,Bhubaneswar,5717.68,4,15,22870.72,19440.11,UPI,3.7
ORD103950,2025-09-10,Beauty,South,Coimbatore,653.12,3,0,1959.37,1959.37,UPI,4.3
ORD104440,2025-09-10,Clothing,South,Bengaluru,3315.89,4,10,13263.57,11937.21,Credit Card,4.7
ORD102823,2025-09-10,Clothing,South,Bengaluru,736.35,2,10,1472.69,1325.42,Cash on Delivery,2.1
ORD104684,2025-09-10,Sports,South,Chennai,9952.37,5,15,49761.83,42297.56,Credit Card,4.4
ORD104457,2025-09-10,Toys,South,Hyderabad,2848.04,5,20,14240.2,11392.16,Debit Card,3.8
ORD102970,2025-09-10,Clothing,East,Bhubaneswar,3277.44,3,0,9832.32,9832.32,UPI,4.1
ORD104551,2025-09-11,Electronics,South,Chennai,19077.95,4,20,76311.79,61049.43,Debit Card,4.7
ORD103252,2025-09-11,Books,South,Coimbatore,904.22,1,15,904.22,768.59,Credit Card,3.5
ORD103037,2025-09-11,Sports,North,Jaipur,1397.91,5,0,6989.53,6989.53,Cash on Delivery,3.9
ORD103488,2025-09-11,Home & Kitchen,East,Patna,3323.2,4,10,13292.8,11963.52,Debit Card,4.4
ORD100419,2025-09-11,Beauty,East,Kolkata,389.11,3,10,1167.33,1050.59,Debit Card,4.9
ORD103945,2025-09-11,Clothing,North,Jaipur,3202.97,4,10,12811.87,11530.69,Net Banking,4.4
ORD101969,2025-09-11,Electronics,South,Coimbatore,23346.26,1,15,23346.26,19844.32,Credit Card,4.7
ORD101447,2025-09-11,Sports,South,Hyderabad,3497.81,3,0,10493.43,10493.43,Credit Card,4.4
ORD103916,2025-09-11,Clothing,South,Bengaluru,2865.52,2,5,5731.04,5444.49,UPI,4.6
ORD100164,2025-09-11,Electronics,South,Bengaluru,36230.55,1,5,36230.55,34419.02,Net Banking,3.0
ORD102233,2025-09-12,Home & Kitchen,West,Ahmedabad,1902.09,5,10,9510.47,8559.42,Credit Card,3.3
ORD103212,2025-09-12,Toys,North,Lucknow,1543.33,1,20,1543.33,1234.67,UPI,3.2
ORD102519,2025-09-12,Toys,South,Chennai,682.07,3,0,2046.21,2046.21,UPI,3.4
ORD103735,2025-09-12,Sports,South,Bengaluru,3903.5,2,0,7807.0,7807.0,Cash on Delivery,3.4
ORD104487,2025-09-12,Books,South,Hyderabad,688.61,5,5,3443.07,3270.91,Credit Card,3.3
ORD101134,2025-09-13,Beauty,West,Mumbai,2833.83,1,10,2833.83,2550.45,UPI,4.5
ORD104863,2025-09-13,Home & Kitchen,South,Bengaluru,3314.36,1,10,3314.36,2982.92,Cash on Delivery,5.0
ORD104770,2025-09-13,Books,South,Hyderabad,617.53,1,0,617.53,617.53,UPI,4.1
ORD102088,2025-09-13,Toys,East,Guwahati,1660.07,3,0,4980.22,4980.22,Net Banking,4.0
ORD103132,2025-09-13,Beauty,South,Chennai,2068.42,1,10,2068.42,1861.58,Debit Card,5.0
ORD103098,2025-09-13,Sports,North,Delhi,11438.42,2,5,22876.84,21733.0,Credit Card,3.9
ORD104510,2025-09-13,Beauty,West,Mumbai,2587.27,3,0,7761.82,7761.82,Credit Card,3.2
ORD101060,2025-09-14,Books,South,Coimbatore,319.13,1,25,319.13,239.35,Credit Card,5.0
ORD103813,2025-09-14,Sports,North,Jaipur,3296.32,2,15,6592.63,5603.74,UPI,3.7
ORD102694,2025-09-14,Home & Kitchen,East,Kolkata,3615.22,5,10,18076.1,16268.49,Credit Card,4.2
ORD100917,2025-09-14,Electronics,West,Surat,33479.0,3,5,100437.0,95415.15,Net Banking,5.0
ORD102548,2025-09-14,Sports,South,Chennai,7470.78,1,0,7470.78,7470.78,Net Banking,2.7
ORD100884,2025-09-14,Home & Kitchen,West,Ahmedabad,6881.53,3,10,20644.59,18580.13,Debit Card,4.0
ORD101922,2025-09-14,Home & Kitchen,South,Chennai,6728.51,5,10,33642.55,30278.29,UPI,3.5
ORD101113,2025-09-14,Home & Kitchen,East,Kolkata,1066.16,1,5,1066.16,1012.85,UPI,4.3
ORD101355,2025-09-14,Electronics,West,Surat,11057.82,3,0,33173.45,33173.45,Cash on Delivery,4.1
ORD100266,2025-09-15,Electronics,East,Guwahati,45237.63,3,10,135712.9,122141.61,Credit Card,4.6
ORD102476,2025-09-15,Beauty,East,Patna,340.89,2,10,681.77,613.59,Debit Card,4.6
ORD104542,2025-09-15,Home & Kitchen,East,Guwahati,4507.39,1,10,4507.39,4056.65,UPI,4.5
ORD101257,2025-09-15,Beauty,South,Hyderabad,349.81,2,15,699.63,594.68,UPI,3.4
ORD100778,2025-09-15,Toys,West,Pune,2037.74,3,20,6113.22,4890.57,Credit Card,3.3
ORD100937,2025-09-15,Sports,South,Chennai,8485.73,4,15,33942.9,28851.47,Cash on Delivery,3.2
ORD103686,2025-09-15,Electronics,North,Jaipur,57978.25,5,20,289891.26,231913.01,Credit Card,3.6
ORD103384,2025-09-16,Electronics,South,Hyderabad,49239.46,2,10,98478.93,88631.04,Debit Card,4.3
ORD104009,2025-09-16,Books,West,Mumbai,984.42,5,10,4922.11,4429.9,Credit Card,4.2
ORD100288,2025-09-16,Sports,North,Delhi,1076.94,2,5,2153.89,2046.19,Debit Card,3.0
ORD100208,2025-09-16,Toys,North,Delhi,2202.42,4,5,8809.67,8369.18,UPI,4.1
ORD100863,2025-09-16,Clothing,North,Delhi,787.85,2,10,1575.7,1418.13,UPI,4.3
ORD102485,2025-09-16,Electronics,South,Hyderabad,56574.82,1,0,56574.82,56574.82,UPI,4.3
ORD102772,2025-09-16,Home & Kitchen,North,Jaipur,342.28,5,25,1711.42,1283.57,UPI,4.5
ORD104234,2025-09-17,Beauty,West,Mumbai,849.94,4,20,3399.78,2719.82,Cash on Delivery,5.0
ORD100527,2025-09-17,Sports,West,Mumbai,8464.23,3,5,25392.68,24123.04,UPI,5.0
ORD100370,2025-09-17,Clothing,North,Jaipur,2429.35,4,10,9717.42,8745.67,Credit Card,3.4
ORD104455,2025-09-17,Beauty,East,Guwahati,2906.72,5,10,14533.61,13080.25,Credit Card,4.7
ORD102962,2025-09-17,Electronics,West,Ahmedabad,51863.8,2,0,103727.59,103727.59,UPI,4.5
ORD102586,2025-09-17,Toys,South,Hyderabad,481.17,1,0,481.17,481.17,Cash on Delivery,4.4
ORD101094,2025-09-18,Sports,North,Delhi,3255.65,1,15,3255.65,2767.3,UPI,3.6
ORD102291,2025-09-18,Toys,West,Surat,2435.22,2,10,4870.43,4383.39,UPI,4.4
ORD104057,2025-09-19,Electronics,West,Surat,13350.36,4,20,53401.45,42721.16,UPI,3.6
ORD102430,2025-09-19,Toys,West,Ahmedabad,1496.42,5,0,7482.1,7482.1,Credit Card,4.1
ORD104025,2025-09-19,Electronics,East,Patna,37958.53,5,5,189792.66,180303.03,UPI,4.9
ORD103378,2025-09-19,Electronics,West,Ahmedabad,37379.69,3,10,112139.07,100925.17,UPI,4.5
ORD102917,2025-09-19,Clothing,South,Bengaluru,3160.55,1,5,3160.55,3002.53,Net Banking,4.1
ORD104935,2025-09-19,Toys,South,Coimbatore,3043.12,1,15,3043.12,2586.65,Credit Card,3.9
ORD100286,2025-09-19,Electronics,South,Chennai,13657.69,1,0,13657.69,13657.69,Cash on Delivery,4.9
ORD104086,2025-09-19,Clothing,South,Chennai,1053.6,2,0,2107.2,2107.2,UPI,2.3
ORD100179,2025-09-19,Beauty,South,Bengaluru,1820.77,5,0,9103.86,9103.86,Cash on Delivery,4.2
ORD102746,2025-09-19,Electronics,West,Pune,50992.99,5,15,254964.94,216720.2,Credit Card,4.7
ORD102094,2025-09-20,Electronics,West,Ahmedabad,33294.04,1,20,33294.04,26635.23,Net Banking,4.1
ORD103304,2025-09-20,Clothing,West,Surat,3250.32,2,0,6500.64,6500.64,Net Banking,3.9
ORD101429,2025-09-20,Beauty,West,Mumbai,1354.43,5,0,6772.16,6772.16,Cash on Delivery,2.6
ORD102471,2025-09-20,Sports,North,Chandigarh,3716.97,5,5,18584.85,17655.61,Net Banking,3.4
ORD101320,2025-09-20,Beauty,East,Guwahati,2750.6,3,10,8251.79,7426.61,Credit Card,3.9
ORD103062,2025-09-20,Sports,North,Delhi,5877.81,4,0,23511.24,23511.24,Credit Card,4.8
ORD104623,2025-09-20,Clothing,West,Mumbai,3783.13,4,0,15132.5,15132.5,Credit Card,4.4
ORD104005,2025-09-20,Electronics,West,Mumbai,48893.56,3,0,146680.68,146680.68,UPI,4.6
ORD102860,2025-09-20,Books,North,Delhi,199.74,3,0,599.23,599.23,Debit Card,4.1
ORD104638,2025-09-21,Home & Kitchen,West,Ahmedabad,5641.07,3,0,16923.2,16923.2,UPI,3.9
ORD104523,2025-09-21,Clothing,South,Chennai,1416.82,5,20,7084.08,5667.26,Debit Card,4.4
ORD102640,2025-09-21,Home & Kitchen,West,Surat,3830.48,3,5,11491.44,10916.87,UPI,4.0
ORD101181,2025-09-21,Clothing,North,Jaipur,1813.33,2,0,3626.65,3626.65,Net Banking,4.8
ORD103610,2025-09-21,Electronics,North,Jaipur,22838.83,5,0,114194.15,114194.15,UPI,4.8
ORD102774,2025-09-21,Beauty,East,Guwahati,2587.22,2,10,5174.44,4657.0,UPI,3.2
ORD102293,2025-09-21,Books,South,Coimbatore,723.6,3,5,2170.8,2062.26,Credit Card,3.8
ORD101944,2025-09-21,Electronics,South,Bengaluru,27712.06,4,25,110848.24,83136.18,UPI,5.0
ORD100891,2025-09-22,Electronics,South,Bengaluru,34286.64,4,0,137146.55,137146.55,Credit Card,3.7
ORD104961,2025-09-22,Electronics,South,Chennai,56714.25,3,10,170142.74,153128.46,UPI,4.7
ORD104953,2025-09-22,Books,North,Jaipur,439.5,1,0,439.5,439.5,Credit Card,3.9
ORD102597,2025-09-22,Electronics,West,Ahmedabad,15802.54,2,10,31605.08,28444.57,Credit Card,4.7
ORD103651,2025-09-22,Clothing,North,Delhi,2273.66,4,15,9094.62,7730.43,Debit Card,3.6
ORD102199,2025-09-22,Electronics,South,Hyderabad,44331.84,4,5,177327.35,168460.98,UPI,3.7
ORD103842,2025-09-22,Toys,North,Delhi,2704.81,1,15,2704.81,2299.09,Credit Card,3.2
ORD101857,2025-09-22,Electronics,East,Bhubaneswar,35810.78,2,0,71621.56,71621.56,Credit Card,4.1
ORD103695,2025-09-23,Sports,North,Delhi,4998.67,2,10,9997.34,8997.6,UPI,4.5
ORD103134,2025-09-23,Clothing,South,Hyderabad,1886.71,3,0,5660.12,5660.12,Net Banking,5.0
ORD101964,2025-09-23,Home & Kitchen,North,Lucknow,4237.46,5,15,21187.29,18009.2,Cash on Delivery,3.5
ORD103607,2025-09-23,Clothing,East,Bhubaneswar,2564.93,3,0,7694.79,7694.79,UPI,4.0
ORD102813,2025-09-23,Books,North,Delhi,1078.33,5,0,5391.64,5391.64,UPI,3.1
ORD101283,2025-09-23,Books,North,Chandigarh,970.77,1,25,970.77,728.07,Debit Card,3.7
ORD104630,2025-09-23,Sports,North,Lucknow,4126.91,1,20,4126.91,3301.52,UPI,4.8
ORD102279,2025-09-24,Electronics,West,Mumbai,53101.11,4,0,212404.46,212404.46,Net Banking,3.4
ORD103673,2025-09-24,Beauty,East,Kolkata,2163.59,4,5,8654.34,8221.63,UPI,4.5
ORD102171,2025-09-24,Clothing,West,Pune,2069.52,4,0,8278.09,8278.09,Net Banking,4.0
ORD103110,2025-09-24,Books,South,Coimbatore,933.35,5,10,4666.76,4200.08,Net Banking,3.1
ORD102683,2025-09-24,Beauty,East,Bhubaneswar,308.02,1,0,308.02,308.02,UPI,5.0
ORD100178,2025-09-24,Electronics,South,Bengaluru,36461.5,2,5,72923.0,69276.85,Credit Card,4.1
ORD102298,2025-09-24,Toys,North,Lucknow,1044.14,5,10,5220.71,4698.64,UPI,3.6
ORD100609,2025-09-25,Home & Kitchen,South,Coimbatore,2490.68,5,5,12453.38,11830.71,UPI,3.3
ORD104562,2025-09-25,Clothing,West,Surat,2171.25,2,5,4342.51,4125.38,Cash on Delivery,4.6
ORD103336,2025-09-25,Sports,East,Patna,1433.41,4,0,5733.65,5733.65,Cash on Delivery,4.7
ORD100591,2025-09-25,Toys,South,Coimbatore,312.35,1,5,312.35,296.73,UPI,2.9
ORD100443,2025-09-25,Electronics,West,Ahmedabad,23138.48,3,0,69415.45,69415.45,Net Banking,5.0
ORD100830,2025-09-25,Clothing,East,Patna,3292.65,5,25,16463.23,12347.42,UPI,4.6
ORD101334,2025-09-25,Toys,North,Chandigarh,2858.24,4,0,11432.95,11432.95,Debit Card,4.9
ORD101561,2025-09-26,Clothing,West,Ahmedabad,1908.06,5,0,9540.29,9540.29,Cash on Delivery,3.5
ORD104671,2025-09-26,Clothing,South,Chennai,2576.5,4,5,10306.0,9790.7,Credit Card,4.6
ORD101817,2025-09-26,Electronics,North,Jaipur,41420.27,1,5,41420.27,39349.26,Net Banking,4.4
ORD101077,2025-09-26,Toys,West,Pune,2328.38,4,5,9313.52,8847.85,UPI,2.8
ORD104149,2025-09-26,Electronics,South,Chennai,49656.68,4,0,198626.71,198626.71,UPI,3.4
ORD100428,2025-09-27,Books,West,Mumbai,412.5,4,5,1649.99,1567.49,Credit Card,4.7
ORD103108,2025-09-27,Beauty,South,Coimbatore,1116.52,4,20,4466.09,3572.88,Debit Card,3.1
ORD104310,2025-09-27,Toys,North,Chandigarh,1147.65,3,15,3442.94,2926.5,Cash on Delivery,5.0
ORD102220,2025-09-28,Clothing,North,Chandigarh,2240.38,3,0,6721.14,6721.14,UPI,3.7
ORD102172,2025-09-28,Books,North,Lucknow,756.39,1,0,756.39,756.39,Net Banking,4.3
ORD103447,2025-09-28,Books,North,Lucknow,339.49,3,0,1018.48,1018.48,Credit Card,5.0
ORD101039,2025-09-28,Electronics,East,Guwahati,45423.58,3,5,136270.73,129457.19,Cash on Delivery,3.8
ORD102892,2025-09-28,Sports,West,Surat,8305.97,2,10,16611.94,14950.75,Debit Card,4.6
ORD104994,2025-09-28,Sports,South,Bengaluru,7753.32,5,10,38766.59,34889.93,UPI,4.6
ORD101901,2025-09-28,Electronics,West,Pune,46892.98,4,0,187571.9,187571.9,UPI,4.2
ORD103131,2025-09-28,Books,North,Chandigarh,354.16,3,10,1062.49,956.24,UPI,3.9
ORD100642,2025-09-29,Clothing,North,Lucknow,3028.07,1,10,3028.07,2725.26,Cash on Delivery,3.3
ORD103418,2025-09-29,Home & Kitchen,North,Lucknow,2067.48,2,25,4134.97,3101.23,Net Banking,4.8
ORD102605,2025-09-29,Clothing,South,Chennai,1168.54,1,5,1168.54,1110.11,Cash on Delivery,5.0
ORD104167,2025-09-29,Sports,West,Surat,9990.61,1,5,9990.61,9491.08,UPI,3.8
ORD103804,2025-09-29,Clothing,West,Ahmedabad,3147.08,3,20,9441.23,7552.98,Credit Card,5.0
ORD102007,2025-09-29,Home & Kitchen,North,Lucknow,7388.71,4,0,29554.83,29554.83,Net Banking,4.2
ORD100446,2025-09-29,Clothing,South,Bengaluru,2467.82,5,0,12339.11,12339.11,Credit Card,4.1
ORD104558,2025-09-29,Electronics,East,Kolkata,56277.01,2,0,112554.02,112554.02,Cash on Delivery,4.9
ORD100219,2025-09-29,Electronics,East,Kolkata,19693.91,4,0,78775.64,78775.64,UPI,4.6
ORD102790,2025-09-29,Electronics,North,Lucknow,9946.21,3,20,29838.64,23870.91,Cash on Delivery,4.1
ORD104978,2025-09-29,Sports,South,Coimbatore,11491.89,4,0,45967.56,45967.56,Cash on Delivery,4.1
ORD103278,2025-09-30,Books,South,Coimbatore,1036.8,4,10,4147.2,3732.48,Credit Card,4.2
ORD102832,2025-09-30,Electronics,West,Ahmedabad,21052.79,4,5,84211.17,80000.61,UPI,4.5
ORD104423,2025-09-30,Clothing,East,Guwahati,979.89,2,15,1959.78,1665.81,UPI,4.7
ORD103654,2025-09-30,Books,East,Bhubaneswar,369.91,3,15,1109.72,943.26,Credit Card,4.1
ORD100373,2025-09-30,Books,West,Surat,1103.27,2,0,2206.53,2206.53,UPI,4.6
ORD100868,2025-09-30,Electronics,East,Guwahati,55351.31,2,5,110702.62,105167.49,Credit Card,4.6
ORD100254,2025-10-01,Toys,East,Bhubaneswar,3361.33,3,5,10084.0,9579.8,UPI,3.5
ORD103052,2025-10-01,Electronics,South,Chennai,9173.07,1,10,9173.07,8255.77,Net Banking,5.0
ORD100168,2025-10-01,Sports,East,Kolkata,1552.24,4,10,6208.96,5588.07,UPI,2.9
ORD104933,2025-10-01,Clothing,South,Bengaluru,2994.95,5,0,14974.73,14974.73,UPI,3.3
ORD100313,2025-10-01,Beauty,North,Chandigarh,1080.87,1,25,1080.87,810.65,UPI,4.4
ORD102990,2025-10-01,Electronics,West,Surat,28419.22,2,10,56838.43,51154.59,Debit Card,5.0
ORD101160,2025-10-01,Sports,West,Mumbai,10730.77,3,10,32192.31,28973.08,Credit Card,4.2
ORD104603,2025-10-01,Books,North,Lucknow,550.12,4,25,2200.5,1650.37,Cash on Delivery,3.8
ORD101377,2025-10-02,Electronics,East,Patna,24576.93,3,5,73730.79,70044.25,Cash on Delivery,3.6
ORD102792,2025-10-02,Clothing,West,Surat,897.19,4,0,3588.76,3588.76,Credit Card,3.8
ORD100441,2025-10-02,Home & Kitchen,North,Jaipur,7599.9,4,0,30399.59,30399.59,Cash on Delivery,5.0
ORD100257,2025-10-02,Sports,West,Surat,3506.77,5,0,17533.87,17533.87,UPI,5.0
ORD102070,2025-10-02,Electronics,East,Guwahati,26015.71,2,20,52031.42,41625.14,Debit Card,3.7
ORD101972,2025-10-03,Clothing,West,Ahmedabad,3317.68,2,10,6635.35,5971.82,UPI,3.9
ORD102398,2025-10-03,Home & Kitchen,South,Hyderabad,2128.84,4,0,8515.34,8515.34,UPI,4.5
ORD102244,2025-10-03,Toys,North,Chandigarh,2221.69,4,5,8886.75,8442.41,Cash on Delivery,3.3
ORD100213,2025-10-03,Sports,West,Mumbai,7849.28,4,15,31397.12,26687.55,Cash on Delivery,5.0
ORD100995,2025-10-03,Clothing,South,Bengaluru,3803.12,3,15,11409.37,9697.96,UPI,4.1
ORD101217,2025-10-04,Home & Kitchen,North,Chandigarh,815.45,2,10,1630.89,1467.8,Debit Card,3.1
ORD101869,2025-10-04,Toys,South,Coimbatore,2573.31,1,10,2573.31,2315.98,UPI,4.2
ORD101903,2025-10-04,Sports,South,Bengaluru,7090.82,3,0,21272.47,21272.47,Credit Card,4.4
ORD100131,2025-10-04,Home & Kitchen,East,Guwahati,4549.97,2,15,9099.94,7734.95,Debit Card,4.1
ORD104918,2025-10-04,Books,West,Surat,556.96,4,5,2227.86,2116.47,UPI,5.0
ORD104386,2025-10-05,Sports,West,Mumbai,3590.63,4,0,14362.54,14362.54,Cash on Delivery,4.8
ORD102060,2025-10-05,Sports,West,Ahmedabad,4375.94,5,0,21879.68,21879.68,UPI,5.0
ORD104679,2025-10-05,Toys,South,Bengaluru,2996.37,4,5,11985.49,11386.22,UPI,2.9
ORD101214,2025-10-05,Electronics,East,Patna,23027.12,4,5,92108.47,87503.04,Cash on Delivery,4.5
ORD102137,2025-10-05,Home & Kitchen,South,Bengaluru,3923.47,5,5,19617.33,18636.46,Credit Card,4.1
ORD103825,2025-10-05,Toys,West,Mumbai,752.64,5,15,3763.18,3198.71,Debit Card,3.3
ORD103843,2025-10-06,Sports,East,Bhubaneswar,8542.62,5,20,42713.09,34170.47,UPI,3.9
ORD100969,2025-10-06,Electronics,North,Jaipur,36758.32,1,5,36758.32,34920.4,UPI,4.3
ORD104051,2025-10-06,Home & Kitchen,South,Coimbatore,4778.77,5,5,23893.86,22699.17,UPI,4.0
ORD102997,2025-10-06,Electronics,North,Jaipur,37505.63,1,20,37505.63,30004.51,UPI,4.4
ORD100840,2025-10-06,Sports,West,Ahmedabad,7113.63,5,5,35568.16,33789.75,UPI,5.0
ORD104887,2025-10-06,Sports,East,Kolkata,9260.02,3,0,27780.07,27780.07,Credit Card,4.0
ORD104482,2025-10-06,Electronics,East,Patna,27425.15,5,0,137125.77,137125.77,Debit Card,4.3
ORD102525,2025-10-06,Sports,North,Delhi,3164.22,2,10,6328.44,5695.59,UPI,2.7
ORD102440,2025-10-06,Electronics,West,Ahmedabad,8346.15,3,5,25038.46,23786.54,Net Banking,3.9
ORD100743,2025-10-06,Home & Kitchen,West,Ahmedabad,2272.82,3,0,6818.47,6818.47,UPI,5.0
ORD103411,2025-10-07,Books,North,Chandigarh,362.41,3,0,1087.24,1087.24,Credit Card,4.1
ORD101324,2025-10-07,Toys,West,Mumbai,3399.21,5,25,16996.07,12747.05,Credit Card,4.6
ORD100956,2025-10-07,Sports,East,Guwahati,11951.61,2,15,23903.21,20317.73,Credit Card,4.4
ORD101052,2025-10-07,Clothing,West,Surat,1953.09,4,0,7812.36,7812.36,Credit Card,3.9
ORD104550,2025-10-07,Electronics,South,Bengaluru,35440.49,5,5,177202.44,168342.32,Debit Card,5.0
ORD103006,2025-10-07,Toys,West,Ahmedabad,2198.8,2,10,4397.61,3957.85,Cash on Delivery,3.8
ORD100162,2025-10-07,Beauty,North,Chandigarh,2280.43,1,5,2280.43,2166.41,Cash on Delivery,4.5
ORD103072,2025-10-07,Beauty,South,Hyderabad,1565.12,1,15,1565.12,1330.35,UPI,3.2
ORD101690,2025-10-07,Sports,West,Ahmedabad,3779.55,5,15,18897.77,16063.1,UPI,4.5
ORD100046,2025-10-08,Home & Kitchen,West,Surat,200.24,5,25,1001.2,750.9,UPI,4.5
ORD103811,2025-10-08,Sports,North,Jaipur,5571.72,1,0,5571.72,5571.72,Cash on Delivery,3.8
ORD102609,2025-10-08,Toys,South,Coimbatore,503.13,2,20,1006.26,805.01,UPI,4.3
ORD103550,2025-10-08,Toys,West,Ahmedabad,567.24,5,5,2836.22,2694.41,Net Banking,3.3
ORD103559,2025-10-09,Beauty,North,Jaipur,2564.62,1,0,2564.62,2564.62,Cash on Delivery,4.4
ORD100102,2025-10-09,Home & Kitchen,North,Chandigarh,3422.24,3,0,10266.71,10266.71,Credit Card,3.1
ORD101085,2025-10-09,Sports,North,Jaipur,7808.4,5,10,39041.98,35137.78,UPI,3.9
ORD100698,2025-10-09,Home & Kitchen,East,Kolkata,6925.93,1,0,6925.93,6925.93,UPI,4.9
ORD103205,2025-10-09,Electronics,North,Delhi,59161.42,4,0,236645.66,236645.66,Debit Card,5.0
ORD104655,2025-10-09,Toys,South,Hyderabad,240.44,1,0,240.44,240.44,UPI,5.0
ORD102129,2025-10-09,Electronics,North,Delhi,57571.16,1,0,57571.16,57571.16,Credit Card,2.8
ORD102284,2025-10-09,Home & Kitchen,North,Delhi,5525.83,4,0,22103.31,22103.31,UPI,4.2
ORD100616,2025-10-09,Beauty,North,Chandigarh,864.59,4,0,3458.34,3458.34,Credit Card,4.2
ORD102553,2025-10-09,Electronics,South,Coimbatore,20117.73,1,0,20117.73,20117.73,Credit Card,3.8
ORD102238,2025-10-09,Electronics,North,Lucknow,11079.91,5,0,55399.54,55399.54,UPI,4.1
ORD102030,2025-10-09,Clothing,West,Pune,450.57,5,10,2252.85,2027.57,Debit Card,4.4
ORD101563,2025-10-10,Electronics,South,Coimbatore,21622.6,2,0,43245.19,43245.19,Debit Card,5.0
ORD100185,2025-10-10,Electronics,West,Mumbai,40832.37,5,0,204161.87,204161.87,Net Banking,4.2
ORD104445,2025-10-10,Toys,East,Guwahati,1578.34,5,15,7891.68,6707.93,Cash on Delivery,3.4
ORD103730,2025-10-10,Clothing,West,Mumbai,2363.86,4,0,9455.44,9455.44,Debit Card,4.2
ORD102975,2025-10-10,Books,West,Ahmedabad,850.78,5,10,4253.92,3828.53,UPI,5.0
ORD104366,2025-10-11,Toys,East,Kolkata,1375.84,3,5,4127.52,3921.14,Cash on Delivery,3.8
ORD102450,2025-10-11,Electronics,West,Surat,17273.33,3,0,51820.0,51820.0,Cash on Delivery,4.5
ORD104744,2025-10-11,Beauty,South,Bengaluru,753.32,3,5,2259.97,2146.97,Net Banking,3.0
ORD104097,2025-10-11,Home & Kitchen,South,Chennai,1088.89,2,0,2177.78,2177.78,UPI,3.6
ORD102208,2025-10-11,Toys,North,Jaipur,217.87,4,0,871.5,871.5,Debit Card,4.1
ORD103759,2025-10-11,Home & Kitchen,South,Bengaluru,4763.19,5,0,23815.96,23815.96,Debit Card,3.1
ORD102899,2025-10-11,Electronics,North,Lucknow,11977.79,2,0,23955.58,23955.58,Cash on Delivery,3.1
ORD104563,2025-10-11,Books,South,Hyderabad,218.43,5,10,1092.13,982.91,Debit Card,3.7
ORD104420,2025-10-11,Home & Kitchen,South,Bengaluru,6911.1,3,0,20733.29,20733.29,UPI,4.3
ORD100991,2025-10-11,Clothing,South,Coimbatore,3579.81,4,5,14319.25,13603.29,Net Banking,3.9
ORD104989,2025-10-11,Books,East,Patna,948.53,2,10,1897.06,1707.35,UPI,5.0
ORD104862,2025-10-12,Books,East,Patna,750.54,3,10,2251.62,2026.46,UPI,3.6
ORD104038,2025-10-12,Beauty,West,Surat,2279.56,5,15,11397.8,9688.13,UPI,3.5
ORD103672,2025-10-12,Electronics,North,Delhi,51877.69,4,5,207510.76,197135.22,Cash on Delivery,3.7
ORD102531,2025-10-12,Clothing,West,Surat,2260.44,3,5,6781.33,6442.27,UPI,4.0
ORD103038,2025-10-12,Home & Kitchen,South,Coimbatore,5095.56,4,15,20382.26,17324.92,Net Banking,3.5
ORD104140,2025-10-12,Electronics,South,Hyderabad,1794.04,1,5,1794.04,1704.34,Debit Card,4.4
ORD102569,2025-10-13,Electronics,South,Hyderabad,46863.64,2,0,93727.28,93727.28,Cash on Delivery,3.9
ORD103710,2025-10-13,Home & Kitchen,North,Lucknow,7815.57,1,5,7815.57,7424.79,Debit Card,4.0
ORD104811,2025-10-13,Clothing,South,Chennai,2780.84,2,0,5561.69,5561.69,Net Banking,4.8
ORD100271,2025-10-13,Beauty,East,Patna,2781.19,5,15,13905.94,11820.05,UPI,3.9
ORD100605,2025-10-14,Toys,West,Pune,2944.41,5,5,14722.06,13985.96,Cash on Delivery,5.0
ORD102369,2025-10-14,Electronics,West,Pune,6572.92,4,20,26291.66,21033.33,Credit Card,3.8
ORD100640,2025-10-14,Clothing,West,Mumbai,3614.16,4,5,14456.64,13733.81,UPI,3.5
ORD103990,2025-10-14,Toys,South,Bengaluru,2217.46,2,10,4434.92,3991.43,UPI,4.2
ORD104537,2025-10-14,Clothing,North,Lucknow,1488.49,3,5,4465.48,4242.2,Debit Card,3.7
ORD102381,2025-10-14,Electronics,West,Ahmedabad,41755.35,4,15,167021.39,141968.18,UPI,3.7
ORD103218,2025-10-14,Books,East,Patna,523.52,3,15,1570.57,1334.98,UPI,3.7
ORD103123,2025-10-15,Home & Kitchen,West,Surat,1596.9,4,10,6387.58,5748.83,UPI,4.9
ORD100394,2025-10-15,Clothing,North,Jaipur,995.82,1,5,995.82,946.03,UPI,3.3
ORD102037,2025-10-15,Books,South,Coimbatore,436.24,5,5,2181.22,2072.16,Cash on Delivery,4.6
ORD103064,2025-10-15,Sports,West,Ahmedabad,9515.15,3,0,28545.44,28545.44,UPI,5.0
ORD104904,2025-10-15,Books,North,Delhi,794.58,4,0,3178.31,3178.31,Debit Card,2.9
ORD102309,2025-10-15,Toys,North,Delhi,2051.04,3,5,6153.13,5845.47,Debit Card,2.9
ORD100981,2025-10-15,Electronics,West,Surat,23640.79,2,20,47281.58,37825.26,UPI,4.8
ORD102912,2025-10-16,Beauty,South,Chennai,1983.37,4,20,7933.48,6346.79,Credit Card,4.0
ORD103288,2025-10-16,Toys,North,Chandigarh,625.64,1,0,625.64,625.64,Credit Card,4.2
ORD104897,2025-10-16,Books,South,Hyderabad,1175.97,3,10,3527.91,3175.11,Credit Card,4.4
ORD102838,2025-10-16,Sports,East,Patna,824.12,3,15,2472.37,2101.52,Credit Card,3.3
ORD100149,2025-10-16,Electronics,North,Chandigarh,43295.89,4,0,173183.57,173183.57,UPI,2.9
ORD101416,2025-10-16,Home & Kitchen,West,Mumbai,7963.19,2,10,15926.37,14333.73,Cash on Delivery,4.3
ORD102203,2025-10-16,Sports,North,Lucknow,6805.19,2,10,13610.37,12249.33,Debit Card,5.0
ORD102075,2025-10-16,Home & Kitchen,West,Ahmedabad,7277.32,4,10,29109.28,26198.35,Credit Card,3.5
ORD104821,2025-10-16,Beauty,North,Jaipur,1859.4,5,20,9296.99,7437.59,Cash on Delivery,4.6
ORD100425,2025-10-17,Clothing,South,Coimbatore,2564.99,1,5,2564.99,2436.74,Net Banking,4.9
ORD102654,2025-10-17,Beauty,South,Bengaluru,1232.29,2,5,2464.58,2341.35,Net Banking,2.9
ORD102286,2025-10-17,Beauty,West,Mumbai,851.56,4,15,3406.25,2895.31,UPI,3.8
ORD100685,2025-10-17,Clothing,North,Lucknow,3971.04,4,0,15884.14,15884.14,Debit Card,4.5
ORD100460,2025-10-17,Beauty,North,Jaipur,749.6,4,0,2998.41,2998.41,UPI,4.5
ORD103593,2025-10-17,Beauty,West,Mumbai,377.13,3,20,1131.38,905.1,UPI,4.7
ORD100621,2025-10-18,Books,North,Jaipur,550.33,2,15,1100.66,935.56,Credit Card,5.0
ORD100432,2025-10-18,Beauty,West,Ahmedabad,174.42,2,10,348.84,313.96,Debit Card,4.8
ORD103462,2025-10-18,Electronics,South,Coimbatore,3444.08,2,15,6888.15,5854.93,Credit Card,4.3
ORD103589,2025-10-18,Books,South,Chennai,1055.76,5,5,5278.8,5014.86,Debit Card,3.8
ORD101736,2025-10-18,Books,North,Chandigarh,844.64,1,10,844.64,760.17,Cash on Delivery,3.7
ORD104375,2025-10-18,Clothing,East,Bhubaneswar,3650.67,1,15,3650.67,3103.07,Cash on Delivery,3.4
ORD102282,2025-10-18,Clothing,West,Mumbai,3976.58,4,10,15906.31,14315.68,UPI,3.0
ORD102217,2025-10-19,Home & Kitchen,West,Pune,679.96,2,10,1359.92,1223.93,Credit Card,3.2
ORD103275,2025-10-19,Home & Kitchen,East,Patna,2188.91,3,5,6566.74,6238.4,UPI,3.4
ORD100596,2025-10-19,Clothing,South,Coimbatore,2442.57,3,15,7327.71,6228.55,Net Banking,4.7
ORD102384,2025-10-19,Books,East,Kolkata,427.44,3,0,1282.32,1282.32,Cash on Delivery,4.2
ORD104755,2025-10-19,Books,North,Delhi,661.54,4,5,2646.18,2513.87,UPI,3.8
ORD103720,2025-10-19,Sports,North,Lucknow,1823.39,4,0,7293.55,7293.55,Net Banking,2.5
ORD102134,2025-10-19,Books,West,Surat,467.95,4,15,1871.8,1591.03,Debit Card,3.4
ORD103330,2025-10-19,Electronics,East,Bhubaneswar,49974.93,2,15,99949.86,84957.38,Net Banking,5.0
ORD104650,2025-10-19,Books,East,Bhubaneswar,454.61,1,5,454.61,431.88,Debit Card,3.9
ORD103465,2025-10-20,Toys,East,Guwahati,1059.57,1,10,1059.57,953.61,Cash on Delivery,4.0
ORD103086,2025-10-20,Beauty,West,Surat,2958.05,4,10,11832.19,10648.97,Debit Card,3.3
ORD103245,2025-10-20,Clothing,East,Bhubaneswar,1185.05,3,0,3555.16,3555.16,Debit Card,4.7
ORD100431,2025-10-20,Toys,North,Lucknow,1077.45,5,0,5387.27,5387.27,Cash on Delivery,3.0
ORD101719,2025-10-20,Clothing,West,Mumbai,3093.27,1,15,3093.27,2629.28,UPI,3.9
ORD100485,2025-10-20,Beauty,South,Hyderabad,2809.84,5,0,14049.19,14049.19,Net Banking,4.9
ORD104215,2025-10-20,Clothing,East,Patna,1135.46,5,10,5677.3,5109.57,UPI,4.7
ORD103282,2025-10-20,Books,West,Pune,974.72,3,5,2924.15,2777.94,Credit Card,4.2
ORD103173,2025-10-20,Electronics,East,Patna,29001.34,1,5,29001.34,27551.28,UPI,4.7
ORD100671,2025-10-20,Electronics,North,Chandigarh,52968.19,2,5,105936.37,100639.55,Net Banking,2.8
ORD103676,2025-10-20,Clothing,West,Pune,1547.95,4,10,6191.81,5572.63,Debit Card,5.0
ORD100334,2025-10-20,Books,West,Mumbai,1074.68,3,5,3224.05,3062.85,Cash on Delivery,4.8
ORD104643,2025-10-20,Home & Kitchen,South,Coimbatore,1433.38,1,15,1433.38,1218.38,UPI,4.8
ORD100278,2025-10-20,Electronics,North,Delhi,15167.05,1,0,15167.05,15167.05,UPI,4.3
ORD101523,2025-10-21,Toys,East,Patna,980.0,2,0,1960.01,1960.01,UPI,3.4
ORD102755,2025-10-21,Beauty,West,Surat,569.54,2,15,1139.07,968.21,UPI,5.0
ORD104221,2025-10-21,Toys,West,Surat,2178.47,4,0,8713.88,8713.88,UPI,3.5
ORD100644,2025-10-21,Sports,North,Lucknow,10202.28,2,0,20404.56,20404.56,Debit Card,4.0
ORD101098,2025-10-21,Electronics,North,Jaipur,7636.91,3,0,22910.72,22910.72,Net Banking,3.4
ORD104928,2025-10-21,Electronics,North,Delhi,31514.07,4,0,126056.29,126056.29,Cash on Delivery,4.4
ORD100246,2025-10-21,Beauty,East,Kolkata,617.58,4,0,2470.32,2470.32,UPI,3.9
ORD101797,2025-10-21,Sports,North,Chandigarh,7404.92,4,25,29619.68,22214.76,UPI,4.1
ORD103635,2025-10-21,Home & Kitchen,South,Coimbatore,5010.13,4,0,20040.52,20040.52,Credit Card,5.0
ORD103049,2025-10-21,Beauty,North,Lucknow,224.69,5,0,1123.45,1123.45,Cash on Delivery,5.0
ORD104039,2025-10-22,Clothing,West,Ahmedabad,2327.17,1,10,2327.17,2094.45,Net Banking,3.5
ORD101405,2025-10-22,Toys,West,Pune,535.83,1,15,535.83,455.45,Credit Card,4.4
ORD102200,2025-10-22,Sports,West,Ahmedabad,7912.16,2,10,15824.31,14241.88,UPI,3.4
ORD102604,2025-10-22,Electronics,South,Bengaluru,31328.17,3,5,93984.52,89285.3,Credit Card,4.7
ORD101140,2025-10-22,Sports,North,Lucknow,1974.93,5,20,9874.64,7899.72,Cash on Delivery,5.0
ORD103474,2025-10-22,Clothing,East,Patna,2265.66,1,15,2265.66,1925.81,Net Banking,2.5
ORD102449,2025-10-22,Home & Kitchen,East,Patna,4825.67,1,10,4825.67,4343.11,UPI,4.5
ORD104131,2025-10-22,Toys,South,Chennai,3017.74,4,0,12070.98,12070.98,Credit Card,3.7
ORD104870,2025-10-22,Home & Kitchen,North,Delhi,491.32,2,15,982.64,835.25,Credit Card,4.3
ORD103149,2025-10-22,Beauty,East,Kolkata,719.09,5,15,3595.47,3056.15,UPI,4.7
ORD104521,2025-10-23,Sports,South,Coimbatore,9728.56,2,0,19457.12,19457.12,UPI,4.4
ORD102201,2025-10-23,Sports,West,Ahmedabad,5908.35,5,0,29541.73,29541.73,Debit Card,4.1
ORD100932,2025-10-23,Clothing,North,Delhi,2412.62,4,10,9650.47,8685.42,UPI,4.8
ORD104554,2025-10-23,Clothing,West,Pune,2808.72,4,10,11234.87,10111.39,Net Banking,4.4
ORD101172,2025-10-23,Electronics,North,Lucknow,58029.24,2,0,116058.49,116058.49,UPI,4.1
ORD102615,2025-10-23,Electronics,North,Chandigarh,59384.93,4,10,237539.71,213785.74,Credit Card,4.7
ORD101864,2025-10-23,Sports,South,Chennai,5082.03,3,15,15246.1,12959.18,UPI,4.0
ORD103035,2025-10-23,Toys,South,Bengaluru,2423.22,5,25,12116.09,9087.07,Debit Card,3.4
ORD100018,2025-10-23,Electronics,East,Guwahati,35512.9,4,0,142051.6,142051.6,UPI,4.4
ORD104352,2025-10-23,Electronics,North,Delhi,29762.85,3,15,89288.55,75895.27,UPI,3.7
ORD102267,2025-10-23,Sports,South,Bengaluru,6992.59,4,15,27970.36,23774.8,UPI,3.4
ORD104463,2025-10-23,Toys,West,Surat,739.67,3,25,2219.0,1664.25,UPI,3.8
ORD103096,2025-10-23,Beauty,South,Chennai,1389.55,4,25,5558.2,4168.65,Credit Card,4.4
ORD102610,2025-10-24,Home & Kitchen,North,Chandigarh,867.06,2,5,1734.13,1647.42,Credit Card,3.4
ORD102311,2025-10-24,Books,West,Pune,502.08,2,15,1004.16,853.53,UPI,3.8
ORD102392,2025-10-24,Home & Kitchen,West,Surat,4389.78,3,5,13169.33,12510.86,UPI,5.0
ORD100816,2025-10-24,Home & Kitchen,South,Chennai,560.98,3,0,1682.95,1682.95,Debit Card,4.0
ORD100544,2025-10-24,Books,South,Chennai,659.31,2,0,1318.62,1318.62,Cash on Delivery,4.4
ORD100372,2025-10-24,Beauty,North,Chandigarh,838.29,3,25,2514.88,1886.16,Net Banking,4.6
ORD103536,2025-10-25,Toys,East,Patna,2973.19,3,10,8919.56,8027.61,Credit Card,3.6
ORD100496,2025-10-25,Toys,South,Chennai,3056.81,1,20,3056.81,2445.45,Cash on Delivery,3.7
ORD100543,2025-10-25,Clothing,West,Surat,3860.48,5,0,19302.39,19302.39,Debit Card,4.0
ORD100191,2025-10-25,Home & Kitchen,North,Chandigarh,4734.3,2,5,9468.61,8995.18,Credit Card,4.0
ORD100016,2025-10-25,Sports,East,Bhubaneswar,1552.57,3,0,4657.71,4657.71,UPI,5.0
ORD102730,2025-10-25,Home & Kitchen,East,Patna,1514.76,4,0,6059.03,6059.03,Credit Card,3.2
ORD102867,2025-10-25,Home & Kitchen,North,Chandigarh,1703.52,3,5,5110.57,4855.04,Credit Card,4.4
ORD104579,2025-10-25,Clothing,East,Bhubaneswar,843.89,3,20,2531.67,2025.34,Cash on Delivery,2.8
ORD102182,2025-10-25,Sports,North,Lucknow,1581.03,2,5,3162.06,3003.96,UPI,5.0
ORD100943,2025-10-25,Home & Kitchen,West,Pune,771.87,3,0,2315.6,2315.6,UPI,3.9
ORD102802,2025-10-25,Electronics,North,Delhi,40769.83,3,25,122309.48,91732.11,Net Banking,4.5
ORD103457,2025-10-25,Books,North,Jaipur,751.77,2,5,1503.55,1428.37,Debit Card,5.0
ORD102523,2025-10-25,Electronics,North,Chandigarh,52986.87,4,10,211947.5,190752.75,Cash on Delivery,5.0
ORD101356,2025-10-25,Sports,West,Pune,6207.97,3,25,18623.92,13967.94,UPI,4.0
ORD101163,2025-10-25,Toys,South,Chennai,2026.5,3,10,6079.5,5471.55,UPI,4.1
ORD100401,2025-10-26,Clothing,North,Lucknow,3304.33,2,10,6608.66,5947.8,UPI,5.0
ORD104499,2025-10-26,Electronics,West,Pune,19156.62,2,0,38313.25,38313.25,UPI,3.7
ORD104858,2025-10-26,Home & Kitchen,North,Chandigarh,505.4,1,0,505.4,505.4,Debit Card,4.0
ORD101500,2025-10-26,Sports,West,Surat,7941.7,2,5,15883.39,15089.22,Credit Card,4.4
ORD103800,2025-10-26,Home & Kitchen,West,Surat,5897.07,2,5,11794.14,11204.43,Credit Card,5.0
ORD102583,2025-10-26,Toys,West,Pune,1983.2,4,15,7932.82,6742.89,Cash on Delivery,3.9
ORD101044,2025-10-26,Clothing,East,Patna,1432.26,1,5,1432.26,1360.64,Credit Card,3.3
ORD103199,2025-10-26,Clothing,East,Guwahati,2192.85,1,15,2192.85,1863.92,Credit Card,4.8
ORD102097,2025-10-26,Electronics,West,Pune,37199.23,4,10,148796.93,133917.23,UPI,4.3
ORD103392,2025-10-27,Electronics,North,Chandigarh,13769.42,3,0,41308.27,41308.27,Net Banking,4.2
ORD103486,2025-10-27,Clothing,South,Chennai,2507.4,4,10,10029.6,9026.64,Credit Card,4.0
ORD101173,2025-10-27,Electronics,North,Lucknow,40476.29,2,0,80952.57,80952.57,UPI,5.0
ORD100878,2025-10-27,Beauty,South,Chennai,2785.25,2,10,5570.49,5013.44,Debit Card,2.5
ORD101805,2025-10-27,Electronics,South,Hyderabad,56460.5,3,0,169381.51,169381.51,Credit Card,4.9
ORD102995,2025-10-27,Toys,South,Coimbatore,2213.66,2,5,4427.33,4205.96,UPI,3.8
ORD101301,2025-10-27,Electronics,East,Bhubaneswar,55229.42,3,10,165688.27,149119.44,Credit Card,4.4
ORD102320,2025-10-27,Home & Kitchen,East,Guwahati,5447.5,3,5,16342.49,15525.36,Credit Card,3.6
ORD102841,2025-10-27,Books,South,Hyderabad,308.73,1,0,308.73,308.73,Cash on Delivery,4.0
ORD101148,2025-10-27,Clothing,South,Chennai,1919.31,3,20,5757.94,4606.35,Net Banking,2.9
ORD103996,2025-10-28,Books,West,Surat,698.62,2,5,1397.23,1327.37,Debit Card,2.9
ORD103303,2025-10-28,Electronics,South,Bengaluru,31453.88,5,0,157269.4,157269.4,UPI,5.0
ORD101615,2025-10-28,Toys,North,Jaipur,811.0,5,15,4055.0,3446.75,Cash on Delivery,3.6
ORD100826,2025-10-28,Toys,North,Lucknow,348.2,4,10,1392.81,1253.52,Debit Card,4.9
ORD101640,2025-10-28,Toys,West,Surat,2823.01,3,10,8469.04,7622.13,Credit Card,5.0
ORD103671,2025-10-29,Toys,North,Chandigarh,1137.5,3,20,3412.49,2729.99,Credit Card,3.6
ORD104628,2025-10-29,Home & Kitchen,South,Coimbatore,5474.05,2,5,10948.1,10400.7,Credit Card,3.7
ORD100691,2025-10-29,Beauty,South,Hyderabad,438.07,4,20,1752.27,1401.82,UPI,4.1
ORD103357,2025-10-29,Sports,East,Patna,9606.25,4,0,38425.01,38425.01,UPI,3.5
ORD103923,2025-10-29,Electronics,South,Hyderabad,18589.83,2,25,37179.66,27884.74,Cash on Delivery,4.1
ORD103365,2025-10-30,Books,South,Hyderabad,406.55,5,0,2032.77,2032.77,Cash on Delivery,4.0
ORD101061,2025-10-30,Home & Kitchen,South,Chennai,3399.28,1,0,3399.28,3399.28,Credit Card,3.7
ORD104318,2025-10-30,Clothing,West,Mumbai,493.56,1,10,493.56,444.2,Debit Card,3.8
ORD102126,2025-10-30,Electronics,East,Kolkata,45779.62,2,15,91559.24,77825.35,UPI,3.0
ORD103181,2025-10-30,Electronics,South,Chennai,50473.87,3,0,151421.62,151421.62,UPI,3.1
ORD104287,2025-10-30,Home & Kitchen,East,Bhubaneswar,5421.07,2,25,10842.14,8131.61,Credit Card,4.7
ORD102014,2025-10-30,Home & Kitchen,South,Chennai,5394.96,5,15,26974.81,22928.59,Credit Card,4.6
ORD102722,2025-10-31,Electronics,North,Chandigarh,32517.79,2,0,65035.59,65035.59,Net Banking,3.8
ORD102133,2025-10-31,Sports,South,Coimbatore,8598.43,2,0,17196.85,17196.85,UPI,4.5
ORD103142,2025-10-31,Home & Kitchen,North,Delhi,7109.12,1,5,7109.12,6753.67,Credit Card,4.2
ORD101195,2025-10-31,Beauty,North,Jaipur,1243.02,2,10,2486.04,2237.43,UPI,3.2
ORD102278,2025-10-31,Home & Kitchen,West,Pune,3335.92,2,0,6671.84,6671.84,Debit Card,4.2
ORD103615,2025-10-31,Toys,South,Chennai,2611.0,2,25,5222.0,3916.5,Net Banking,4.1
ORD103270,2025-10-31,Books,North,Chandigarh,277.88,3,0,833.64,833.64,Credit Card,3.9
ORD101628,2025-10-31,Books,North,Lucknow,1191.37,3,0,3574.1,3574.1,UPI,5.0
ORD100430,2025-10-31,Electronics,North,Chandigarh,47393.58,5,0,236967.89,236967.89,UPI,4.3
ORD101496,2025-10-31,Books,South,Chennai,627.23,3,10,1881.68,1693.51,Credit Card,3.9
ORD102342,2025-10-31,Electronics,West,Pune,33016.85,2,20,66033.7,52826.96,Credit Card,4.5
ORD100320,2025-10-31,Electronics,North,Lucknow,54328.46,4,25,217313.85,162985.39,Cash on Delivery,3.0
ORD102982,2025-10-31,Beauty,East,Bhubaneswar,2348.49,2,10,4696.98,4227.28,Credit Card,4.1
ORD104692,2025-11-01,Clothing,North,Delhi,1646.96,2,0,3293.92,3293.92,Credit Card,3.9
ORD102387,2025-11-02,Electronics,West,Surat,32774.56,1,0,32774.56,32774.56,UPI,5.0
ORD103350,2025-11-02,Sports,South,Chennai,6004.09,2,5,12008.18,11407.77,UPI,3.5
ORD101625,2025-11-02,Clothing,South,Coimbatore,3290.28,5,25,16451.4,12338.55,UPI,3.9
ORD102462,2025-11-02,Sports,South,Chennai,2186.97,2,0,4373.94,4373.94,Credit Card,2.8
ORD104538,2025-11-02,Beauty,West,Mumbai,2727.09,4,15,10908.36,9272.1,Cash on Delivery,4.9
ORD100662,2025-11-02,Toys,South,Bengaluru,1782.45,5,10,8912.25,8021.03,UPI,4.8
ORD100224,2025-11-02,Sports,South,Coimbatore,4509.54,2,5,9019.07,8568.12,UPI,3.9
ORD104000,2025-11-02,Toys,West,Mumbai,950.3,3,10,2850.91,2565.82,UPI,4.1
ORD102834,2025-11-02,Books,West,Mumbai,433.46,5,15,2167.32,1842.22,UPI,3.5
ORD100193,2025-11-02,Beauty,North,Chandigarh,636.03,3,5,1908.1,1812.7,Credit Card,4.7
ORD100828,2025-11-02,Beauty,West,Pune,2343.36,3,15,7030.08,5975.57,Cash on Delivery,4.7
ORD101791,2025-11-02,Clothing,North,Jaipur,2903.35,4,15,11613.39,9871.38,UPI,2.6
ORD100987,2025-11-03,Electronics,West,Pune,11095.27,3,25,33285.82,24964.36,Debit Card,4.7
ORD103277,2025-11-03,Beauty,South,Coimbatore,2356.61,2,25,4713.22,3534.92,UPI,4.9
ORD101253,2025-11-03,Home & Kitchen,North,Lucknow,3219.55,4,0,12878.19,12878.19,Net Banking,3.9
ORD101798,2025-11-03,Books,South,Chennai,1004.13,2,10,2008.25,1807.43,UPI,3.7
ORD103120,2025-11-03,Books,West,Ahmedabad,438.97,1,0,438.97,438.97,Credit Card,4.9
ORD102198,2025-11-03,Home & Kitchen,South,Chennai,5229.46,2,0,10458.93,10458.93,UPI,3.7
ORD103891,2025-11-03,Toys,East,Patna,3005.37,5,5,15026.85,14275.51,Credit Card,3.6
ORD100285,2025-11-03,Clothing,West,Surat,386.7,1,10,386.7,348.03,UPI,2.4
ORD104565,2025-11-04,Beauty,West,Pune,1575.77,5,0,7878.85,7878.85,UPI,4.7
ORD100769,2025-11-04,Books,South,Coimbatore,346.03,1,20,346.03,276.83,UPI,3.1
ORD104201,2025-11-04,Electronics,South,Hyderabad,33541.41,5,10,167707.06,150936.36,UPI,4.3
ORD103678,2025-11-04,Toys,North,Delhi,3282.76,3,15,9848.29,8371.05,UPI,5.0
ORD103427,2025-11-04,Beauty,North,Lucknow,2575.08,1,0,2575.08,2575.08,Debit Card,4.3
ORD103795,2025-11-04,Electronics,West,Mumbai,17287.15,2,20,34574.29,27659.43,UPI,4.2
ORD104788,2025-11-05,Electronics,North,Chandigarh,9990.88,3,0,29972.63,29972.63,Cash on Delivery,5.0
ORD103770,2025-11-05,Home & Kitchen,South,Bengaluru,3630.64,3,0,10891.93,10891.93,UPI,3.8
ORD104007,2025-11-05,Electronics,West,Surat,44087.39,1,10,44087.39,39678.65,UPI,4.0
ORD100498,2025-11-05,Toys,West,Ahmedabad,217.62,1,25,217.62,163.21,Net Banking,4.5
ORD100109,2025-11-05,Home & Kitchen,South,Bengaluru,1162.91,5,10,5814.54,5233.09,Cash on Delivery,2.3
ORD103025,2025-11-05,Sports,North,Chandigarh,418.24,2,0,836.48,836.48,Cash on Delivery,4.1
ORD101649,2025-11-05,Toys,North,Delhi,3373.01,2,0,6746.01,6746.01,UPI,4.2
ORD102351,2025-11-05,Books,West,Mumbai,178.32,1,20,178.32,142.65,Net Banking,3.6
ORD104819,2025-11-05,Beauty,South,Bengaluru,1422.25,5,5,7111.24,6755.68,Debit Card,4.6
ORD103115,2025-11-06,Beauty,West,Surat,535.11,5,10,2675.57,2408.01,UPI,3.4
ORD100535,2025-11-06,Beauty,West,Pune,2084.87,2,15,4169.75,3544.29,Credit Card,3.6
ORD101683,2025-11-06,Beauty,East,Patna,739.2,1,20,739.2,591.36,UPI,3.7
ORD101348,2025-11-06,Electronics,South,Bengaluru,26248.95,4,0,104995.79,104995.79,Net Banking,4.3
ORD102189,2025-11-06,Home & Kitchen,West,Ahmedabad,3871.38,4,20,15485.53,12388.42,Cash on Delivery,3.6
ORD100696,2025-11-06,Books,East,Kolkata,512.67,2,0,1025.33,1025.33,Credit Card,4.5
ORD101937,2025-11-06,Electronics,South,Coimbatore,14145.64,2,0,28291.29,28291.29,Debit Card,4.4
ORD102236,2025-11-06,Toys,North,Chandigarh,437.11,5,5,2185.57,2076.29,UPI,5.0
ORD100669,2025-11-06,Electronics,East,Guwahati,39274.06,1,5,39274.06,37310.35,Credit Card,4.2
ORD102568,2025-11-06,Sports,North,Jaipur,11273.05,1,0,11273.05,11273.05,Debit Card,3.6
ORD103565,2025-11-06,Electronics,South,Bengaluru,39523.86,2,20,79047.72,63238.17,Credit Card,3.0
ORD101315,2025-11-07,Toys,West,Ahmedabad,1693.43,5,0,8467.15,8467.15,UPI,4.5
ORD103766,2025-11-07,Home & Kitchen,North,Delhi,4942.61,3,25,14827.83,11120.88,Credit Card,3.7
ORD100187,2025-11-07,Toys,West,Ahmedabad,2903.47,1,0,2903.47,2903.47,Cash on Delivery,4.8
ORD104782,2025-11-07,Sports,South,Chennai,6504.1,2,0,13008.21,13008.21,UPI,3.9
ORD100747,2025-11-07,Beauty,North,Lucknow,1611.26,4,0,6445.04,6445.04,UPI,3.1
ORD104535,2025-11-07,Electronics,South,Chennai,7553.6,5,10,37767.98,33991.18,UPI,3.7
ORD101758,2025-11-08,Electronics,South,Chennai,23862.04,2,10,47724.09,42951.68,UPI,4.8
ORD101213,2025-11-08,Beauty,South,Bengaluru,1514.35,2,0,3028.7,3028.7,Credit Card,3.6
ORD103307,2025-11-08,Books,East,Patna,511.49,1,0,511.49,511.49,UPI,4.9
ORD102337,2025-11-08,Toys,East,Patna,1575.24,2,0,3150.48,3150.48,UPI,4.7
ORD104875,2025-11-08,Home & Kitchen,East,Patna,1928.93,5,10,9644.64,8680.17,UPI,3.9
ORD104763,2025-11-08,Sports,North,Lucknow,5667.1,5,10,28335.48,25501.93,Credit Card,3.4
ORD102893,2025-11-09,Clothing,East,Bhubaneswar,2000.61,1,5,2000.61,1900.58,Cash on Delivery,4.1
ORD103354,2025-11-09,Beauty,East,Guwahati,1754.95,4,5,7019.81,6668.82,Credit Card,3.6
ORD102930,2025-11-09,Beauty,West,Ahmedabad,1025.55,4,5,4102.22,3897.11,UPI,4.3
ORD104571,2025-11-09,Electronics,East,Bhubaneswar,31071.31,5,0,155356.56,155356.56,UPI,4.0
ORD104264,2025-11-09,Sports,South,Chennai,9405.46,2,0,18810.92,18810.92,UPI,3.1
ORD104098,2025-11-10,Sports,East,Patna,10999.96,5,0,54999.81,54999.81,UPI,4.0
ORD104397,2025-11-10,Sports,North,Jaipur,5891.5,2,0,11783.0,11783.0,UPI,3.3
ORD102920,2025-11-10,Clothing,South,Bengaluru,945.09,2,20,1890.19,1512.15,Cash on Delivery,3.4
ORD104453,2025-11-10,Toys,South,Bengaluru,3304.83,1,15,3304.83,2809.11,Net Banking,4.1
ORD103535,2025-11-11,Sports,East,Kolkata,711.24,5,5,3556.18,3378.37,Cash on Delivery,2.4
ORD101607,2025-11-11,Beauty,West,Ahmedabad,2367.81,1,25,2367.81,1775.86,Credit Card,3.6
ORD104296,2025-11-11,Electronics,East,Kolkata,1871.52,5,10,9357.59,8421.83,UPI,5.0
ORD104171,2025-11-11,Clothing,South,Bengaluru,1874.85,1,5,1874.85,1781.11,UPI,3.3
ORD104091,2025-11-11,Beauty,South,Chennai,214.44,3,5,643.31,611.15,Net Banking,3.3
ORD103926,2025-11-11,Home & Kitchen,South,Hyderabad,3923.89,4,0,15695.54,15695.54,UPI,3.9
ORD102048,2025-11-11,Beauty,South,Bengaluru,1089.84,1,0,1089.84,1089.84,UPI,3.2
ORD102873,2025-11-11,Sports,East,Guwahati,1542.7,3,15,4628.11,3933.9,Debit Card,4.9
ORD100303,2025-11-11,Electronics,North,Chandigarh,56863.15,2,10,113726.3,102353.67,Cash on Delivery,4.2
ORD100035,2025-11-12,Home & Kitchen,East,Patna,1826.99,4,5,7307.96,6942.56,UPI,4.5
ORD103792,2025-11-12,Beauty,West,Ahmedabad,1333.98,5,15,6669.92,5669.43,Credit Card,5.0
ORD100412,2025-11-12,Sports,West,Surat,8741.42,1,0,8741.42,8741.42,UPI,4.1
ORD100383,2025-11-12,Books,South,Coimbatore,1192.47,2,10,2384.94,2146.45,Cash on Delivery,3.7
ORD102173,2025-11-12,Books,East,Patna,822.31,3,5,2466.94,2343.59,Credit Card,5.0
ORD100159,2025-11-12,Home & Kitchen,South,Hyderabad,5874.13,1,15,5874.13,4993.01,UPI,4.3
ORD104730,2025-11-12,Clothing,South,Bengaluru,2417.34,1,10,2417.34,2175.6,Credit Card,5.0
ORD100836,2025-11-12,Beauty,South,Hyderabad,291.32,5,20,1456.59,1165.27,Credit Card,3.9
ORD101952,2025-11-13,Clothing,North,Delhi,2487.81,5,5,12439.04,11817.09,Credit Card,3.8
ORD103528,2025-11-13,Electronics,North,Chandigarh,50411.26,5,10,252056.28,226850.65,UPI,4.3
ORD101115,2025-11-13,Books,North,Jaipur,1051.18,5,15,5255.89,4467.51,Debit Card,4.5
ORD102633,2025-11-13,Clothing,South,Coimbatore,2060.48,1,0,2060.48,2060.48,Debit Card,5.0
ORD104854,2025-11-13,Clothing,South,Coimbatore,3208.07,5,20,16040.35,12832.28,UPI,4.4
ORD100190,2025-11-14,Electronics,South,Coimbatore,22329.94,1,5,22329.94,21213.44,UPI,3.7
ORD103153,2025-11-14,Sports,North,Jaipur,9657.51,5,0,48287.55,48287.55,UPI,4.8
ORD100126,2025-11-14,Sports,West,Ahmedabad,4830.51,4,20,19322.04,15457.63,Credit Card,4.0
ORD100222,2025-11-14,Books,East,Patna,576.0,2,25,1152.0,864.0,Net Banking,4.6
ORD100661,2025-11-15,Home & Kitchen,West,Ahmedabad,4489.91,1,15,4489.91,3816.42,UPI,4.1
ORD101090,2025-11-15,Beauty,West,Mumbai,1267.57,4,10,5070.26,4563.23,Credit Card,4.0
ORD104767,2025-11-15,Electronics,South,Hyderabad,10831.56,1,0,10831.56,10831.56,Debit Card,3.5
ORD100757,2025-11-15,Toys,South,Coimbatore,1637.5,3,10,4912.5,4421.25,UPI,3.3
ORD101330,2025-11-15,Electronics,North,Lucknow,39410.83,5,20,197054.15,157643.32,Cash on Delivery,4.2
ORD103470,2025-11-15,Electronics,West,Pune,12903.08,2,10,25806.15,23225.54,UPI,3.9
ORD103580,2025-11-15,Sports,East,Kolkata,11188.63,5,0,55943.16,55943.16,UPI,5.0
ORD100389,2025-11-15,Beauty,West,Pune,1376.91,5,0,6884.53,6884.53,Cash on Delivery,4.9
ORD104015,2025-11-15,Home & Kitchen,North,Jaipur,3787.01,1,25,3787.01,2840.26,Cash on Delivery,4.1
ORD102159,2025-11-15,Beauty,West,Ahmedabad,493.31,3,20,1479.92,1183.94,Credit Card,4.2
ORD104664,2025-11-15,Clothing,North,Chandigarh,2187.44,1,10,2187.44,1968.69,UPI,4.7
ORD102739,2025-11-15,Home & Kitchen,East,Patna,2964.85,1,15,2964.85,2520.13,Credit Card,4.8
ORD101856,2025-11-15,Beauty,North,Jaipur,2235.1,1,0,2235.1,2235.1,Credit Card,3.6
ORD101742,2025-11-16,Sports,South,Bengaluru,5796.37,5,10,28981.84,26083.65,Debit Card,4.4
ORD104430,2025-11-16,Electronics,West,Surat,6053.72,2,15,12107.45,10291.33,Debit Card,2.5
ORD103883,2025-11-16,Home & Kitchen,South,Bengaluru,4949.75,3,25,14849.26,11136.94,Cash on Delivery,4.5
ORD101810,2025-11-16,Clothing,West,Ahmedabad,321.67,2,0,643.34,643.34,Cash on Delivery,4.0
ORD100369,2025-11-16,Home & Kitchen,South,Coimbatore,6360.94,1,10,6360.94,5724.85,Debit Card,4.3
ORD102592,2025-11-16,Electronics,East,Bhubaneswar,6790.84,2,10,13581.68,12223.51,Debit Card,4.0
ORD102796,2025-11-16,Home & Kitchen,South,Bengaluru,1938.11,2,0,3876.23,3876.23,Net Banking,3.5
ORD103506,2025-11-17,Electronics,East,Patna,14003.71,5,15,70018.55,59515.77,UPI,3.2
ORD100039,2025-11-17,Home & Kitchen,West,Pune,2375.72,4,0,9502.87,9502.87,Cash on Delivery,3.4
ORD101707,2025-11-17,Home & Kitchen,North,Jaipur,4371.66,2,20,8743.32,6994.65,Cash on Delivery,4.0
ORD101680,2025-11-17,Electronics,East,Guwahati,19702.67,3,0,59108.0,59108.0,UPI,4.7
ORD103873,2025-11-17,Clothing,West,Pune,1350.92,3,15,4052.76,3444.85,Credit Card,2.9
ORD101959,2025-11-17,Sports,West,Pune,3411.67,2,0,6823.34,6823.34,Cash on Delivery,3.3
ORD102193,2025-11-17,Electronics,West,Mumbai,39514.66,4,0,158058.64,158058.64,Debit Card,4.1
ORD103785,2025-11-17,Home & Kitchen,North,Jaipur,5838.71,2,5,11677.42,11093.54,Cash on Delivery,4.0
ORD103274,2025-11-17,Sports,East,Bhubaneswar,5087.62,5,0,25438.08,25438.08,Credit Card,3.9
ORD101432,2025-11-18,Clothing,South,Bengaluru,3138.53,3,10,9415.6,8474.04,UPI,3.4
ORD103377,2025-11-18,Electronics,South,Bengaluru,46821.97,3,10,140465.9,126419.31,UPI,4.9
ORD100315,2025-11-18,Sports,South,Hyderabad,9401.17,1,0,9401.17,9401.17,Debit Card,4.6
ORD104808,2025-11-18,Beauty,South,Hyderabad,339.55,5,15,1697.76,1443.1,Cash on Delivery,5.0
ORD101583,2025-11-18,Electronics,East,Bhubaneswar,5809.17,2,0,11618.35,11618.35,Cash on Delivery,5.0
ORD102969,2025-11-18,Books,West,Pune,719.29,2,0,1438.57,1438.57,UPI,4.4
ORD102050,2025-11-18,Books,South,Chennai,726.89,1,20,726.89,581.51,UPI,3.4
ORD104793,2025-11-18,Electronics,South,Coimbatore,15073.79,2,10,30147.58,27132.82,UPI,4.7
ORD101887,2025-11-19,Books,West,Ahmedabad,830.07,1,10,830.07,747.06,Credit Card,3.6
ORD103273,2025-11-19,Toys,North,Jaipur,3003.65,4,10,12014.59,10813.13,UPI,4.4
ORD103217,2025-11-19,Electronics,North,Chandigarh,39027.36,1,5,39027.36,37075.99,Debit Card,4.0
ORD101539,2025-11-19,Toys,South,Coimbatore,3050.59,5,0,15252.97,15252.97,Credit Card,3.8
ORD100732,2025-11-19,Toys,South,Chennai,1292.0,4,10,5167.99,4651.19,UPI,4.4
ORD101491,2025-11-19,Toys,North,Jaipur,865.08,3,0,2595.23,2595.23,UPI,4.6
ORD104302,2025-11-19,Sports,South,Coimbatore,7056.04,5,0,35280.2,35280.2,Cash on Delivery,4.5
ORD100539,2025-11-19,Clothing,West,Pune,2001.45,4,0,8005.8,8005.8,Cash on Delivery,5.0
ORD101179,2025-11-19,Home & Kitchen,West,Pune,5165.71,5,0,25828.54,25828.54,UPI,4.7
ORD100497,2025-11-20,Sports,South,Coimbatore,6854.45,2,0,13708.9,13708.9,UPI,4.0
ORD100988,2025-11-20,Sports,West,Pune,8459.09,5,10,42295.45,38065.9,Debit Card,5.0
ORD104792,2025-11-20,Home & Kitchen,East,Patna,1795.64,2,0,3591.29,3591.29,Debit Card,4.4
ORD101546,2025-11-20,Clothing,South,Hyderabad,1610.42,4,5,6441.7,6119.61,Cash on Delivery,4.6
ORD102829,2025-11-20,Books,North,Chandigarh,1071.76,1,10,1071.76,964.59,UPI,2.9
ORD102400,2025-11-20,Sports,West,Ahmedabad,3280.03,4,5,13120.13,12464.12,Credit Card,3.3
ORD101827,2025-11-20,Clothing,West,Mumbai,2248.41,4,15,8993.66,7644.61,Debit Card,4.1
ORD104378,2025-11-20,Sports,North,Delhi,4513.6,2,25,9027.21,6770.41,Credit Card,4.9
ORD102427,2025-11-20,Beauty,West,Mumbai,1825.16,2,5,3650.31,3467.8,Cash on Delivery,3.3
ORD100141,2025-11-21,Clothing,West,Pune,2741.98,3,25,8225.93,6169.45,UPI,5.0
ORD104433,2025-11-21,Sports,North,Lucknow,11784.77,1,10,11784.77,10606.29,UPI,4.0
ORD101785,2025-11-21,Sports,West,Ahmedabad,6075.73,1,0,6075.73,6075.73,Cash on Delivery,3.3
ORD103502,2025-11-21,Books,East,Patna,1089.52,1,0,1089.52,1089.52,Debit Card,5.0
ORD104106,2025-11-21,Toys,South,Bengaluru,3197.44,4,10,12789.76,11510.79,UPI,4.0
ORD100501,2025-11-21,Beauty,East,Bhubaneswar,2267.29,2,10,4534.58,4081.12,UPI,4.3
ORD103688,2025-11-21,Beauty,East,Patna,254.78,2,15,509.56,433.13,UPI,4.3
ORD101038,2025-11-21,Sports,East,Guwahati,7679.04,1,10,7679.04,6911.14,UPI,3.6
ORD101984,2025-11-21,Books,West,Pune,177.04,4,10,708.16,637.35,Credit Card,3.7
ORD100197,2025-11-22,Sports,North,Jaipur,10423.95,3,0,31271.84,31271.84,UPI,3.8
ORD103026,2025-11-22,Clothing,South,Chennai,361.41,1,20,361.41,289.13,Net Banking,2.6
ORD100411,2025-11-22,Beauty,South,Bengaluru,2636.52,1,25,2636.52,1977.39,Debit Card,5.0
ORD100924,2025-11-22,Home & Kitchen,South,Hyderabad,4087.3,5,5,20436.49,19414.66,UPI,4.1
ORD100865,2025-11-22,Beauty,East,Guwahati,709.0,1,15,709.0,602.65,UPI,5.0
ORD101340,2025-11-23,Home & Kitchen,North,Delhi,4507.05,5,10,22535.26,20281.73,UPI,4.4
ORD102572,2025-11-23,Electronics,West,Ahmedabad,12447.46,4,0,49789.86,49789.86,Net Banking,3.7
ORD101989,2025-11-23,Books,South,Coimbatore,753.93,3,5,2261.78,2148.69,Cash on Delivery,3.9
ORD104017,2025-11-23,Electronics,South,Coimbatore,47349.05,4,25,189396.2,142047.15,Debit Card,4.1
ORD101747,2025-11-23,Home & Kitchen,West,Ahmedabad,2778.78,3,0,8336.35,8336.35,UPI,3.9
ORD103791,2025-11-23,Beauty,South,Bengaluru,502.94,5,5,2514.68,2388.94,Credit Card,3.4
ORD103866,2025-11-23,Toys,North,Delhi,1312.26,3,0,3936.79,3936.79,Cash on Delivery,4.2
ORD104646,2025-11-23,Books,East,Kolkata,161.49,1,0,161.49,161.49,UPI,4.2
ORD101611,2025-11-23,Home & Kitchen,North,Chandigarh,6829.88,4,20,27319.52,21855.61,UPI,3.9
ORD102459,2025-11-23,Toys,North,Chandigarh,256.17,3,0,768.52,768.52,Cash on Delivery,4.6
ORD100586,2025-11-23,Electronics,North,Chandigarh,18078.77,4,10,72315.06,65083.55,Credit Card,3.6
ORD104443,2025-11-24,Home & Kitchen,West,Ahmedabad,5266.36,5,0,26331.79,26331.79,Net Banking,3.7
ORD104882,2025-11-24,Books,South,Hyderabad,987.67,3,10,2963.0,2666.7,Debit Card,4.7
ORD104674,2025-11-24,Home & Kitchen,South,Chennai,6059.48,1,25,6059.48,4544.61,Net Banking,4.9
ORD104269,2025-11-24,Books,West,Surat,1181.15,2,0,2362.31,2362.31,UPI,5.0
ORD104837,2025-11-25,Electronics,South,Chennai,34223.91,1,10,34223.91,30801.52,UPI,3.7
ORD104864,2025-11-25,Home & Kitchen,East,Guwahati,3577.88,2,0,7155.75,7155.75,Credit Card,3.6
ORD103490,2025-11-25,Home & Kitchen,West,Pune,7191.45,4,0,28765.81,28765.81,Net Banking,4.6
ORD100548,2025-11-25,Electronics,North,Chandigarh,14641.37,4,0,58565.47,58565.47,Net Banking,3.2
ORD101859,2025-11-25,Clothing,West,Pune,1300.33,1,0,1300.33,1300.33,UPI,5.0
ORD103137,2025-11-25,Clothing,South,Bengaluru,1035.34,1,0,1035.34,1035.34,Net Banking,5.0
ORD103931,2025-11-26,Toys,South,Chennai,955.95,4,25,3823.78,2867.84,UPI,3.5
ORD102637,2025-11-26,Electronics,South,Chennai,48252.03,2,5,96504.05,91678.85,Net Banking,3.5
ORD102822,2025-11-26,Clothing,East,Kolkata,1700.08,4,20,6800.33,5440.26,Debit Card,4.2
ORD103538,2025-11-26,Clothing,North,Lucknow,434.08,1,0,434.08,434.08,Credit Card,3.9
ORD100822,2025-11-26,Beauty,North,Chandigarh,2366.76,2,0,4733.53,4733.53,Cash on Delivery,5.0
ORD101082,2025-11-26,Sports,South,Bengaluru,10279.01,2,0,20558.03,20558.03,Net Banking,4.3
ORD100463,2025-11-27,Electronics,North,Chandigarh,10663.87,4,0,42655.49,42655.49,Credit Card,5.0
ORD101481,2025-11-27,Toys,North,Jaipur,3126.08,5,15,15630.4,13285.84,UPI,3.8
ORD100402,2025-11-28,Beauty,South,Coimbatore,1396.25,1,0,1396.25,1396.25,UPI,4.1
ORD102717,2025-11-28,Clothing,South,Bengaluru,1951.87,3,0,5855.6,5855.6,UPI,3.7
ORD103789,2025-11-28,Clothing,East,Patna,1272.48,4,5,5089.9,4835.41,Net Banking,3.5
ORD100699,2025-11-28,Sports,South,Chennai,2761.92,3,0,8285.76,8285.76,Debit Card,3.6
ORD103691,2025-11-28,Home & Kitchen,South,Bengaluru,2051.42,2,25,4102.84,3077.13,Credit Card,4.3
ORD101592,2025-11-28,Electronics,North,Delhi,47699.31,5,20,238496.54,190797.23,Net Banking,3.4
ORD102692,2025-11-28,Beauty,East,Patna,2737.51,3,5,8212.53,7801.9,UPI,4.5
ORD104466,2025-11-28,Clothing,North,Lucknow,2021.83,3,0,6065.48,6065.48,Debit Card,4.4
ORD103793,2025-11-29,Beauty,East,Guwahati,2259.73,5,10,11298.64,10168.77,Cash on Delivery,4.2
ORD104825,2025-11-29,Beauty,East,Bhubaneswar,1888.23,2,15,3776.45,3209.98,Credit Card,5.0
ORD103932,2025-11-29,Beauty,West,Pune,2176.81,5,10,10884.04,9795.63,UPI,5.0
ORD100155,2025-11-29,Home & Kitchen,East,Bhubaneswar,6064.0,5,5,30319.99,28803.99,UPI,3.7
ORD100558,2025-11-29,Home & Kitchen,West,Pune,4156.19,5,0,20780.95,20780.95,Cash on Delivery,4.1
ORD100210,2025-11-29,Clothing,North,Jaipur,1675.39,5,5,8376.95,7958.1,Cash on Delivery,4.4
ORD100880,2025-11-29,Electronics,East,Patna,41822.55,4,0,167290.21,167290.21,Debit Card,4.0
ORD104797,2025-11-29,Beauty,North,Jaipur,506.47,3,10,1519.4,1367.46,Debit Card,4.5
ORD103878,2025-11-30,Electronics,West,Mumbai,53148.29,1,0,53148.29,53148.29,Credit Card,4.1
ORD101844,2025-11-30,Home & Kitchen,West,Ahmedabad,1332.64,4,5,5330.55,5064.03,UPI,5.0
ORD101261,2025-11-30,Clothing,West,Mumbai,1109.69,3,15,3329.06,2829.71,Debit Card,3.3
ORD102466,2025-11-30,Clothing,West,Ahmedabad,778.9,5,0,3894.5,3894.5,UPI,4.1
ORD100357,2025-11-30,Home & Kitchen,East,Patna,7427.07,3,0,22281.22,22281.22,UPI,5.0
ORD104045,2025-11-30,Home & Kitchen,North,Jaipur,6979.82,5,25,34899.08,26174.31,Credit Card,5.0
ORD102224,2025-11-30,Toys,North,Delhi,883.61,2,0,1767.22,1767.22,Net Banking,4.0
ORD100037,2025-11-30,Sports,West,Mumbai,6561.28,4,0,26245.13,26245.13,Net Banking,3.5
ORD104093,2025-11-30,Beauty,South,Coimbatore,929.67,5,15,4648.36,3951.11,Net Banking,4.8
ORD101646,2025-11-30,Electronics,North,Chandigarh,32947.54,1,10,32947.54,29652.79,UPI,3.8
ORD101617,2025-11-30,Electronics,South,Chennai,17332.91,1,0,17332.91,17332.91,Debit Card,3.1
ORD103520,2025-12-01,Home & Kitchen,East,Patna,1799.07,3,25,5397.21,4047.91,UPI,3.9
ORD100005,2025-12-01,Toys,West,Mumbai,3150.15,4,10,12600.6,11340.54,Cash on Delivery,4.9
ORD102999,2025-12-01,Toys,South,Chennai,2768.62,4,0,11074.5,11074.5,UPI,3.0
ORD104202,2025-12-01,Books,West,Surat,986.66,5,0,4933.3,4933.3,Cash on Delivery,5.0
ORD101185,2025-12-01,Clothing,East,Guwahati,2393.49,4,5,9573.97,9095.27,UPI,4.2
ORD102635,2025-12-01,Sports,North,Delhi,9637.01,5,0,48185.04,48185.04,UPI,4.8
ORD103219,2025-12-01,Beauty,North,Jaipur,578.51,1,20,578.51,462.81,Cash on Delivery,4.5
ORD102318,2025-12-02,Toys,East,Kolkata,619.04,5,0,3095.2,3095.2,UPI,3.8
ORD101333,2025-12-02,Toys,East,Bhubaneswar,512.95,3,10,1538.84,1384.96,UPI,3.7
ORD100085,2025-12-02,Books,North,Delhi,982.72,3,10,2948.15,2653.33,UPI,4.1
ORD103084,2025-12-02,Books,North,Chandigarh,314.97,5,0,1574.85,1574.85,UPI,4.2
ORD104115,2025-12-02,Toys,West,Ahmedabad,577.77,5,10,2888.87,2599.98,Net Banking,3.6
ORD103644,2025-12-03,Electronics,West,Surat,34405.75,1,10,34405.75,30965.17,Debit Card,3.6
ORD102431,2025-12-03,Books,East,Bhubaneswar,371.34,3,10,1114.03,1002.62,Debit Card,5.0
ORD103568,2025-12-03,Electronics,North,Delhi,25980.79,4,15,103923.14,88334.67,UPI,3.5
ORD100073,2025-12-03,Home & Kitchen,East,Kolkata,2685.78,3,10,8057.34,7251.6,Credit Card,4.5
ORD102468,2025-12-03,Sports,South,Hyderabad,10201.8,2,0,20403.6,20403.6,Cash on Delivery,3.9
ORD102639,2025-12-03,Home & Kitchen,South,Bengaluru,392.96,2,10,785.93,707.33,Debit Card,3.5
ORD102901,2025-12-04,Clothing,East,Bhubaneswar,3621.71,5,0,18108.56,18108.56,UPI,4.8
ORD104713,2025-12-04,Electronics,South,Coimbatore,10978.96,5,0,54894.8,54894.8,UPI,5.0
ORD103228,2025-12-04,Electronics,East,Guwahati,36379.05,4,10,145516.2,130964.58,UPI,3.9
ORD102044,2025-12-04,Sports,East,Bhubaneswar,10470.32,2,5,20940.65,19893.62,UPI,4.2
ORD103499,2025-12-04,Beauty,South,Chennai,2626.99,4,0,10507.98,10507.98,Credit Card,4.1
ORD100454,2025-12-04,Sports,East,Kolkata,5544.27,1,25,5544.27,4158.2,Credit Card,2.5
ORD102784,2025-12-04,Electronics,West,Mumbai,37169.69,2,0,74339.39,74339.39,Debit Card,4.4
ORD102736,2025-12-04,Beauty,North,Lucknow,1421.55,2,15,2843.09,2416.63,UPI,4.0
ORD101679,2025-12-04,Electronics,North,Chandigarh,28648.33,1,5,28648.33,27215.91,Cash on Delivery,2.8
ORD103243,2025-12-04,Beauty,West,Surat,1761.63,4,0,7046.51,7046.51,Debit Card,4.0
ORD100704,2025-12-04,Beauty,South,Bengaluru,420.1,1,0,420.1,420.1,Credit Card,4.8
ORD100787,2025-12-04,Sports,South,Bengaluru,5723.56,3,25,17170.68,12878.01,Credit Card,3.6
ORD101672,2025-12-05,Beauty,West,Mumbai,2128.74,3,20,6386.22,5108.97,Credit Card,3.9
ORD101502,2025-12-05,Clothing,South,Coimbatore,1496.47,5,0,7482.34,7482.34,Cash on Delivery,4.5
ORD101339,2025-12-05,Electronics,East,Guwahati,22510.82,1,0,22510.82,22510.82,Credit Card,3.9
ORD100300,2025-12-06,Clothing,South,Bengaluru,2707.92,1,10,2707.92,2437.13,UPI,4.7
ORD101943,2025-12-07,Electronics,East,Bhubaneswar,56664.02,4,0,226656.08,226656.08,UPI,4.7
ORD104071,2025-12-07,Books,East,Bhubaneswar,610.22,5,10,3051.09,2745.98,Debit Card,4.2
ORD101712,2025-12-07,Toys,North,Chandigarh,2966.76,3,15,8900.27,7565.23,Cash on Delivery,5.0
ORD101267,2025-12-07,Sports,North,Chandigarh,3812.13,4,10,15248.52,13723.67,UPI,5.0
ORD103412,2025-12-08,Home & Kitchen,South,Chennai,3004.06,1,0,3004.06,3004.06,Credit Card,3.8
ORD102861,2025-12-08,Books,East,Kolkata,826.34,2,25,1652.67,1239.51,Net Banking,3.5
ORD102473,2025-12-08,Beauty,South,Hyderabad,771.9,1,5,771.9,733.31,Credit Card,4.3
ORD103128,2025-12-08,Beauty,North,Chandigarh,833.76,3,0,2501.27,2501.27,Debit Card,3.8
ORD102242,2025-12-08,Electronics,South,Coimbatore,4414.05,1,0,4414.05,4414.05,UPI,3.6
ORD104036,2025-12-09,Sports,East,Bhubaneswar,9995.6,4,5,39982.4,37983.28,Credit Card,3.7
ORD100742,2025-12-09,Clothing,West,Pune,3770.27,5,0,18851.35,18851.35,Debit Card,3.7
ORD104844,2025-12-09,Electronics,West,Surat,39311.1,5,15,196555.49,167072.16,UPI,3.7
ORD104866,2025-12-09,Sports,South,Coimbatore,6723.08,5,10,33615.4,30253.86,Cash on Delivery,4.3
ORD101264,2025-12-09,Clothing,West,Pune,1553.39,3,0,4660.17,4660.17,Debit Card,3.7
ORD102936,2025-12-09,Toys,East,Kolkata,3150.1,1,10,3150.1,2835.09,UPI,4.8
ORD100716,2025-12-09,Books,East,Patna,1003.78,4,10,4015.11,3613.59,Debit Card,2.4
ORD102775,2025-12-10,Clothing,North,Chandigarh,3340.67,2,0,6681.33,6681.33,Credit Card,4.0
ORD101166,2025-12-10,Home & Kitchen,East,Kolkata,7112.84,4,10,28451.36,25606.22,Net Banking,4.6
ORD101410,2025-12-10,Toys,North,Lucknow,1614.36,2,10,3228.71,2905.84,Net Banking,5.0
ORD101510,2025-12-10,Beauty,East,Kolkata,981.3,2,5,1962.6,1864.47,UPI,4.5
ORD100182,2025-12-10,Toys,East,Bhubaneswar,1880.22,5,0,9401.11,9401.11,UPI,4.7
ORD100934,2025-12-10,Electronics,West,Ahmedabad,7760.12,5,10,38800.62,34920.56,UPI,3.6
ORD102758,2025-12-10,Home & Kitchen,East,Patna,3012.62,4,25,12050.5,9037.87,Credit Card,2.5
ORD100225,2025-12-10,Electronics,East,Patna,15435.25,5,0,77176.26,77176.26,UPI,4.3
ORD100252,2025-12-11,Toys,South,Bengaluru,2573.36,2,0,5146.72,5146.72,Debit Card,3.2
ORD101423,2025-12-11,Electronics,East,Kolkata,34209.59,1,0,34209.59,34209.59,Credit Card,4.4
ORD101519,2025-12-11,Electronics,North,Chandigarh,2777.16,3,0,8331.49,8331.49,Credit Card,4.4
ORD102078,2025-12-11,Home & Kitchen,South,Chennai,1454.27,4,0,5817.07,5817.07,Debit Card,3.1
ORD102251,2025-12-12,Home & Kitchen,East,Patna,1620.43,3,15,4861.29,4132.09,Debit Card,3.5
ORD101103,2025-12-12,Electronics,East,Patna,15873.75,2,25,31747.5,23810.62,UPI,4.9
ORD103101,2025-12-13,Clothing,North,Delhi,3950.98,5,5,19754.91,18767.17,Credit Card,5.0
ORD104566,2025-12-13,Toys,East,Kolkata,2522.9,2,5,5045.8,4793.51,Credit Card,4.7
ORD101374,2025-12-13,Toys,North,Lucknow,3136.77,2,0,6273.53,6273.53,UPI,3.9
ORD103707,2025-12-13,Toys,South,Hyderabad,2360.59,1,25,2360.59,1770.44,Credit Card,4.0
ORD103297,2025-12-13,Toys,West,Pune,1811.19,3,0,5433.57,5433.57,Debit Card,4.9
ORD100634,2025-12-14,Home & Kitchen,West,Mumbai,2614.51,5,15,13072.57,11111.69,UPI,3.8
ORD104281,2025-12-14,Sports,South,Chennai,6674.28,1,0,6674.28,6674.28,Debit Card,3.3
ORD100748,2025-12-14,Home & Kitchen,South,Hyderabad,5530.43,2,0,11060.86,11060.86,UPI,2.8
ORD101799,2025-12-14,Toys,South,Coimbatore,2422.73,1,15,2422.73,2059.32,UPI,3.3
ORD103906,2025-12-14,Toys,South,Bengaluru,2651.56,2,5,5303.13,5037.97,Credit Card,4.3
ORD101281,2025-12-14,Clothing,South,Hyderabad,3606.9,2,20,7213.81,5771.04,UPI,4.0
ORD101870,2025-12-14,Toys,East,Patna,1805.3,4,5,7221.19,6860.13,UPI,5.0
ORD100894,2025-12-14,Home & Kitchen,East,Kolkata,7816.76,5,25,39083.78,29312.84,Net Banking,3.0
ORD104483,2025-12-14,Electronics,West,Surat,18776.83,2,15,37553.65,31920.6,Credit Card,4.4
ORD102116,2025-12-15,Clothing,North,Delhi,1966.02,1,10,1966.02,1769.42,Credit Card,4.0
ORD102502,2025-12-15,Toys,West,Surat,1039.66,3,0,3118.97,3118.97,Cash on Delivery,3.6
ORD104028,2025-12-15,Books,East,Patna,1040.47,3,10,3121.42,2809.28,Net Banking,3.1
ORD100963,2025-12-15,Clothing,North,Lucknow,3867.62,2,15,7735.24,6574.96,Debit Card,4.0
ORD104877,2025-12-15,Sports,West,Ahmedabad,1622.14,5,0,8110.69,8110.69,Debit Card,5.0
ORD103498,2025-12-15,Books,East,Patna,927.35,4,15,3709.39,3152.98,Cash on Delivery,5.0
ORD104216,2025-12-16,Electronics,West,Mumbai,54606.87,2,0,109213.75,109213.75,UPI,4.2
ORD104743,2025-12-16,Toys,East,Guwahati,2562.28,4,10,10249.13,9224.22,Debit Card,4.4
ORD103656,2025-12-16,Electronics,East,Patna,28898.21,5,5,144491.04,137266.49,Debit Card,4.0
ORD104658,2025-12-16,Clothing,West,Mumbai,2328.02,4,5,9312.07,8846.47,Net Banking,4.5
ORD101682,2025-12-16,Home & Kitchen,West,Ahmedabad,2610.63,2,10,5221.26,4699.13,Net Banking,3.7
ORD101825,2025-12-16,Sports,West,Ahmedabad,5236.04,1,10,5236.04,4712.44,Cash on Delivery,4.1
ORD100758,2025-12-17,Clothing,North,Lucknow,2615.78,4,20,10463.12,8370.5,Cash on Delivery,3.9
ORD101767,2025-12-17,Toys,South,Chennai,1373.92,2,0,2747.84,2747.84,UPI,4.7
ORD100568,2025-12-18,Toys,South,Hyderabad,3160.26,3,20,9480.77,7584.62,Debit Card,3.9
ORD103105,2025-12-18,Clothing,West,Mumbai,1751.03,4,10,7004.14,6303.72,Debit Card,5.0
ORD101633,2025-12-18,Sports,East,Guwahati,11835.07,4,5,47340.3,44973.28,UPI,3.4
ORD104640,2025-12-18,Electronics,East,Bhubaneswar,5194.47,1,0,5194.47,5194.47,Cash on Delivery,3.9
ORD104012,2025-12-18,Electronics,East,Kolkata,20010.42,5,0,100052.12,100052.12,Cash on Delivery,3.3
ORD104332,2025-12-19,Sports,South,Chennai,11170.72,4,0,44682.88,44682.88,Credit Card,4.6
ORD101968,2025-12-19,Beauty,North,Delhi,684.25,4,0,2736.99,2736.99,UPI,4.3
ORD100866,2025-12-19,Clothing,South,Coimbatore,1371.96,1,5,1371.96,1303.36,Cash on Delivery,5.0
ORD104697,2025-12-19,Sports,South,Bengaluru,4929.36,5,0,24646.78,24646.78,Credit Card,5.0
ORD100302,2025-12-20,Toys,East,Patna,3061.36,5,10,15306.82,13776.14,UPI,5.0
ORD103522,2025-12-20,Books,East,Guwahati,736.3,2,5,1472.6,1398.97,Debit Card,4.0
ORD103807,2025-12-20,Clothing,South,Chennai,2152.87,3,0,6458.61,6458.61,Credit Card,4.2
ORD102176,2025-12-20,Clothing,North,Jaipur,3790.5,5,0,18952.52,18952.52,Debit Card,2.7
ORD100088,2025-12-20,Electronics,East,Kolkata,3446.18,1,10,3446.18,3101.56,Cash on Delivery,3.0
ORD101768,2025-12-21,Electronics,East,Patna,4980.86,1,0,4980.86,4980.86,Debit Card,4.1
ORD104709,2025-12-21,Books,West,Ahmedabad,633.54,3,15,1900.62,1615.53,UPI,2.8
ORD104932,2025-12-21,Clothing,North,Delhi,1787.58,3,25,5362.73,4022.05,Debit Card,2.7
ORD104901,2025-12-21,Clothing,South,Coimbatore,2509.82,2,15,5019.64,4266.69,UPI,4.8
ORD101287,2025-12-21,Toys,South,Hyderabad,1338.3,3,5,4014.91,3814.16,Cash on Delivery,3.8
ORD103918,2025-12-21,Electronics,South,Coimbatore,26791.12,4,0,107164.46,107164.46,Credit Card,3.9
ORD104557,2025-12-21,Beauty,South,Hyderabad,271.03,3,5,813.1,772.44,Debit Card,4.1
ORD104436,2025-12-21,Electronics,East,Bhubaneswar,20396.84,4,5,81587.35,77507.98,Net Banking,3.8
ORD103200,2025-12-22,Electronics,East,Guwahati,37188.18,4,5,148752.74,141315.1,Net Banking,4.0
ORD104883,2025-12-22,Electronics,East,Kolkata,38799.54,1,0,38799.54,38799.54,UPI,4.4
ORD101460,2025-12-22,Sports,North,Delhi,3801.26,5,0,19006.29,19006.29,UPI,4.2
ORD101192,2025-12-23,Clothing,South,Bengaluru,2504.7,5,5,12523.52,11897.35,Credit Card,4.1
ORD101863,2025-12-23,Electronics,North,Lucknow,23023.45,2,0,46046.91,46046.91,Net Banking,2.2
ORD103709,2025-12-23,Electronics,North,Lucknow,1764.07,1,0,1764.07,1764.07,UPI,4.3
ORD103040,2025-12-24,Books,West,Pune,1101.15,1,15,1101.15,935.98,Debit Card,4.0
ORD100973,2025-12-24,Beauty,East,Guwahati,1765.43,2,0,3530.87,3530.87,Credit Card,5.0
ORD100708,2025-12-24,Sports,South,Hyderabad,5838.15,3,0,17514.44,17514.44,Debit Card,3.9
ORD101877,2025-12-25,Sports,East,Guwahati,4173.57,3,5,12520.72,11894.69,UPI,3.7
ORD102804,2025-12-25,Toys,South,Chennai,1046.66,2,0,2093.32,2093.32,UPI,4.0
ORD103698,2025-12-25,Beauty,East,Guwahati,1966.55,4,10,7866.19,7079.57,UPI,3.6
ORD101022,2025-12-25,Books,South,Chennai,531.15,5,15,2655.76,2257.39,Net Banking,3.8
ORD103014,2025-12-25,Sports,South,Chennai,1777.41,3,0,5332.22,5332.22,Credit Card,4.5
ORD102074,2025-12-25,Toys,East,Guwahati,267.36,2,15,534.73,454.52,Net Banking,5.0
ORD102588,2025-12-25,Home & Kitchen,East,Guwahati,5954.12,4,10,23816.48,21434.84,Cash on Delivery,4.0
ORD100087,2025-12-25,Toys,South,Bengaluru,1418.15,4,5,5672.6,5388.97,UPI,4.7
ORD104260,2025-12-26,Home & Kitchen,North,Lucknow,786.52,2,10,1573.03,1415.73,Cash on Delivery,4.2
ORD103663,2025-12-26,Beauty,East,Patna,2746.47,4,0,10985.88,10985.88,UPI,2.7
ORD100870,2025-12-26,Toys,East,Patna,2143.31,5,0,10716.56,10716.56,UPI,4.4
ORD104900,2025-12-26,Toys,North,Chandigarh,2531.19,5,0,12655.94,12655.94,Debit Card,5.0
ORD102165,2025-12-26,Clothing,East,Kolkata,3476.08,4,5,13904.32,13209.1,Credit Card,3.6
ORD101759,2025-12-26,Sports,North,Chandigarh,7967.81,1,10,7967.81,7171.03,Net Banking,3.2
ORD102916,2025-12-26,Sports,North,Lucknow,431.1,4,5,1724.41,1638.19,Credit Card,3.0
ORD104531,2025-12-26,Electronics,North,Chandigarh,51631.76,2,10,103263.51,92937.16,UPI,4.4
ORD103622,2025-12-26,Beauty,East,Patna,1309.35,3,5,3928.04,3731.64,UPI,3.8
ORD103527,2025-12-26,Home & Kitchen,East,Kolkata,5669.73,1,10,5669.73,5102.76,Credit Card,5.0
ORD100127,2025-12-26,Clothing,South,Hyderabad,3446.87,5,10,17234.33,15510.9,Credit Card,3.8
ORD101129,2025-12-26,Beauty,South,Coimbatore,841.84,5,5,4209.2,3998.74,UPI,3.7
ORD102503,2025-12-26,Beauty,North,Lucknow,849.67,1,0,849.67,849.67,UPI,3.3
ORD104143,2025-12-26,Electronics,West,Mumbai,34668.14,5,0,173340.72,173340.72,Credit Card,3.6
ORD100083,2025-12-27,Clothing,West,Ahmedabad,319.02,3,20,957.05,765.64,UPI,4.6
ORD101407,2025-12-27,Home & Kitchen,North,Delhi,6787.93,1,0,6787.93,6787.93,UPI,3.3
ORD103272,2025-12-27,Home & Kitchen,South,Hyderabad,250.16,2,10,500.32,450.29,UPI,3.2
ORD101538,2025-12-27,Books,South,Bengaluru,887.88,5,5,4439.42,4217.45,Net Banking,4.2
ORD100399,2025-12-27,Clothing,North,Lucknow,3462.08,5,15,17310.42,14713.86,UPI,3.5
ORD104724,2025-12-27,Clothing,South,Bengaluru,3820.05,3,20,11460.15,9168.12,UPI,2.9
ORD103095,2025-12-27,Books,East,Patna,1127.6,4,5,4510.39,4284.87,UPI,2.2
ORD101306,2025-12-27,Toys,North,Lucknow,1845.37,3,0,5536.12,5536.12,Net Banking,4.5
ORD101285,2025-12-27,Clothing,South,Hyderabad,2339.31,2,5,4678.62,4444.69,UPI,5.0
ORD100518,2025-12-27,Beauty,North,Chandigarh,589.93,3,5,1769.79,1681.3,UPI,4.2
ORD102259,2025-12-27,Beauty,North,Chandigarh,2864.67,4,0,11458.69,11458.69,Debit Card,3.2
ORD101434,2025-12-27,Sports,East,Kolkata,11297.8,5,5,56489.02,53664.57,UPI,3.6
ORD100124,2025-12-28,Toys,South,Coimbatore,3453.15,5,0,17265.76,17265.76,Debit Card,2.3
ORD103015,2025-12-28,Sports,East,Bhubaneswar,8124.18,4,5,32496.73,30871.9,Credit Card,4.7
ORD104203,2025-12-28,Sports,West,Ahmedabad,1745.04,2,10,3490.08,3141.07,Cash on Delivery,4.6
ORD102715,2025-12-28,Clothing,East,Guwahati,1132.75,4,25,4530.99,3398.24,Credit Card,4.1
ORD103738,2025-12-28,Toys,South,Coimbatore,938.63,4,0,3754.51,3754.51,Debit Card,5.0
ORD103159,2025-12-28,Home & Kitchen,North,Jaipur,7156.97,1,25,7156.97,5367.73,Debit Card,3.5
ORD104974,2025-12-28,Clothing,North,Chandigarh,1263.05,1,0,1263.05,1263.05,UPI,4.2
ORD103980,2025-12-28,Clothing,North,Chandigarh,3271.28,5,15,16356.41,13902.95,Debit Card,3.7
ORD104152,2025-12-29,Home & Kitchen,East,Guwahati,7193.38,1,0,7193.38,7193.38,Cash on Delivery,4.3
ORD103819,2025-12-29,Beauty,West,Pune,539.52,1,20,539.52,431.61,Debit Card,3.7
ORD101780,2025-12-29,Clothing,North,Delhi,383.03,2,25,766.06,574.55,Cash on Delivery,4.4
ORD103694,2025-12-29,Clothing,West,Surat,1617.51,2,0,3235.02,3235.02,Cash on Delivery,3.5
ORD102817,2025-12-29,Home & Kitchen,South,Hyderabad,5515.71,5,15,27578.54,23441.76,Net Banking,4.6
ORD100533,2025-12-29,Electronics,West,Surat,9557.11,1,0,9557.11,9557.11,UPI,4.8
ORD100555,2025-12-29,Home & Kitchen,East,Kolkata,863.34,1,0,863.34,863.34,Cash on Delivery,4.5
ORD100075,2025-12-30,Clothing,South,Bengaluru,3225.56,1,0,3225.56,3225.56,UPI,4.7
ORD102852,2025-12-30,Electronics,South,Coimbatore,22708.9,3,20,68126.71,54501.37,Cash on Delivery,5.0
ORD103203,2025-12-30,Home & Kitchen,East,Kolkata,1457.22,2,15,2914.44,2477.27,UPI,3.3
ORD100847,2025-12-30,Clothing,West,Mumbai,2123.17,1,0,2123.17,2123.17,Cash on Delivery,5.0
ORD100223,2025-12-30,Home & Kitchen,West,Pune,2238.9,3,5,6716.7,6380.86,Debit Card,4.3
ORD104750,2025-12-30,Clothing,West,Ahmedabad,1603.54,1,10,1603.54,1443.19,Credit Card,3.3
ORD103503,2025-12-31,Home & Kitchen,East,Kolkata,1778.54,4,5,7114.14,6758.44,Net Banking,4.1
ORD104301,2025-12-31,Electronics,East,Patna,18237.69,1,0,18237.69,18237.69,Credit Card,4.4
ORD101667,2025-12-31,Beauty,South,Coimbatore,851.27,3,0,2553.8,2553.8,UPI,3.4
ORD102445,2025-12-31,Electronics,West,Mumbai,55271.56,2,0,110543.11,110543.11,Cash on Delivery,3.2
ORD101325,2025-12-31,Toys,West,Pune,3126.29,3,20,9378.88,7503.1,Credit Card,4.0
ORD102669,2025-12-31,Books,North,Chandigarh,612.97,5,10,3064.87,2758.39,Debit Card,5.0
